STATEFP,COUNTYFP,COUNTYNS,AFFGEOID,GEOID,NAME_x,NAMELSAD,STUSPS,STATE_NAME,LSAD,ALAND,AWATER,county_fips,B01003_001E,B02001_002E,B02001_003E,B02001_004E,B02001_005E,B02001_006E,B02001_008E,B03003_003E,NAME_y,pct_white,pct_black,pct_aian,pct_asian,pct_nhpi,pct_two_or_more,pct_hispanic
17,127,01784730,0500000US17127,17127,Massac,Massac County,IL,Illinois,06,614218330,12784614,17127,13865,11970,934,17,39,0,859,397,"Massac County, Illinois",86.332491886044,6.7363865849260725,0.12261089073205914,0.281283808150018,0.0,6.195456184637576,2.8633249188604397
27,017,00659454,0500000US27017,27017,Carlton,Carlton County,MN,Minnesota,06,2230473967,36173451,27017,36518,31966,789,1220,196,13,2128,711,"Carlton County, Minnesota",87.53491428884385,2.1605783449257903,3.3408182266279645,0.5367216167369516,0.035598882742757,5.82726326742976,1.9469850484692481
37,181,01008591,0500000US37181,37181,Vance,Vance County,NC,North Carolina,06,653701481,42190675,37181,42322,16070,20032,509,288,0,2978,4006,"Vance County, North Carolina",37.97079533103351,47.33235669391806,1.202684183167147,0.6804971409668731,0.0,7.036529464581069,9.4655262038656
47,079,01639755,0500000US47079,47079,Henry,Henry County,TN,Tennessee,06,1455320362,81582236,47079,32412,28116,2141,129,180,17,1683,977,"Henry County, Tennessee",86.74564975934838,6.605578180920648,0.39800074046649386,0.5553498704183636,0.05244970998395656,5.192521288411699,3.014315685548562
06,021,00277275,0500000US06021,06021,Glenn,Glenn County,CA,California,06,3403160299,33693344,06021,28494,15749,62,434,856,0,4979,12820,"Glenn County, California",55.27128518284551,0.21758966800028076,1.5231276760019654,3.0041412227135535,0.0,17.473854144732222,44.991928125219346
17,093,00424248,0500000US17093,17093,Kendall,Kendall County,IL,Illinois,06,829412771,5136525,17093,137675,89865,10573,929,4997,0,24391,30872,"Kendall County, Illinois",65.27328854185582,7.679680406755039,0.6747775558380243,3.629562375158889,0.0,17.71636099509715,22.423824223715272
19,095,00465236,0500000US19095,19095,Iowa,Iowa County,IA,Iowa,06,1518911690,2686847,19095,16507,15533,54,15,40,0,672,564,"Iowa County, Iowa",94.09947295086933,0.3271339431756225,0.09087053977100623,0.24232143938934997,0.0,4.07100018174108,3.416732295389835
22,003,00558397,0500000US22003,22003,Allen,Allen Parish,LA,Louisiana,15,1973788820,10457653,22003,22477,15437,4756,255,163,0,1717,1353,"Allen Parish, Louisiana",68.67909418516706,21.15940739422521,1.1344930373270454,0.7251857454286604,0.0,7.638919784668772,6.019486586288206
18,055,00451676,0500000US18055,18055,Greene,Greene County,IN,Indiana,06,1404983953,8919619,18055,31021,29734,147,26,75,0,746,649,"Greene County, Indiana",95.85119757583573,0.47387253795815737,0.08381419038715708,0.24177170303987622,0.0,2.404822539569969,2.092131136971729
33,001,00873174,0500000US33001,33001,Belknap,Belknap County,NH,New Hampshire,06,1040779612,176541258,33001,64659,60232,342,20,744,18,2482,1467,"Belknap County, New Hampshire",93.15331199059682,0.5289286874217046,0.030931502188403782,1.1506518814086206,0.027838351969563403,3.838599421580909,2.2688256855194173
46,065,01265774,0500000US46065,46065,Hughes,Hughes County,SD,South Dakota,06,1920546198,153323261,46065,17664,14252,9,1941,116,0,1149,580,"Hughes County, South Dakota",80.6838768115942,0.050951086956521736,10.988451086956522,0.6567028985507246,0.0,6.504755434782608,3.283514492753623
55,027,01581073,0500000US55027,55027,Dodge,Dodge County,WI,Wisconsin,06,2268049871,81331258,55027,88742,78439,2268,524,554,21,5625,5941,"Dodge County, Wisconsin",88.38993937481689,2.555723332807464,0.5904757611953754,0.6242816253859503,0.023664104933402447,6.338599535732799,6.694687971873521
28,125,00695783,0500000US28125,28125,Sharkey,Sharkey County,MS,Mississippi,06,1118149684,8806463,28125,3872,904,2933,0,6,12,14,15,"Sharkey County, Mississippi",23.34710743801653,75.74896694214877,0.0,0.15495867768595042,0.30991735537190085,0.3615702479338843,0.38739669421487605
18,103,00450373,0500000US18103,18103,Miami,Miami County,IN,Indiana,06,968246954,9184623,18103,35712,31507,1338,98,228,85,1999,1327,"Miami County, Indiana",88.22524641577061,3.7466397849462365,0.2744175627240143,0.6384408602150538,0.2380152329749104,5.597558243727598,3.715837813620072
20,189,00485056,0500000US20189,20189,Stevens,Stevens County,KS,Kansas,06,1883593921,464936,20189,5162,3483,6,1,12,0,1101,2018,"Stevens County, Kansas",67.47384734598992,0.1162340178225494,0.019372336303758234,0.2324680356450988,0.0,21.328942270437814,39.09337466098412
47,047,01639742,0500000US47047,47047,Fayette,Fayette County,TN,Tennessee,06,1825359642,3774635,47047,43267,28511,10858,20,302,16,2292,1645,"Fayette County, Tennessee",65.89548616728685,25.0953382485497,0.04622460535743176,0.6979915408972196,0.03697968428594541,5.29733977396168,3.8019737906487627
01,017,00161534,0500000US01017,01017,Chambers,Chambers County,AL,Alabama,06,1545068570,16988729,01017,34192,18794,13131,51,81,3,1184,1372,"Chambers County, Alabama",54.96607393542349,38.40372016846046,0.14915769770706597,0.23689751988769303,0.008773982218062705,3.462798315395414,4.01263453439401
18,127,00450382,0500000US18127,18127,Porter,Porter County,IN,Indiana,06,1082907704,268619696,18127,174818,146281,7813,202,2597,11,13350,20367,"Porter County, Indiana",83.67616606985551,4.469219416764864,0.11554874212037662,1.4855449667654361,0.006292258234277935,7.636513402510039,11.650402132503517
25,011,00606932,0500000US25011,25011,Franklin,Franklin County,MA,Massachusetts,06,1810939913,65598236,25011,70944,63125,956,82,1439,21,4197,3839,"Franklin County, Massachusetts",88.97863103292738,1.3475417230491655,0.11558412268831755,2.028360396932792,0.029600811907983762,5.915933694181326,5.411310329273793
30,051,01720036,0500000US30051,30051,Liberty,Liberty County,MT,Montana,06,3703651373,44411471,30051,1952,1823,0,46,14,0,62,1,"Liberty County, Montana",93.39139344262296,0.0,2.3565573770491803,0.7172131147540983,0.0,3.1762295081967213,0.05122950819672131
48,273,01383922,0500000US48273,48273,Kleberg,Kleberg County,TX,Texas,06,2282572444,541041659,48273,30579,12881,1159,208,395,0,14441,21825,"Kleberg County, Texas",42.12367964943262,3.790182805193106,0.6802053696981588,1.2917361588017922,0.0,47.22521992216881,71.37251054645346
12,007,00303634,0500000US12007,12007,Bradford,Bradford County,FL,Florida,06,761368539,16898784,12007,27885,20742,4472,18,198,0,2209,1407,"Bradford County, Florida",74.38407746100054,16.037296037296038,0.064550833781603,0.7100591715976331,0.0,7.921821767975615,5.045723507261969
17,057,00424230,0500000US17057,17057,Fulton,Fulton County,IL,Illinois,06,2242109836,43927321,17057,33020,30518,966,126,100,0,990,830,"Fulton County, Illinois",92.42277407631738,2.9254996971532403,0.38158691701998787,0.30284675953967294,0.0,2.9981829194427623,2.5136281041792854
27,065,00659478,0500000US27065,27065,Kanabec,Kanabec County,MN,Minnesota,06,1350962864,31252182,27065,16390,15337,143,106,88,14,642,296,"Kanabec County, Minnesota",93.57535082367298,0.87248322147651,0.6467358145210494,0.5369127516778524,0.08541793776693106,3.9170225747406957,1.8059792556436853
20,067,00485099,0500000US20067,20067,Grant,Grant County,KS,Kansas,06,1488745965,871232,20067,7229,4417,13,132,9,0,2298,3858,"Grant County, Kansas",61.10112048692765,0.1798312353022548,1.8259786969152025,0.12449854751694564,0.0,31.78862913266012,53.368377368930695
46,035,01266980,0500000US46035,46035,Davison,Davison County,SD,South Dakota,06,1128284973,3404556,46035,19952,17917,133,824,99,0,692,1017,"Davison County, South Dakota",89.80052125100241,0.6665998396150762,4.1299117882919,0.49619085805934243,0.0,3.468323977546111,5.097233360064154
48,011,01383791,0500000US48011,48011,Armstrong,Armstrong County,TX,Texas,06,2354617585,12183672,48011,1822,1638,11,19,29,0,65,218,"Armstrong County, Texas",89.90120746432491,0.6037321624588364,1.0428100987925357,1.5916575192096598,0.0,3.5675082327113063,11.964873765093303
51,740,01498556,0500000US51740,51740,Portsmouth,Portsmouth city,VA,Virginia,25,86248205,34658275,51740,97190,35186,49167,299,1673,46,8731,5225,"Portsmouth city, Virginia",36.203313098055354,50.588537915423395,0.30764481942586686,1.7213705113694824,0.04732997221936413,8.983434509723223,5.3760674966560345
72,043,01804501,0500000US72043,72043,Coamo,Coamo Municipio,PR,Puerto Rico,13,202052321,38061,72043,33998,2166,786,131,0,0,29288,33813,"Coamo Municipio, Puerto Rico",6.370962997823401,2.311900700041179,0.3853167833401965,0.0,0.0,86.1462438966998,99.45585034413789
31,147,00835895,0500000US31147,31147,Richardson,Richardson County,NE,Nebraska,06,1429261302,7077610,31147,7751,7057,76,121,9,0,477,187,"Richardson County, Nebraska",91.04631660430911,0.9805186427557735,1.5610888917559025,0.11611404980002579,0.0,6.154044639401367,2.4125919236227586
26,037,01622961,0500000US26037,26037,Clinton,Clinton County,MI,Michigan,06,1469427623,18687990,26037,79626,70643,1541,229,1226,7,4714,4147,"Clinton County, Michigan",88.71850902971391,1.9352975158867705,0.2875945043076382,1.539698088564037,0.008791098384949639,5.920176826664657,5.208097857483737
27,159,00659524,0500000US27159,27159,Wadena,Wadena County,MN,Minnesota,06,1389132780,18009881,27159,14256,12328,243,30,44,0,1574,345,"Wadena County, Minnesota",86.47586980920315,1.7045454545454544,0.21043771043771042,0.30864197530864196,0.0,11.040965207631874,2.42003367003367
48,171,01383871,0500000US48171,48171,Gillespie,Gillespie County,TX,Texas,06,2740731307,9000601,48171,27524,22545,86,124,116,45,3017,6307,"Gillespie County, Texas",81.91033280046504,0.31245458508937657,0.4505159133846825,0.4214503705856707,0.16349367824444122,10.961342828077314,22.914547304170902
13,137,00351383,0500000US13137,13137,Habersham,Habersham County,GA,Georgia,06,717081399,5672376,13137,47793,37564,1542,286,1162,13,4653,7681,"Habersham County, Georgia",78.5972841211056,3.226413909986818,0.598413993681083,2.4313183939070577,0.027200636076412862,9.735735358734543,16.071391207917475
19,155,00465266,0500000US19155,19155,Pottawattamie,Pottawattamie County,IA,Iowa,06,2463774735,20387191,19155,93424,81761,1810,253,829,163,6525,8536,"Pottawattamie County, Iowa",87.51605583147798,1.937403665011132,0.27080835759547867,0.8873522863504025,0.17447336872752184,6.9842866929268705,9.136838499743106
25,019,00606936,0500000US25019,25019,Nantucket,Nantucket County,MA,Massachusetts,06,119637319,666826424,25019,14483,10090,1372,8,251,0,1799,2467,"Nantucket County, Massachusetts",69.66788648760615,9.473175447075882,0.055237174618518264,1.7330663536560105,0.0,12.421459642339293,17.03376372298557
27,027,00659459,0500000US27027,27027,Clay,Clay County,MN,Minnesota,06,2706993094,19303392,27027,66059,56092,3217,551,1059,44,4407,3290,"Clay County, Minnesota",84.91197263052726,4.869889038586718,0.8341028474545481,1.6031123692456744,0.06660712393466446,6.671308981365143,4.980396312387411
31,177,00835910,0500000US31177,31177,Washington,Washington County,NE,Nebraska,06,1009985089,8392879,31177,21106,19814,56,51,45,0,1010,702,"Washington County, Nebraska",93.87851795697905,0.2653273950535393,0.2416374490666161,0.21320951388230833,0.0,4.785369089358476,3.3260684165640106
47,165,01639794,0500000US47165,47165,Sumner,Sumner County,TN,Tennessee,06,1371278942,38053791,47165,204424,162961,17412,531,3242,70,13947,14779,"Sumner County, Tennessee",79.71715649825852,8.517590889523735,0.25975423629319455,1.5859194615113685,0.034242554690251635,6.82258443235628,7.229581653817556
20,031,00484985,0500000US20031,20031,Coffey,Coffey County,KS,Kansas,06,1623623909,70470788,20031,8308,7645,52,58,77,0,411,321,"Coffey County, Kansas",92.01974000962927,0.6259027443428021,0.6981222917669716,0.9268175252768416,0.0,4.947038998555609,3.8637457871930665
21,211,00516952,0500000US21211,21211,Shelby,Shelby County,KY,Kentucky,06,983652108,15210913,21211,49096,39480,1919,209,477,0,5732,5399,"Shelby County, Kentucky",80.41388300472543,3.9086687306501546,0.42569659442724456,0.9715659116832328,0.0,11.675085546684047,10.996822551735375
28,111,00695778,0500000US28111,28111,Perry,Perry County,MS,Mississippi,06,1676452290,7561701,28111,11449,8873,1758,5,239,12,535,216,"Perry County, Mississippi",77.50021835968207,15.35505284304306,0.04367193641366058,2.087518560572976,0.1048126473927854,4.672897196261682,1.8866276530701374
17,053,00424228,0500000US17053,17053,Ford,Ford County,IL,Illinois,06,1257690126,1640595,17053,13406,12111,71,4,55,0,763,707,"Ford County, Illinois",90.34014620319259,0.5296136058481277,0.02983738624496494,0.41026406086826794,0.0,5.691481426227062,5.273758018797553
40,127,01101851,0500000US40127,40127,Pushmataha,Pushmataha County,OK,Oklahoma,06,3614429654,69991694,40127,10790,7511,157,1802,40,27,1119,467,"Pushmataha County, Oklahoma",69.61075069508804,1.4550509731232624,16.70064874884152,0.3707136237256719,0.2502316960148286,10.370713623725672,4.328081556997219
40,105,01101840,0500000US40105,40105,Nowata,Nowata County,OK,Oklahoma,06,1465460409,38903890,40105,9435,6174,165,1475,66,0,1420,300,"Nowata County, Oklahoma",65.43720190779014,1.7488076311605723,15.633280339162692,0.699523052464229,0.0,15.05034446210917,3.1796502384737675
48,209,01383890,0500000US48209,48209,Hays,Hays County,TX,Texas,06,1753038966,5043724,48209,268638,162563,11062,1966,5497,375,66885,105942,"Hays County, Texas",60.51377690423544,4.117809096255928,0.7318398737334256,2.0462481108406108,0.13959305831639604,24.8978178813124,39.436714091081676
55,063,01581091,0500000US55063,55063,La Crosse,La Crosse County,WI,Wisconsin,06,1170175855,73149624,55063,120488,106232,1819,426,5423,26,5129,3269,"La Crosse County, Wisconsin",88.16811632693712,1.5096939114268642,0.3535621804661045,4.500863156496913,0.02157891242281389,4.256855454485094,2.7131332580837926
29,039,00758474,0500000US29039,29039,Cedar,Cedar County,MO,Missouri,06,1228870903,62637821,29039,14615,13588,72,49,4,0,723,320,"Cedar County, Missouri",92.97297297297298,0.49264454327745466,0.3352719808416011,0.027369141293191925,0.0,4.9469722887444405,2.189531303455354
19,189,00465283,0500000US19189,19189,Winnebago,Winnebago County,IA,Iowa,06,1037261956,3182049,19189,10583,9463,237,22,140,0,634,619,"Winnebago County, Iowa",89.41698951148066,2.2394406123027495,0.20788056316734382,1.3228763110649153,0.0,5.990739865822546,5.849003118208448
48,369,01383970,0500000US48369,48369,Parmer,Parmer County,TX,Texas,06,2281317978,11355762,48369,9731,6231,28,56,0,0,2672,6487,"Parmer County, Texas",64.03247353817696,0.2877402116945843,0.5754804233891686,0.0,0.0,27.458637344568903,66.66324118795602
48,329,01383950,0500000US48329,48329,Midland,Midland County,TX,Texas,06,2331915359,4252951,48329,174801,97750,12602,988,4197,45,37589,80341,"Midland County, Texas",55.92073271892038,7.20934090766071,0.5652141578137424,2.4010160124942077,0.025743559819451832,21.503881556741668,45.96140754343511
17,201,01785216,0500000US17201,17201,Winnebago,Winnebago County,IL,Illinois,06,1328792563,15873993,17201,283292,188087,34098,1849,8280,118,33580,44014,"Winnebago County, Illinois",66.39333267441367,12.036344125495955,0.6526834502915719,2.922779323101252,0.041653135280911566,11.85349392146619,15.536619459780015
26,151,01623016,0500000US26151,26151,Sanilac,Sanilac County,MI,Michigan,06,2493048510,1624879474,26151,40462,37745,165,48,115,8,1879,1732,"Sanilac County, Michigan",93.28505758489447,0.40779002520883795,0.11862982551529831,0.2842172902970689,0.019771637585883052,4.643863377984282,4.28055953734368
31,127,00835885,0500000US31127,31127,Nemaha,Nemaha County,NE,Nebraska,06,1055100616,5769944,31127,7046,6321,88,59,10,0,471,229,"Nemaha County, Nebraska",89.7104740278172,1.2489355662787396,0.8373545273914278,0.1419244961680386,0.0,6.684643769514619,3.250070962248084
40,059,01101817,0500000US40059,40059,Harper,Harper County,OK,Oklahoma,06,2689919591,5259447,40059,3203,2345,2,45,2,0,204,784,"Harper County, Oklahoma",73.2126131751483,0.06244146113019045,1.4049328754292851,0.06244146113019045,0.0,6.369029035279425,24.477052763034653
13,123,00351260,0500000US13123,13123,Gilmer,Gilmer County,GA,Georgia,06,1103893380,12276629,13123,32426,27690,90,421,173,0,2819,3989,"Gilmer County, Georgia",85.3944365632517,0.2775550484179362,1.2983408375994572,0.5335224819589219,0.0,8.693640905446246,12.301856534879418
18,005,00451683,0500000US18005,18005,Bartholomew,Bartholomew County,IN,Indiana,06,1053968861,6715105,18005,83536,66196,1545,70,6174,9,5017,7710,"Bartholomew County, Indiana",79.24248228308754,1.8495020111089828,0.08379620762306071,7.390825512353954,0.01077379812296495,6.0057939092127945,9.229553725339972
18,131,00446852,0500000US18131,18131,Pulaski,Pulaski County,IN,Indiana,06,1123212804,2224821,18131,12441,11399,31,7,46,9,574,526,"Pulaski County, Indiana",91.62446748653646,0.24917611124507677,0.05626557350695281,0.3697451973314042,0.07234145165179648,4.613777027570131,4.2279559520938825
26,107,01622996,0500000US26107,26107,Mecosta,Mecosta County,MI,Michigan,06,1437843578,41665709,26107,41242,37208,905,212,299,4,2277,1217,"Mecosta County, Michigan",90.21870908297367,2.1943649677513215,0.5140390863682653,0.724989088792978,0.009698850686193687,5.521070753115756,2.9508753212744288
28,145,00695793,0500000US28145,28145,Union,Union County,MS,Mississippi,06,1076417818,3369003,28145,28122,21547,3831,162,80,0,1615,1365,"Union County, Mississippi",76.61972832657705,13.62278643055259,0.5760614465542991,0.2844747884218761,0.0,5.742834791266624,4.853851077448261
36,093,00974144,0500000US36093,36093,Schenectady,Schenectady County,NY,New York,06,530089712,12366944,36093,160369,110883,16461,625,7947,39,17431,13270,"Schenectady County, New York",69.14241530470353,10.264452606177004,0.38972619396516783,4.955446501505902,0.02431891450342647,10.869307659210945,8.274666550268444
48,189,01383880,0500000US48189,48189,Hale,Hale County,TX,Texas,06,2602109423,246678,48189,32131,16893,1489,523,288,10,6878,19688,"Hale County, Texas",52.5753944788522,4.634153932339485,1.6277115558183686,0.8963306464162336,0.03112259188945255,21.406118701565465,61.27415891195419
54,041,01550027,0500000US54041,54041,Lewis,Lewis County,WV,West Virginia,06,1002143596,7036534,54041,16740,15064,197,19,21,0,1372,232,"Lewis County, West Virginia",89.98805256869773,1.1768219832735962,0.11350059737156512,0.12544802867383512,0.0,8.195937873357229,1.3859020310633214
13,201,00344088,0500000US13201,13201,Miller,Miller County,GA,Georgia,06,731471756,3211332,13201,5850,3796,1648,18,52,11,217,194,"Miller County, Georgia",64.88888888888889,28.170940170940174,0.3076923076923077,0.8888888888888888,0.18803418803418803,3.709401709401709,3.316239316239316
40,099,01101837,0500000US40099,40099,Murray,Murray County,OK,Oklahoma,06,1078405802,22710694,40099,13753,9682,152,1906,0,38,1630,994,"Murray County, Oklahoma",70.3991856322257,1.1052134079837126,13.858794444848396,0.0,0.27630335199592815,11.851959572456918,7.22751399694612
36,051,00974124,0500000US36051,36051,Livingston,Livingston County,NY,New York,06,1636254770,22005357,36051,61498,54973,1223,42,732,33,3542,2857,"Livingston County, New York",89.38989885849946,1.9886825587823995,0.0682949038993138,1.1902826108166118,0.053660281635175125,5.759536895508797,4.645679534293798
28,129,00695785,0500000US28129,28129,Smith,Smith County,MS,Mississippi,06,1647926077,2599432,28129,14132,10504,3257,0,43,0,239,240,"Smith County, Mississippi",74.32776677045004,23.04698556467591,0.0,0.30427398811208606,0.0,1.6911972827625248,1.6982734220209454
01,089,00161570,0500000US01089,01089,Madison,Madison County,AL,Alabama,06,2076137992,28784634,01089,405718,255719,96997,2015,10366,288,31136,27577,"Madison County, Alabama",63.028753962111615,23.90749239619637,0.49665038277818585,2.5549766093690693,0.07098526562784989,7.674295939544215,6.79708566048339
18,163,00450396,0500000US18163,18163,Vanderburgh,Vanderburgh County,IN,Indiana,06,604506338,8955935,18163,180117,146667,15303,445,2480,569,11304,6830,"Vanderburgh County, Indiana",81.42873798697514,8.496144172954248,0.24706163216131738,1.3768828039552068,0.3159057723590777,6.275920651576475,3.7919796576669604
26,053,01622969,0500000US26053,26053,Gogebic,Gogebic County,MI,Michigan,06,2854517939,970153215,26053,14319,13031,68,346,86,38,689,291,"Gogebic County, Michigan",91.0049584468189,0.4748934981493121,2.4163698582303232,0.6006006006006006,0.26538166073049796,4.811788532718765,2.0322648229624973
37,157,01008582,0500000US37157,37157,Rockingham,Rockingham County,NC,North Carolina,06,1465006551,18434917,37157,92131,66859,15915,476,302,175,6013,6605,"Rockingham County, North Carolina",72.56949343869056,17.274315919723,0.5166556316549262,0.32779411924325147,0.18994692340254637,6.526576288111493,7.169139594707535
51,520,01498416,0500000US51520,51520,Bristol,Bristol city,VA,Virginia,25,33336229,322409,51520,16849,14334,969,0,76,13,1067,465,"Bristol city, Virginia",85.07329811858271,5.751083150335331,0.0,0.45106534512433977,0.07715591429758442,6.3327200427325065,2.759807703721289
12,117,00303665,0500000US12117,12117,Seminole,Seminole County,FL,Florida,06,801288980,93135089,12117,481470,284854,56660,934,26087,255,84756,115251,"Seminole County, Florida",59.16339543481421,11.768126778407794,0.19398924128190748,5.418198433962655,0.05296280142064926,17.603589008660975,23.937316966789208
18,045,00450351,0500000US18045,18045,Fountain,Fountain County,IN,Indiana,06,1024774339,5728993,18045,16617,15522,112,9,36,0,736,501,"Fountain County, Indiana",93.41036288138653,0.6740085454654872,0.05416140097490522,0.21664560389962087,0.0,4.429199013058915,3.014984654269724
21,167,00516930,0500000US21167,21167,Mercer,Mercer County,KY,Kentucky,06,645898189,10166125,21167,23028,20783,743,43,43,0,949,779,"Mercer County, Kentucky",90.25099878408894,3.2265068612124375,0.18672919923571304,0.18672919923571304,0.0,4.121070001737015,3.382838283828383
28,019,00695734,0500000US28019,28019,Choctaw,Choctaw County,MS,Mississippi,06,1083125335,4295085,28019,8118,5455,2255,13,75,0,205,154,"Choctaw County, Mississippi",67.19635378171964,27.77777777777778,0.1601379650160138,0.9238728750923874,0.0,2.525252525252525,1.8970189701897018
29,059,00758484,0500000US29059,29059,Dallas,Dallas County,MO,Missouri,06,1401057564,4909180,29059,17551,16425,33,16,3,0,944,398,"Dallas County, Missouri",93.58441114466413,0.18802347444590053,0.09116289670104268,0.017093043131445503,0.0,5.378610905361518,2.267677055438437
48,395,01383983,0500000US48395,48395,Robertson,Robertson County,TX,Texas,06,2214840334,27332985,48395,17167,10556,2950,68,110,0,2934,3805,"Robertson County, Texas",61.49006815401643,17.18413234694472,0.3961088134210986,0.6407642570047184,0.0,17.09093027319858,22.16461816275412
48,221,01383896,0500000US48221,48221,Hood,Hood County,TX,Texas,06,1089693164,41762500,48221,65894,55776,737,275,520,37,6757,9069,"Hood County, Texas",84.64503596685586,1.1184629860078308,0.4173369350775488,0.7891462045102741,0.05615078762861565,10.254347892069081,13.763013324430146
56,005,01605068,0500000US56005,56005,Campbell,Campbell County,WY,Wyoming,06,12437291886,11010427,56005,47240,40501,157,612,115,85,3912,4562,"Campbell County, Wyoming",85.73454699407283,0.3323454699407282,1.2955122777307366,0.24343776460626587,0.17993226079593563,8.281117696867062,9.657070279424216
31,093,00835868,0500000US31093,31093,Howard,Howard County,NE,Nebraska,06,1474578450,16199402,31093,6534,6023,42,2,4,0,362,212,"Howard County, Nebraska",92.17936945209672,0.642791551882461,0.030609121518212427,0.061218243036424855,0.0,5.540250994796449,3.2445668809305177
36,037,00974117,0500000US36037,36037,Genesee,Genesee County,NY,New York,06,1276705561,6137411,36037,57787,51363,1315,185,384,5,3660,2802,"Genesee County, New York",88.88331285583263,2.275598317960787,0.3201412082302248,0.664509318704899,0.008652465087303373,6.333604443906069,4.84884143492481
38,037,01035300,0500000US38037,38037,Grant,Grant County,ND,North Dakota,06,4297393836,17563450,38037,2269,2097,3,53,35,0,77,28,"Grant County, North Dakota",92.41956809167033,0.13221683561040104,2.3358307624504184,1.5425297487880123,0.0,3.3935654473336268,1.23402379903041
47,169,01648581,0500000US47169,47169,Trousdale,Trousdale County,TN,Tennessee,06,296143586,5960709,47169,11957,9517,1319,25,9,0,716,485,"Trousdale County, Tennessee",79.59354353098604,11.03119511583173,0.20908254578907753,0.07526971648406791,0.0,5.9881241113991805,4.056201388308104
49,053,01448040,0500000US49053,49053,Washington,Washington County,UT,Utah,06,6287425943,7782767,49053,196431,166345,853,1524,2314,1275,14863,23790,"Washington County, Utah",84.68368027449843,0.43424917655563533,0.7758449531896696,1.1780217990032122,0.6490828840661605,7.566524632059095,12.111122989752127
01,075,00161563,0500000US01075,01075,Lamar,Lamar County,AL,Alabama,06,1566544672,1600679,01075,13693,11834,1371,25,6,0,386,262,"Lamar County, Alabama",86.42372014898123,10.012415102607171,0.18257503834075806,0.043818009201781936,0.0,2.8189585919813043,1.9133864018111444
24,047,01668802,0500000US24047,24047,Worcester,Worcester County,MD,Maryland,06,1213156432,586531107,24047,53700,42164,6534,29,743,29,3241,2165,"Worcester County, Maryland",78.51769087523277,12.167597765363128,0.054003724394785846,1.383612662942272,0.054003724394785846,6.035381750465549,4.031657355679702
40,053,01101814,0500000US40053,40053,Grant,Grant County,OK,Oklahoma,06,2591904426,7042653,40053,4131,3569,84,95,6,0,317,194,"Grant County, Oklahoma",86.39554587267006,2.033405954974582,2.299685306221254,0.14524328249818447,0.0,7.673686758654079,4.696199467441298
46,033,01265788,0500000US46033,46033,Custer,Custer County,SD,South Dakota,06,4032463966,5490769,46033,8892,7902,29,177,39,0,612,274,"Custer County, South Dakota",88.8663967611336,0.32613585245164195,1.99055330634278,0.43859649122807015,0.0,6.882591093117409,3.081421502474134
08,001,00198116,0500000US08001,08001,Adams,Adams County,CO,Colorado,06,3021840476,43702199,08001,530225,291452,19155,8817,20850,929,120236,226823,"Adams County, Colorado",54.967608090904804,3.6126172851148093,1.662878966476496,3.932292894525909,0.17520863784242538,22.676410957612333,42.77863171295205
13,003,00345784,0500000US13003,13003,Atkinson,Atkinson County,GA,Georgia,06,887636774,4701677,13003,8337,5269,1136,0,0,0,1053,2295,"Atkinson County, Georgia",63.200191915557156,13.62600455799448,0.0,0.0,0.0,12.63044260525369,27.527887729399065
18,145,00450387,0500000US18145,18145,Shelby,Shelby County,IN,Indiana,06,1064838397,4195717,18145,45265,41272,626,67,455,0,1679,2549,"Shelby County, Indiana",91.17861482381531,1.3829669722743843,0.14801723185684304,1.0051916491770685,0.0,3.709267646084171,5.631282447807356
19,141,00465259,0500000US19141,19141,O'Brien,O'Brien County,IA,Iowa,06,1484153956,447448,19141,14126,12358,240,55,92,22,872,1074,"O'Brien County, Iowa",87.48407192411157,1.6989947614328191,0.38935296616168763,0.6512813252159139,0.15574118646467508,6.173014299872576,7.603001557411865
27,161,00659525,0500000US27161,27161,Waseca,Waseca County,MN,Minnesota,06,1096505123,24893714,27161,18885,17257,191,106,354,0,655,1380,"Waseca County, Minnesota",91.37940164151442,1.0113846968493514,0.5612920307122055,1.8745035742652898,0.0,3.4683611331744775,7.307386814932486
29,063,00758486,0500000US29063,29063,DeKalb,DeKalb County,MO,Missouri,06,1091312448,11560688,29063,10876,9520,714,28,62,0,459,258,"DeKalb County, Missouri",87.53218094887826,6.56491357116587,0.25744759102611253,0.570062522986392,0.0,4.220301581463773,2.37219566016918
48,437,01384004,0500000US48437,48437,Swisher,Swisher County,TX,Texas,06,2305502705,27277988,48437,6937,4126,543,43,120,41,1565,3212,"Swisher County, Texas",59.478160588150494,7.827591177742541,0.6198644947383595,1.7298544039210033,0.5910335880063428,22.560184517803084,46.30243621161886
72,041,01804500,0500000US72041,72041,Cidra,Cidra Municipio,PR,Puerto Rico,13,93297945,1120363,72041,39643,12544,4901,469,22,0,6465,39505,"Cidra Municipio, Puerto Rico",31.64240849582524,12.36283833211412,1.1830587997881088,0.055495295512448604,0.0,16.308049340362736,99.651893146331
53,063,01529225,0500000US53063,53063,Spokane,Spokane County,WA,Washington,06,4569318506,43407953,53063,549056,454089,11408,5459,12568,4017,49841,38877,"Spokane County, Washington",82.70358579088472,2.0777479892761392,0.9942519524420096,2.2890196992656486,0.7316193612309128,9.077580428954423,7.080698507984613
13,023,00347451,0500000US13023,13023,Bleckley,Bleckley County,GA,Georgia,06,559122126,8425420,13023,12430,8486,3239,16,116,0,356,472,"Bleckley County, Georgia",68.27031375703942,26.057924376508446,0.12872083668543846,0.9332260659694287,0.0,2.8640386162510056,3.7972646822204346
29,123,00758515,0500000US29123,29123,Madison,Madison County,MO,Missouri,06,1280453084,8323284,29123,12729,11739,35,65,36,0,743,356,"Madison County, Missouri",92.22248409144473,0.2749626836357923,0.5106449838950428,0.28281876031110065,0.0,5.837064969754105,2.7967632964097726
19,063,00465220,0500000US19063,19063,Emmet,Emmet County,IA,Iowa,06,1025349325,17175565,19063,9262,8070,152,6,21,5,726,942,"Emmet County, Iowa",87.13020945800042,1.6411142301878643,0.06478082487583675,0.22673288706542863,0.05398402072986396,7.8384798099762465,10.170589505506369
38,073,01035301,0500000US38073,38073,Ransom,Ransom County,ND,North Dakota,06,2233792873,3582338,38073,5643,5195,64,17,37,0,235,155,"Ransom County, North Dakota",92.06096048201312,1.1341485025695552,0.3012581959950381,0.6556796030480241,0.0,4.164451532872585,2.7467659046606414
48,315,01383940,0500000US48315,48315,Marion,Marion County,TX,Texas,06,986530318,102099491,48315,9737,6854,2135,40,16,0,555,468,"Marion County, Texas",70.39129095203862,21.926671459381737,0.41080414912190616,0.16432165964876247,0.0,5.699907569066447,4.806408544726302
01,061,00161556,0500000US01061,01061,Geneva,Geneva County,AL,Alabama,06,1487908432,11567409,01061,26887,22492,2316,66,168,5,1260,1437,"Geneva County, Alabama",83.65381039163908,8.613828244132852,0.2454717893405735,0.6248372819578235,0.018596347677316175,4.686279614683676,5.344590322460669
19,159,00465268,0500000US19159,19159,Ringgold,Ringgold County,IA,Iowa,06,1386932344,8723135,19159,4645,4473,18,16,0,0,138,100,"Ringgold County, Iowa",96.29709364908504,0.38751345532831,0.3444564047362756,0.0,0.0,2.970936490850377,2.1528525296017222
27,091,00659490,0500000US27091,27091,Martin,Martin County,MN,Minnesota,06,1844928073,44669375,27091,19780,18303,169,49,101,0,844,1421,"Martin County, Minnesota",92.53286147623862,0.8543983822042467,0.24772497472194135,0.5106167846309404,0.0,4.266936299292214,7.1840242669363
31,045,00835844,0500000US31045,31045,Dawes,Dawes County,NE,Nebraska,06,3616636214,11875952,31045,8140,7103,38,282,89,0,628,411,"Dawes County, Nebraska",87.26044226044226,0.46683046683046686,3.4643734643734643,1.0933660933660934,0.0,7.714987714987714,5.049140049140049
36,009,00974103,0500000US36009,36009,Cattaraugus,Cattaraugus County,NY,New York,06,3388125876,36783591,36009,76145,67496,1138,1866,665,0,4322,1817,"Cattaraugus County, New York",88.64140784030468,1.4945170398581653,2.450587694530173,0.8733337710946221,0.0,5.67601287018189,2.386236785081095
05,011,00063757,0500000US05011,05011,Bradley,Bradley County,AR,Arkansas,06,1681335016,9505606,05011,10208,5503,2647,580,0,45,827,1628,"Bradley County, Arkansas",53.90869905956113,25.93064263322884,5.681818181818182,0.0,0.44083072100313475,8.101489028213166,15.948275862068966
13,113,01687740,0500000US13113,13113,Fayette,Fayette County,GA,Georgia,06,503925706,12781937,13113,122244,69352,31267,235,6085,100,9538,10504,"Fayette County, Georgia",56.732436765812636,25.577533457674818,0.19223847387192827,4.977749419194398,0.0818036059029482,7.8024279310232,8.592650764045679
19,081,00465229,0500000US19081,19081,Hancock,Hancock County,IA,Iowa,06,1478895052,5265568,19081,10671,9970,48,11,133,0,379,635,"Hancock County, Iowa",93.4307937400431,0.44981726173741915,0.10308312248149189,1.2463686627307657,0.0,3.551682129135039,5.9507075250679415
27,039,00659465,0500000US27039,27039,Dodge,Dodge County,MN,Minnesota,06,1138031312,804838,27039,21045,19069,234,52,110,0,1005,1136,"Dodge County, Minnesota",90.61059634117368,1.111903064861012,0.24708956996911383,0.5226894749346638,0.0,4.775481111903065,5.397956759325256
46,069,01266984,0500000US46069,46069,Hyde,Hyde County,SD,South Dakota,06,2229019814,14541548,46069,1191,1025,3,11,0,0,152,19,"Hyde County, South Dakota",86.0621326616289,0.2518891687657431,0.9235936188077246,0.0,0.0,12.762384550797648,1.595298068849706
48,063,01383817,0500000US48063,48063,Camp,Camp County,TX,Texas,06,507242364,19129375,48063,12798,7564,2002,0,173,0,2131,3504,"Camp County, Texas",59.10298484138147,15.64306922956712,0.0,1.351773714642913,0.0,16.65103922487889,27.379278012189406
48,335,01383953,0500000US48335,48335,Mitchell,Mitchell County,TX,Texas,06,2359720442,12480258,48335,9018,5534,764,73,87,0,1835,3500,"Mitchell County, Texas",61.36615657573742,8.471944998891107,0.8094921268573964,0.9647371922821024,0.0,20.348192503881126,38.81126635617654
05,059,00066859,0500000US05059,05059,Hot Spring,Hot Spring County,AR,Arkansas,06,1592697317,18725599,05059,33180,27282,3692,175,12,0,1769,1362,"Hot Spring County, Arkansas",82.2242314647378,11.127185051235685,0.5274261603375527,0.03616636528028933,0.0,5.331525015069319,4.104882459312839
31,157,00835900,0500000US31157,31157,Scotts Bluff,Scotts Bluff County,NE,Nebraska,06,1915576080,15402683,31157,35843,27159,202,610,239,4,5067,8551,"Scotts Bluff County, Nebraska",75.7721172892894,0.5635688976927155,1.7018664732304776,0.6667968641017772,0.011159780152330998,14.136651507965292,23.856820020645593
37,137,01023355,0500000US37137,37137,Pamlico,Pamlico County,NC,North Carolina,06,871570771,583036551,37137,12390,9116,2007,23,73,0,1010,600,"Pamlico County, North Carolina",73.57546408393866,16.19854721549637,0.18563357546408393,0.5891848264729621,0.0,8.151735270379339,4.842615012106537
20,065,00481811,0500000US20065,20065,Graham,Graham County,KS,Kansas,06,2327173854,599356,20065,2389,2167,109,0,16,6,89,94,"Graham County, Kansas",90.7074089577229,4.562578484721641,0.0,0.6697362913352868,0.25115110925073253,3.7254081205525327,3.9347007115948096
72,069,01804515,0500000US72069,72069,Humacao,Humacao Municipio,PR,Puerto Rico,13,115821799,69096343,72069,50100,2718,1073,0,107,0,2862,49454,"Humacao Municipio, Puerto Rico",5.425149700598802,2.1417165668662674,0.0,0.21357285429141715,0.0,5.712574850299401,98.71057884231537
48,045,01383808,0500000US48045,48045,Briscoe,Briscoe County,TX,Texas,06,2330991073,4068657,48045,1301,1089,79,1,0,0,93,339,"Briscoe County, Texas",83.70484242890085,6.072252113758648,0.07686395080707148,0.0,0.0,7.148347425057648,26.056879323597233
08,023,00198127,0500000US08023,08023,Costilla,Costilla County,CO,Colorado,06,3179452300,8828906,08023,3607,1595,91,162,55,0,1389,1973,"Costilla County, Colorado",44.21957305239811,2.522872192958137,4.491266980870529,1.524812863875797,0.0,38.50845578042695,54.69919600776269
22,067,00558097,0500000US22067,22067,Morehouse,Morehouse Parish,LA,Louisiana,15,2058910717,28888046,22067,24551,11641,11874,17,66,22,642,419,"Morehouse Parish, Louisiana",47.41558388660339,48.36462873202721,0.06924361533135107,0.26882815363936297,0.08960938454645431,2.6149647672192575,1.7066514602256526
37,175,01008589,0500000US37175,37175,Transylvania,Transylvania County,NC,North Carolina,06,979943598,5091023,37175,33691,29769,1207,60,229,0,2110,1753,"Transylvania County, North Carolina",88.35890890742336,3.582559140423258,0.17808910391499214,0.6797067466088866,0.0,6.262800154343889,5.203169986049687
39,153,01074088,0500000US39153,39153,Summit,Summit County,OH,Ohio,06,1069129523,19007561,39153,537864,398168,74916,872,23412,61,35073,14635,"Summit County, Ohio",74.02763523864769,13.928428004105125,0.1621227670935404,4.352773191736201,0.011341156872369224,6.520793360403373,2.7209480463462885
04,013,00037026,0500000US04013,04013,Maricopa,Maricopa County,AZ,Arizona,06,23833110968,62124304,04013,4559748,2672667,259526,90213,208324,9143,892550,1422451,"Maricopa County, Arizona",58.614357635553546,5.6916741890122,1.9784645993594383,4.568761256104504,0.20051546708283002,19.57454666354369,31.19582485698771
17,165,00424283,0500000US17165,17165,Saline,Saline County,IL,Illinois,06,984171707,17977593,17165,23213,21292,719,24,127,0,925,502,"Saline County, Illinois",91.72446473958557,3.0974023176668246,0.10339034161892043,0.5471072244001206,0.0,3.984836083229225,2.1625813121957527
26,025,01622955,0500000US26025,26025,Calhoun,Calhoun County,MI,Michigan,06,1829210175,31256789,26025,133778,102224,13067,474,3495,65,12347,7914,"Calhoun County, Michigan",76.41316210438188,9.767674804526903,0.3543183483083915,2.612537188476431,0.04858795915621403,9.22946971848884,5.9157709040350435
18,113,00450377,0500000US18113,18113,Noble,Noble County,IN,Indiana,06,1064085738,17060235,18113,47495,41054,156,26,268,109,4889,5374,"Noble County, Indiana",86.43857248131383,0.3284556269080956,0.05474260448468259,0.5642699231498053,0.22949784187809244,10.293715127908202,11.314875250026319
35,051,01702370,0500000US35051,35051,Sierra,Sierra County,NM,New Mexico,06,10829293030,147631578,35051,11500,7971,25,87,18,0,2554,3431,"Sierra County, New Mexico",69.31304347826087,0.21739130434782608,0.7565217391304349,0.1565217391304348,0.0,22.208695652173912,29.834782608695654
48,373,01383972,0500000US48373,48373,Polk,Polk County,TX,Texas,06,2737733241,136271620,48373,52800,39355,4087,741,314,10,7135,8100,"Polk County, Texas",74.53598484848484,7.740530303030304,1.4034090909090908,0.5946969696969697,0.01893939393939394,13.513257575757576,15.340909090909092
72,067,01804514,0500000US72067,72067,Hormigueros,Hormigueros Municipio,PR,Puerto Rico,13,29384892,481,72067,15441,5771,667,0,0,0,1257,15125,"Hormigueros Municipio, Puerto Rico",37.37452237549381,4.3196684152580795,0.0,0.0,0.0,8.140664464736739,97.9535004209572
72,029,01804494,0500000US72029,72029,Canóvanas,Canóvanas Municipio,PR,Puerto Rico,13,85130271,362179,72029,41816,5251,5725,28,247,0,13177,41793,"Canóvanas Municipio, Puerto Rico",12.557394298832984,13.69093170078439,0.06696001530514635,0.5906829921561125,0.0,31.511861488425485,99.94499713028506
01,033,00161542,0500000US01033,01033,Colbert,Colbert County,AL,Alabama,06,1535742270,79160396,01033,58022,44866,8991,120,280,0,2791,2049,"Colbert County, Alabama",77.32584192202957,15.495846403088484,0.20681810347799112,0.4825755747819792,0.0,4.810244390058943,3.5314191168866986
19,115,00465246,0500000US19115,19115,Louisa,Louisa County,IA,Iowa,06,1040596800,40784321,19115,10678,8429,110,67,231,0,858,1754,"Louisa County, Iowa",78.93800337141786,1.030155459823937,0.6274583255291253,2.1633264656302678,0.0,8.03521258662671,16.426297059374413
26,065,01622975,0500000US26065,26065,Ingham,Ingham County,MI,Michigan,06,1440251655,11990765,26065,283913,194933,32386,1542,17807,43,30214,24806,"Ingham County, Michigan",68.65941327096681,11.407015529405134,0.5431241260526992,6.271991772127378,0.015145484708343752,10.641992441346469,8.737183573841282
39,171,01074097,0500000US39171,39171,Williams,Williams County,OH,Ohio,06,1089504756,6298923,39171,36719,33673,228,73,241,8,1730,1982,"Williams County, Ohio",91.7045671178409,0.6209319425910292,0.19880715705765406,0.6563359568615703,0.021787085704948393,4.71145728369509,5.397750483400964
27,025,00659458,0500000US27025,27025,Chisago,Chisago County,MN,Minnesota,06,1074584929,71183548,27025,57991,52595,728,235,1157,20,2606,1644,"Chisago County, Minnesota",90.69510786156472,1.2553672121536101,0.4052352951320033,1.9951371764584158,0.03448811022400028,4.493800762187236,2.834922660412823
56,011,01605071,0500000US56011,56011,Crook,Crook County,WY,Wyoming,06,7393068933,28186052,56011,7455,6940,0,13,15,13,456,158,"Crook County, Wyoming",93.09188464118041,0.0,0.1743796109993293,0.2012072434607646,0.1743796109993293,6.116700201207244,2.1193829644533873
48,103,01383837,0500000US48103,48103,Crane,Crane County,TX,Texas,06,2033319687,1695980,48103,4610,1849,145,8,72,8,761,3177,"Crane County, Texas",40.108459869848154,3.14533622559653,0.1735357917570499,1.561822125813449,0.1735357917570499,16.50759219088937,68.91540130151844
33,019,00873183,0500000US33019,33019,Sullivan,Sullivan County,NH,New Hampshire,06,1393091317,36932078,33019,43715,40275,339,21,125,8,2440,911,"Sullivan County, New Hampshire",92.13084753517099,0.7754775248770445,0.04803843074459568,0.2859430401464028,0.018300354569369782,5.581608143657784,2.083952876586984
42,117,01209189,0500000US42117,42117,Tioga,Tioga County,PA,Pennsylvania,06,2936765816,8279717,42117,40945,39174,336,25,156,0,1114,694,"Tioga County, Pennsylvania",95.67468555379168,0.8206130174624496,0.061057516180241786,0.38099890096470873,0.0,2.720722920991574,1.6949566491635122
42,119,01213689,0500000US42119,42119,Union,Union County,PA,Pennsylvania,06,818320616,4614461,42119,42456,37633,2526,58,846,0,971,2147,"Union County, Pennsylvania",88.6400037686075,5.949689089881289,0.1366120218579235,1.9926512153759186,0.0,2.287073676276616,5.057000188430375
48,069,01383820,0500000US48069,48069,Castro,Castro County,TX,Texas,06,2316600393,12557414,48069,7344,3000,86,60,66,0,3185,4817,"Castro County, Texas",40.849673202614376,1.171023965141612,0.8169934640522877,0.8986928104575163,0.0,43.36873638344226,65.59095860566448
21,063,00516878,0500000US21063,21063,Elliott,Elliott County,KY,Kentucky,06,606888298,2595857,21063,7307,6761,321,15,0,0,179,124,"Elliott County, Kentucky",92.52771315177228,4.393047762419598,0.20528260572054194,0.0,0.0,2.449705761598467,1.69700287395648
35,003,00929108,0500000US35003,35003,Catron,Catron County,NM,New Mexico,06,17933561654,14193499,35003,3743,2914,66,142,12,0,418,588,"Catron County, New Mexico",77.8519903820465,1.7632914774245259,3.793748330216404,0.32059845044082286,0.0,11.16751269035533,15.709324071600319
22,081,00559472,0500000US22081,22081,Red River,Red River Parish,LA,Louisiana,15,1007453088,34259705,22081,7443,4242,2998,0,0,0,201,138,"Red River Parish, Louisiana",56.99314792422411,40.279457208115005,0.0,0.0,0.0,2.7005239822652154,1.8540910923014913
17,117,00424257,0500000US17117,17117,Macoupin,Macoupin County,IL,Illinois,06,2235091099,12250027,17117,44350,41656,654,50,130,6,1563,608,"Macoupin County, Illinois",93.92559188275085,1.4746335963923336,0.11273957158962795,0.2931228861330327,0.013528748590755355,3.5242390078917696,1.3709131905298761
47,069,01639750,0500000US47069,47069,Hardeman,Hardeman County,TN,Tennessee,06,1729509838,6768751,47069,25433,13590,9758,87,187,6,1584,560,"Hardeman County, Tennessee",53.4345142138167,38.36747532733064,0.34207525655644244,0.7352652066213187,0.02359139700389258,6.228128809027641,2.2018637203633076
24,025,01698178,0500000US24025,24025,Harford,Harford County,MD,Maryland,06,1132149296,231888421,24025,263757,192506,37734,523,7949,138,18948,15290,"Harford County, Maryland",72.98611979966408,14.306350163218418,0.19828857622736076,3.013758876541665,0.05232088627031699,7.183885167028742,5.797002544008311
31,117,00835881,0500000US31117,31117,McPherson,McPherson County,NE,Nebraska,06,2225460625,2680669,31117,475,439,0,0,0,0,34,4,"McPherson County, Nebraska",92.42105263157895,0.0,0.0,0.0,0.0,7.157894736842104,0.8421052631578947
51,595,01498422,0500000US51595,51595,Emporia,Emporia city,VA,Virginia,25,17881071,165621,51595,5547,1087,3569,0,32,0,859,436,"Emporia city, Virginia",19.596178114296016,64.34108527131784,0.0,0.5768884081485488,0.0,15.485848206237607,7.860104561023977
19,109,00465243,0500000US19109,19109,Kossuth,Kossuth County,IA,Iowa,06,2519361810,4125592,19109,14516,13429,104,19,60,8,648,654,"Kossuth County, Iowa",92.5117112152108,0.7164508128961147,0.13089005235602094,0.4133370074400662,0.055111600992008826,4.464039680352714,4.505373381096721
46,021,01266974,0500000US46021,46021,Campbell,Campbell County,SD,South Dakota,06,1900214169,96243697,46021,1593,1451,0,8,1,0,86,125,"Campbell County, South Dakota",91.08600125549277,0.0,0.5021971123666039,0.06277463904582549,0.0,5.398618957940992,7.846829880728186
19,099,00465238,0500000US19099,19099,Jasper,Jasper County,IA,Iowa,06,1891795097,6544165,19099,37954,34806,583,32,281,65,1604,1177,"Jasper County, Iowa",91.70574906465721,1.5360699794488064,0.08431258892343363,0.7403699214839016,0.17125994625072455,4.226168519787111,3.101122411340043
19,117,00465247,0500000US19117,19117,Lucas,Lucas County,IA,Iowa,06,1115458264,9852845,19117,8716,8215,25,1,73,0,234,255,"Lucas County, Iowa",94.25195043597981,0.28682882055988984,0.011473152822395595,0.8375401560348784,0.0,2.684717760440569,2.9256539697108765
55,015,01581067,0500000US55015,55015,Calumet,Calumet County,WI,Wisconsin,06,824263569,204161559,55015,52942,46733,509,130,1375,0,3292,3016,"Calumet County, Wisconsin",88.27207132333497,0.9614294888746174,0.24555173586188658,2.5971818216161084,0.0,6.21812549582562,5.696800271995769
18,091,00450507,0500000US18091,18091,LaPorte,LaPorte County,IN,Indiana,06,1549555244,38779440,18091,111917,87406,11828,234,715,46,8034,8498,"LaPorte County, Indiana",78.09894832777861,10.568546333443534,0.20908351724939017,0.6388663027064699,0.041101888006290374,7.178534092229063,7.593127049509904
19,193,00465285,0500000US19193,19193,Woodbury,Woodbury County,IA,Iowa,06,2260790944,12793700,19193,106247,75553,5255,1899,2513,775,15191,20316,"Woodbury County, Iowa",71.11071371426958,4.946022005327209,1.7873445838470732,2.36524325392717,0.7294323604431184,14.297815467730853,19.121481077112765
26,067,01622976,0500000US26067,26067,Ionia,Ionia County,MI,Michigan,06,1479710873,22590323,26067,66574,57874,2261,398,304,14,4844,3539,"Ionia County, Michigan",86.93183525099889,3.396220746838105,0.5978309850692463,0.45663472226394686,0.0210292306305765,7.276113798179469,5.315889085829303
48,123,01383844,0500000US48123,48123,DeWitt,DeWitt County,TX,Texas,06,2354237965,3919919,48123,20016,11786,1214,163,133,0,3104,7143,"DeWitt County, Texas",58.88289368505196,6.065147881694644,0.8143485211830537,0.6644684252597921,0.0,15.50759392486011,35.686450839328536
37,037,01008544,0500000US37037,37037,Chatham,Chatham County,NC,North Carolina,06,1765540370,70582736,37037,80151,56974,8152,388,1791,68,6703,10930,"Chatham County, North Carolina",71.08333021422067,10.170802610073485,0.4840862871330364,2.2345323202455365,0.08483986475527441,8.362964903744183,13.636760614340432
48,325,01383948,0500000US48325,48325,Medina,Medina County,TX,Texas,06,3432668368,23757602,48325,53547,31173,1567,305,487,52,15021,27578,"Medina County, Texas",58.21614656283265,2.926401105570807,0.5695930677722375,0.909481390180589,0.09711094925952901,28.05199170821895,51.50241843614022
21,165,00516929,0500000US21165,21165,Menifee,Menifee County,KY,Kentucky,06,527162212,6205679,21165,6230,6029,9,0,0,0,183,177,"Menifee County, Kentucky",96.77367576243981,0.14446227929373998,0.0,0.0,0.0,2.937399678972713,2.841091492776886
55,055,01581087,0500000US55055,55055,Jefferson,Jefferson County,WI,Wisconsin,06,1441308422,67985724,55055,86003,76167,809,362,561,70,5610,7309,"Jefferson County, Wisconsin",88.56318965617479,0.940664860528121,0.4209155494575771,0.6523028266455821,0.08139250956361987,6.523028266455821,8.498540748578538
26,117,01623001,0500000US26117,26117,Montcalm,Montcalm County,MI,Michigan,06,1826793476,39944685,26117,67816,59859,2190,165,149,0,4481,3033,"Montcalm County, Michigan",88.2667807007196,3.229326412645983,0.2433054146514097,0.21971216232157606,0.0,6.607585230624041,4.472395894774095
26,123,01623004,0500000US26123,26123,Newaygo,Newaygo County,MI,Michigan,06,2172706359,59083043,26123,50792,44881,407,165,214,45,3617,3175,"Newaygo County, Michigan",88.3623405260671,0.8013072924870058,0.32485430776500235,0.4213261931012758,0.08859662939045519,7.121200189006142,6.250984406993227
26,149,01625034,0500000US26149,26149,St. Joseph,St. Joseph County,MI,Michigan,06,1296650393,52801553,26149,60969,51897,1296,209,397,16,5744,5739,"St. Joseph County, Michigan",85.12030704128327,2.1256704226738177,0.34279715921205856,0.651150584723384,0.026242844724368122,9.421181256048156,9.41298036707179
48,079,01383825,0500000US48079,48079,Cochran,Cochran County,TX,Texas,06,2007453830,229068,48079,2550,1089,125,10,1,0,1167,1536,"Cochran County, Texas",42.705882352941174,4.901960784313726,0.39215686274509803,0.0392156862745098,0.0,45.76470588235294,60.23529411764705
26,023,01622954,0500000US26023,26023,Branch,Branch County,MI,Michigan,06,1311597696,34428004,26023,45300,39772,764,175,228,0,3344,3071,"Branch County, Michigan",87.79690949227373,1.6865342163355408,0.3863134657836645,0.5033112582781457,0.0,7.381898454746137,6.77924944812362
37,147,01008578,0500000US37147,37147,Pitt,Pitt County,NC,North Carolina,06,1689620174,8247778,37147,177193,93301,61982,663,3545,37,8664,13948,"Pitt County, North Carolina",52.65501458861242,34.9799371306993,0.37416827978531886,2.000643366272934,0.02088118605136772,4.889583674298646,7.8716427849858635
37,151,01008580,0500000US37151,37151,Randolph,Randolph County,NC,North Carolina,06,2026188437,19757513,37151,146348,114219,9125,508,1935,9,10607,20523,"Randolph County, North Carolina",78.04616393801076,6.235138163828682,0.34711782873698305,1.3221909421379179,0.006149725312269385,7.247792931915707,14.02342362041162
20,011,00484975,0500000US20011,20011,Bourbon,Bourbon County,KS,Kansas,06,1645836646,9402853,20011,14394,13033,245,12,116,0,799,452,"Bourbon County, Kansas",90.5446713908573,1.7020980964290677,0.08336807002917883,0.8058913436153953,0.0,5.55092399610949,3.1401973044324025
48,075,01383823,0500000US48075,48075,Childress,Childress County,TX,Texas,06,1803954626,44560655,48075,6743,4309,454,100,13,0,1257,2153,"Childress County, Texas",63.90330713332345,6.732908201097435,1.483019427554501,0.19279252558208512,0.0,18.641554204360077,31.929408275248406
48,105,01383838,0500000US48105,48105,Crockett,Crockett County,TX,Texas,06,7270935061,53329,48105,2822,930,7,0,0,0,509,1886,"Crockett County, Texas",32.9553508150248,0.24805102763997164,0.0,0.0,0.0,18.03685329553508,66.83203401842664
37,069,01008553,0500000US37069,37069,Franklin,Franklin County,NC,North Carolina,06,1273761680,7173998,37069,74386,45832,17406,191,832,2,5441,8319,"Franklin County, North Carolina",61.613744521818624,23.39956443416772,0.2567687468071949,1.118490038448095,0.00268867797703869,7.314548436533756,11.18355604549243
20,115,00485022,0500000US20115,20115,Marion,Marion County,KS,Kansas,06,2445722727,24432825,20115,11754,10893,113,65,54,2,538,494,"Marion County, Kansas",92.67483409903011,0.9613748511145142,0.5530032329419772,0.45941807044410415,0.017015484090522375,4.577165220350519,4.202824570359027
17,061,00424232,0500000US17061,17061,Greene,Greene County,IL,Illinois,06,1406736598,8423898,17061,11683,11198,88,16,61,0,291,128,"Greene County, Illinois",95.8486690062484,0.7532311906188479,0.13695112556706326,0.5221261662244286,0.0,2.4907985962509627,1.0956090045365061
48,131,01383851,0500000US48131,48131,Duval,Duval County,TX,Texas,06,4645084668,5478267,48131,9742,5401,69,82,117,0,3681,7950,"Duval County, Texas",55.440361322110455,0.7082734551426811,0.8417162800246356,1.20098542393759,0.0,37.784849106959555,81.60541983165675
21,025,00516859,0500000US21025,21025,Breathitt,Breathitt County,KY,Kentucky,06,1275366506,7370804,21025,13276,12769,77,23,40,0,361,149,"Breathitt County, Kentucky",96.18107863814403,0.5799939740885809,0.17324495329918652,0.30129557095510695,0.0,2.7191925278698403,1.1223260018077734
46,125,01265770,0500000US46125,46125,Turner,Turner County,SD,South Dakota,06,1598188442,1636386,46125,8882,8299,37,67,27,12,402,314,"Turner County, South Dakota",93.43616302634543,0.4165728439540644,0.7543346093222247,0.3039855888313443,0.13510470614726414,4.526007655933348,3.5352398108534113
47,005,01639724,0500000US47005,47005,Benton,Benton County,TN,Tennessee,06,1021248371,108583505,47005,16006,14473,233,30,166,101,910,454,"Benton County, Tennessee",90.42234162189179,1.4557041109583906,0.1874297138573035,1.037111083343746,0.6310133699862551,5.685367987004873,2.83643633637386
45,011,01247983,0500000US45011,45011,Barnwell,Barnwell County,SC,South Carolina,06,1420294945,23008122,45011,20521,10716,8783,25,120,6,569,595,"Barnwell County, South Carolina",52.2196774036353,42.80005847668242,0.12182642171434141,0.5847668242288387,0.029238341211441938,2.7727693582184103,2.8994688368013257
48,013,01383792,0500000US48013,48013,Atascosa,Atascosa County,TX,Texas,06,3158599705,4992623,48013,51008,23692,627,441,318,0,15885,33363,"Atascosa County, Texas",46.44761606022585,1.2292189460476788,0.8645702634880802,0.6234316185696361,0.0,31.142173776662485,65.40738707653702
48,017,01383794,0500000US48017,48017,Bailey,Bailey County,TX,Texas,06,2141847187,1775275,48017,6913,4929,61,0,52,0,904,4565,"Bailey County, Texas",71.30044843049326,0.8823954867640676,0.0,0.7522059887169101,0.0,13.076811803847823,66.0350065094749
42,021,01213662,0500000US42021,42021,Cambria,Cambria County,PA,Pennsylvania,06,1780643392,13523237,42021,131538,119720,4024,62,754,5,6265,2796,"Cambria County, Pennsylvania",91.01552403107847,3.0591920205567975,0.04713466830877769,0.5732183855615868,0.0038011829281272332,4.762882208943423,2.1256214934087487
47,067,01648577,0500000US47067,47067,Hancock,Hancock County,TN,Tennessee,06,575816010,2988718,47067,6852,6541,38,0,23,0,224,102,"Hancock County, Tennessee",95.46117921774663,0.5545826036193812,0.0,0.3356684179801518,0.0,3.2691185055458263,1.4886164623467601
47,073,01639752,0500000US47073,47073,Hawkins,Hawkins County,TN,Tennessee,06,1261468092,32541837,47073,57964,54392,722,36,344,0,2078,1181,"Hawkins County, Tennessee",93.83755434407564,1.2456007176868402,0.06210751500931612,0.5934718100890208,0.0,3.584983783037748,2.0374715340556206
45,039,01248000,0500000US45039,45039,Fairfield,Fairfield County,SC,South Carolina,06,1777521257,61063162,45039,20550,8034,11307,16,21,0,969,516,"Fairfield County, South Carolina",39.09489051094891,55.02189781021898,0.07785888077858881,0.10218978102189782,0.0,4.7153284671532845,2.510948905109489
51,760,01789073,0500000US51760,51760,Richmond,Richmond city,VA,Virginia,25,155205067,6849165,51760,229359,98088,93993,569,4857,132,18548,24539,"Richmond city, Virginia",42.76614390540593,40.98073326095771,0.24808270004665176,2.1176409035616652,0.05755169842910023,8.086885624719327,10.698947937512807
27,079,00659485,0500000US27079,27079,Le Sueur,Le Sueur County,MN,Minnesota,06,1162212767,65216707,27079,29113,26347,219,78,151,0,1490,2009,"Le Sueur County, Minnesota",90.49908975371827,0.7522412667880328,0.2679215470751898,0.5186686360045341,0.0,5.117988527461959,6.900697283000722
48,255,01383913,0500000US48255,48255,Karnes,Karnes County,TX,Texas,06,1936669679,15010315,48255,14968,7630,1424,28,45,7,4253,7991,"Karnes County, Texas",50.97541421699626,9.51362907536077,0.18706574024585784,0.30064136825227156,0.04676643506146446,28.413949759486908,53.38722608230893
31,003,00835824,0500000US31003,31003,Antelope,Antelope County,NE,Nebraska,06,2220026341,3715967,31003,6305,5880,52,6,19,3,253,252,"Antelope County, Nebraska",93.25931800158604,0.8247422680412372,0.09516256938937351,0.30134813639968283,0.047581284694686754,4.01268834258525,3.996827914353687
29,007,00758458,0500000US29007,29007,Audrain,Audrain County,MO,Missouri,06,1792918159,11843439,29007,24548,21817,1116,157,139,12,1253,786,"Audrain County, Missouri",88.87485742219326,4.546195209385694,0.6395633045461953,0.566237575362555,0.04888381945576015,5.104285481505622,3.201890174352289
48,035,01383803,0500000US48035,48035,Bosque,Bosque County,TX,Texas,06,2545883855,50841834,48035,18687,14409,230,41,81,0,2822,3576,"Bosque County, Texas",77.10707978808797,1.230802161930754,0.2194038636485257,0.4334564135495264,0.0,15.101407395515597,19.136297961149463
48,047,01383809,0500000US48047,48047,Brooks,Brooks County,TX,Texas,06,2443277014,741627,48047,6943,1672,40,62,0,19,4397,6256,"Brooks County, Texas",24.081809016275386,0.5761198329252484,0.8929857410341351,0.0,0.273656920639493,63.32997263430794,90.10514186950886
55,107,01581114,0500000US55107,55107,Rusk,Rusk County,WI,Wisconsin,06,2366092264,44813690,55107,14179,13275,164,48,52,5,518,296,"Rusk County, Wisconsin",93.62437407433528,1.156640101558643,0.33852881021228576,0.3667395443966429,0.03526341773044644,3.6532900768742507,2.087594329642429
51,065,01494061,0500000US51065,51065,Fluvanna,Fluvanna County,VA,Virginia,06,743630407,10747024,51065,28092,21323,3311,56,251,0,2519,1288,"Fluvanna County, Virginia",75.90417200626513,11.78627367221985,0.19934500925530402,0.8934928093407376,0.0,8.96696568418055,4.584935212871992
55,131,01581125,0500000US55131,55131,Washington,Washington County,WI,Wisconsin,06,1115362171,12999404,55131,137879,126038,1836,188,2019,22,6475,5174,"Washington County, Wisconsin",91.41203519027553,1.3316023469854004,0.13635143858020438,1.4643274175182588,0.015956019408321788,4.696146621312891,3.7525656553934974
27,103,00659497,0500000US27103,27103,Nicollet,Nicollet County,MN,Minnesota,06,1161653542,47494286,27103,34411,29832,1586,145,566,0,1507,1871,"Nicollet County, Minnesota",86.693208567028,4.60899131091802,0.4213768852983058,1.6448228764058004,0.0,4.379413559617564,5.437214844090552
27,117,00659504,0500000US27117,27117,Pipestone,Pipestone County,MN,Minnesota,06,1204481399,2347611,27117,9284,7985,118,116,102,25,568,799,"Pipestone County, Minnesota",86.00818612666954,1.2710038776389487,1.2494614390348986,1.098664368806549,0.2692804825506247,6.1180525635501946,8.606204222317967
27,129,00659510,0500000US27129,27129,Renville,Renville County,MN,Minnesota,06,2545711106,10851893,27129,14558,12659,124,123,97,0,1015,1489,"Renville County, Minnesota",86.95562577277099,0.8517653523835692,0.844896276961121,0.6663003159774694,0.0,6.97211155378486,10.228053304025279
51,111,01492239,0500000US51111,51111,Lunenburg,Lunenburg County,VA,Virginia,06,1118097708,1743628,51111,12016,6908,3907,104,25,2,737,738,"Lunenburg County, Virginia",57.490013315579226,32.51498002663116,0.8655126498002662,0.20805592543275633,0.016644474034620507,6.133488681757656,6.141810918774967
51,115,01480145,0500000US51115,51115,Mathews,Mathews County,VA,Virginia,06,222508058,430071655,51115,8540,7326,825,7,0,6,256,228,"Mathews County, Virginia",85.78454332552693,9.660421545667447,0.08196721311475409,0.0,0.0702576112412178,2.9976580796252925,2.669789227166276
01,057,00161554,0500000US01057,01057,Fayette,Fayette County,AL,Alabama,06,1625693253,4330881,01057,16053,13512,1777,22,8,40,657,150,"Fayette County, Alabama",84.17118295645673,11.069582009593223,0.1370460350090326,0.04983492182146639,0.24917460910733194,4.092692954587927,0.9344047841524948
42,055,01213670,0500000US42055,42055,Franklin,Franklin County,PA,Pennsylvania,06,2000245529,1547615,42055,157379,136565,4870,590,1632,19,8992,11830,"Franklin County, Pennsylvania",86.77460143983632,3.0944408084941446,0.3748911862446705,1.0369871456801734,0.012072767014658882,5.713595841884877,7.516885988600766
28,049,00695748,0500000US28049,28049,Hinds,Hinds County,MS,Mississippi,06,2252888811,19259026,28049,218533,50452,157160,556,1842,11,6408,4690,"Hinds County, Mississippi",23.086673408592752,71.9159120132886,0.2544238169978905,0.8428932930038026,0.005033564724778409,2.932280250580004,2.146128959928249
18,095,00450370,0500000US18095,18095,Madison,Madison County,IN,Indiana,06,1170470195,2546731,18095,131900,110320,8068,321,865,9,9982,7102,"Madison County, Indiana",83.63912054586808,6.116755117513267,0.24336618650492797,0.6557998483699773,0.006823351023502653,7.567854435178164,5.384382107657316
48,177,01383874,0500000US48177,48177,Gonzales,Gonzales County,TX,Texas,06,2762704862,8204086,48177,19851,10687,1281,244,84,116,4868,10139,"Gonzales County, Texas",53.83607878696287,6.453075411818045,1.2291572212986752,0.4231524860208554,0.5843534330764193,24.522694070827665,51.07551256863634
16,067,00394807,0500000US16067,16067,Minidoka,Minidoka County,ID,Idaho,06,1960610977,13927954,16067,22208,14884,22,407,94,0,3922,8227,"Minidoka County, Idaho",67.02089337175792,0.09906340057636888,1.8326729106628241,0.4232708933717579,0.0,17.660302593659942,37.045208933717575
42,085,01213678,0500000US42085,42085,Mercer,Mercer County,PA,Pennsylvania,06,1741864529,25965918,42085,109257,96236,6358,102,709,19,4923,1837,"Mercer County, Pennsylvania",88.08222814098869,5.819306772106135,0.09335786265410911,0.6489286727623859,0.01739019010223601,4.505889782805679,1.6813568009372397
29,113,00758511,0500000US29113,29113,Lincoln,Lincoln County,MO,Missouri,06,1622789067,36002285,29113,63057,58143,1223,153,203,72,2682,1809,"Lincoln County, Missouri",92.20705076359485,1.9395150419461757,0.24263761358770636,0.3219309513614666,0.11418240639421476,4.253294638184499,2.868832960654646
26,093,01622989,0500000US26093,26093,Livingston,Livingston County,MI,Michigan,06,1464076021,52118264,26093,195833,183088,1157,438,1938,84,7689,5783,"Livingston County, Michigan",93.4919038160065,0.5908095162715171,0.2236599551658811,0.9896187057339672,0.04289369003181282,3.9263045554120093,2.9530263030234942
26,143,01623014,0500000US26143,26143,Roscommon,Roscommon County,MI,Michigan,06,1346526239,155723123,26143,23737,22108,160,49,28,0,1322,483,"Roscommon County, Michigan",93.13729620423811,0.6740531659434638,0.20642878207018578,0.11795930404010617,0.0,5.56936428360787,2.0347979946918313
36,005,00974101,0500000US36005,36005,Bronx,Bronx County,NY,New York,06,109235674,39353304,36005,1404779,185302,458723,21591,58435,2191,211442,773828,"Bronx County, New York",13.190829304823037,32.6544602389415,1.5369677365621213,4.159729039229658,0.15596759347911665,15.051620219265807,55.085390655754395
39,021,01074023,0500000US39021,39021,Champaign,Champaign County,OH,Ohio,06,1111052284,2173115,39021,38804,35685,637,84,187,0,1762,708,"Champaign County, Ohio",91.96216884857232,1.641583341923513,0.21647252860529845,0.4819090815379858,0.0,4.540768992887331,1.8245541696732295
26,161,01623021,0500000US26161,26161,Washtenaw,Washtenaw County,MI,Michigan,06,1828539918,42523115,26161,369822,253992,42421,1007,34148,110,31227,21403,"Washtenaw County, Michigan",68.6795269075393,11.470653449497325,0.2722931572486223,9.233631314524285,0.0297440390241792,8.443791878254943,5.787378793040976
31,135,00835889,0500000US31135,31135,Perkins,Perkins County,NE,Nebraska,06,2287768800,2840176,31135,2821,2553,0,21,16,0,200,159,"Perkins County, Nebraska",90.49982275788727,0.0,0.7444168734491315,0.5671747607231479,0.0,7.0896845090393485,5.6362991846862815
27,151,00659520,0500000US27151,27151,Swift,Swift County,MN,Minnesota,06,1921837475,26239987,27151,9748,8621,69,212,0,111,487,701,"Swift County, Minnesota",88.4386540828888,0.7078375051292574,2.1748050882232253,0.0,1.138695116947066,4.995896594173164,7.19121871153057
09,140,02830249,0500000US09140,09140,Naugatuck Valley,Naugatuck Valley Planning Region,CT,Connecticut,PL,1069106116,22748115,09140,454969,291451,52127,943,17489,152,57071,90672,"Naugatuck Valley Planning Region, Connecticut",64.05952933056977,11.45726412129178,0.2072668687317158,3.843998162512171,0.03340886961529247,12.543931564568137,19.929269906301307
38,063,01034217,0500000US38063,38063,Nelson,Nelson County,ND,North Dakota,06,2542889235,70073746,38063,3016,2795,14,29,22,0,131,89,"Nelson County, North Dakota",92.67241379310344,0.4641909814323607,0.9615384615384616,0.7294429708222812,0.0,4.343501326259947,2.9509283819628647
35,047,00929114,0500000US35047,35047,San Miguel,San Miguel County,NM,New Mexico,06,12228666259,51380263,35047,26850,10927,463,620,97,0,10410,20192,"San Miguel County, New Mexico",40.696461824953445,1.7243947858472997,2.3091247672253257,0.3612662942271881,0.0,38.77094972067039,75.20297951582869
29,181,00758545,0500000US29181,29181,Ripley,Ripley County,MO,Missouri,06,1630438188,5455724,29181,10708,9921,34,12,30,0,662,157,"Ripley County, Missouri",92.65035487485991,0.31751961150541647,0.11206574523720583,0.28016436309301457,0.0,6.182293612252521,1.4661935001867763
20,173,00485049,0500000US20173,20173,Sedgwick,Sedgwick County,KS,Kansas,06,2582051703,31558986,20173,528226,365216,41253,4353,22610,435,67200,87159,"Sedgwick County, Kansas",69.14010291049665,7.809725382696044,0.8240790873603344,4.280364843835782,0.08235111486371365,12.721827399635762,16.50032372507222
13,001,00349113,0500000US13001,13001,Appling,Appling County,GA,Georgia,06,1316393192,10358093,13001,18493,12668,3351,56,73,0,1488,1992,"Appling County, Georgia",68.5015951981831,18.12036986968042,0.3028172822148921,0.3947439571729844,0.0,8.046287784567134,10.771643324501163
19,021,00465200,0500000US19021,19021,Buena Vista,Buena Vista County,IA,Iowa,06,1488981868,13798140,19021,20753,12457,679,85,1982,608,2604,6094,"Buena Vista County, Iowa",60.025056618320235,3.2718161229701734,0.4095793379270467,9.550426444369489,2.929696911289934,12.54758348190623,29.364429239146144
17,137,00424270,0500000US17137,17137,Morgan,Morgan County,IL,Illinois,06,1473595806,9053547,17137,33021,28951,1619,45,276,19,1861,967,"Morgan County, Illinois",87.67451016020108,4.902940552981436,0.1362769146906514,0.8358317434359953,0.057539141758275035,5.6358075164289385,2.928439477907998
29,229,00758567,0500000US29229,29229,Wright,Wright County,MO,Missouri,06,1765786964,3526470,29229,18965,17449,103,14,65,0,999,497,"Wright County, Missouri",92.00632744529396,0.5431057210651199,0.0738201950962299,0.3427366200896388,0.0,5.267598207223834,2.6206169259161616
17,075,00424239,0500000US17075,17075,Iroquois,Iroquois County,IL,Illinois,06,2894039688,4241183,17075,26449,23481,213,137,89,0,1471,2187,"Iroquois County, Illinois",88.7784037203675,0.8053234526825211,0.5179779953873492,0.336496653937767,0.0,5.561646943173655,8.26874361979659
48,271,01383921,0500000US48271,48271,Kinney,Kinney County,TX,Texas,06,3523765249,11885327,48271,3157,1993,2,65,0,0,855,1814,"Kinney County, Texas",63.12955337345581,0.06335128286347799,2.0589166930630345,0.0,0.0,27.08267342413684,57.459613557174535
17,095,00424249,0500000US17095,17095,Knox,Knox County,IL,Illinois,06,1855428865,8837382,17095,49046,40178,3962,29,617,7,3400,3161,"Knox County, Illinois",81.91901480243037,8.078130734412593,0.05912816539575093,1.2580026913509768,0.014272315785181258,6.932267667088039,6.444970028136851
20,041,00484990,0500000US20041,20041,Dickinson,Dickinson County,KS,Kansas,06,2193895358,12632458,20041,18445,16722,18,92,44,0,1285,1050,"Dickinson County, Kansas",90.65871509894279,0.09758742206560043,0.49878015722418,0.23854703171591216,0.0,6.966657630794253,5.692599620493358
13,237,00347246,0500000US13237,13237,Putnam,Putnam County,GA,Georgia,06,892721731,41451859,13237,22855,14988,5029,45,498,68,1809,1648,"Putnam County, Georgia",65.57864799824983,22.003937869175235,0.1968934587617589,2.178954276963465,0.29752789323999124,7.9151170422227075,7.2106760008750825
13,165,00342985,0500000US13165,13165,Jenkins,Jenkins County,GA,Georgia,06,899705946,13195935,13165,8711,4786,3234,5,0,0,361,802,"Jenkins County, Georgia",54.94202732177706,37.125473539203306,0.057398691309838136,0.0,0.0,4.1441855125703135,9.206750086098037
48,507,01384039,0500000US48507,48507,Zavala,Zavala County,TX,Texas,06,3360268878,11208707,48507,9412,2079,79,9,47,0,6718,8717,"Zavala County, Texas",22.088822779430515,0.8393540161495963,0.09562260943476412,0.4993625159371015,0.0,71.37696557586061,92.61580960475987
39,041,01074033,0500000US39041,39041,Delaware,Delaware County,OH,Ohio,06,1147743703,36698376,39041,226834,181317,9931,139,19485,28,13918,7899,"Delaware County, Ohio",79.93378417697524,4.378091467769382,0.061278291614131924,8.589982101448635,0.012343828526587724,6.135764479751712,3.482282197554159
13,255,00353055,0500000US13255,13255,Spalding,Spalding County,GA,Georgia,06,507561202,9375991,13255,68892,38004,24680,77,663,24,3964,4229,"Spalding County, Georgia",55.16460546943042,35.82418858503164,0.11176914590953957,0.9623758927016199,0.03483713638738896,5.753933693317076,6.1385937409278295
13,005,00344784,0500000US13005,13005,Bacon,Bacon County,GA,Georgia,06,735770219,4506310,13005,11109,8139,1487,29,96,12,939,944,"Bacon County, Georgia",73.26492033486363,13.38554325321811,0.2610495994238905,0.8641641911963273,0.10802052389954091,8.452605995139075,8.497614546763884
16,003,00395067,0500000US16003,16003,Adams,Adams County,ID,Idaho,06,3529648934,17359846,16003,4744,4230,9,96,0,2,378,235,"Adams County, Idaho",89.16526138279932,0.1897133220910624,2.0236087689713322,0.0,0.042158516020236084,7.967959527824621,4.95362563237774
48,413,01383992,0500000US48413,48413,Schleicher,Schleicher County,TX,Texas,06,3394546068,87401,48413,2381,1162,13,1,0,11,538,1266,"Schleicher County, Texas",48.80302393952121,0.5459890802183957,0.041999160016799666,0.0,0.46199076018479635,22.59554808903822,53.17093658126838
29,147,00758528,0500000US29147,29147,Nodaway,Nodaway County,MO,Missouri,06,2271326612,2361588,29147,20774,19125,439,58,341,5,514,461,"Nodaway County, Missouri",92.06219312602292,2.1132184461345913,0.27919514778087995,1.6414749205737944,0.02406854722248965,2.474246654471936,2.219120053913546
31,001,00835823,0500000US31001,31001,Adams,Adams County,NE,Nebraska,06,1458872832,2477681,31001,31052,26118,480,67,300,0,2194,3869,"Adams County, Nebraska",84.11052428184979,1.5457941517454592,0.21576710034780366,0.966121344840912,0.0,7.0655674352698705,12.459744943964962
31,005,00835825,0500000US31005,31005,Arthur,Arthur County,NE,Nebraska,06,1852234549,7644718,31005,484,450,0,0,0,5,28,3,"Arthur County, Nebraska",92.97520661157024,0.0,0.0,0.0,1.0330578512396695,5.785123966942149,0.6198347107438017
48,279,01383926,0500000US48279,48279,Lamb,Lamb County,TX,Texas,06,2631897589,3973764,48279,12828,8771,473,52,101,45,2783,7478,"Lamb County, Texas",68.37386966011849,3.6872466479575925,0.40536326785157467,0.7873401933270969,0.3507951356407858,21.69473027751793,58.29435609603991
48,275,01383923,0500000US48275,48275,Knox,Knox County,TX,Texas,06,2203098613,12587673,48275,3307,2251,162,6,10,0,661,1109,"Knox County, Texas",68.06773510734804,4.8986997278500155,0.18143332325370426,0.3023888720895071,0.0,19.98790444511642,33.53492591472634
48,345,01383958,0500000US48345,48345,Motley,Motley County,TX,Texas,06,2562963900,644140,48345,1183,952,63,1,0,0,158,119,"Motley County, Texas",80.4733727810651,5.325443786982249,0.08453085376162299,0.0,0.0,13.355874894336434,10.059171597633137
29,115,00758512,0500000US29115,29115,Linn,Linn County,MO,Missouri,06,1594366554,14989603,29115,11852,11194,97,33,52,12,407,352,"Linn County, Missouri",94.44819439757003,0.8184272696591293,0.27843401957475533,0.4387445156935539,0.10124873439082012,3.4340195747553155,2.9699628754640566
13,085,00351312,0500000US13085,13085,Dawson,Dawson County,GA,Georgia,06,546042258,9272655,13085,30242,26074,588,9,382,0,2473,2208,"Dawson County, Georgia",86.21784273526883,1.944315852126182,0.02975993651213544,1.2631439719595265,0.0,8.177369221612327,7.301104424310561
05,037,00066848,0500000US05037,05037,Cross,Cross County,AR,Arkansas,06,1596255187,15389371,05037,16543,11902,2617,43,479,0,1365,378,"Cross County, Arkansas",71.9458381188418,15.819379798101915,0.25992867073686754,2.895484494952548,0.0,8.251224082693586,2.284954361361301
55,113,01581116,0500000US55113,55113,Sawyer,Sawyer County,WI,Wisconsin,06,3257170152,239930110,55113,18476,14349,118,2433,109,6,1259,450,"Sawyer County, Wisconsin",77.66291405066032,0.6386663780038969,13.168434726131197,0.5899545356137692,0.03247456159341849,6.814245507685646,2.4355921195063868
55,129,01581124,0500000US55129,55129,Washburn,Washburn County,WI,Wisconsin,06,2064515987,145563849,55129,16854,15666,45,170,78,3,773,353,"Washburn County, Wisconsin",92.95122819508723,0.266998932004272,1.0086626320161387,0.4627981488074048,0.0177999288002848,4.586448320873384,2.0944582888335113
42,019,01213661,0500000US42019,42019,Butler,Butler County,PA,Pennsylvania,06,2044759923,15994810,42019,197254,183018,2113,223,2846,36,7409,3981,"Butler County, Pennsylvania",92.78290934531113,1.0712076814665354,0.11305220679935514,1.4428097782554474,0.018250580469851056,3.756070852809069,2.0182100236243623
36,013,00974105,0500000US36013,36013,Chautauqua,Chautauqua County,NY,New York,06,2746450219,1139029655,36013,125544,108193,3286,411,876,71,8096,12039,"Chautauqua County, New York",86.17934747976805,2.6174090358758684,0.3273752628560505,0.6977633339705601,0.05655387752501115,6.448735104823807,9.589466641177594
29,079,00758494,0500000US29079,29079,Grundy,Grundy County,MO,Missouri,06,1127403258,7116081,29079,9787,9059,50,20,73,1,493,273,"Grundy County, Missouri",92.56156125472566,0.5108817819556555,0.20435271278226216,0.745887401655257,0.010217635639113109,5.037294370082763,2.7894145294778787
48,281,01383927,0500000US48281,48281,Lampasas,Lampasas County,TX,Texas,06,1845440046,2749903,48281,22715,17448,911,159,268,0,3177,4657,"Lampasas County, Texas",76.81267884657716,4.01056570548096,0.6999779881135813,1.179837112040502,0.0,13.986352630420425,20.50187101034559
48,057,01383814,0500000US48057,48057,Calhoun,Calhoun County,TX,Texas,06,1312945541,1361646236,48057,19868,11034,517,60,824,0,5642,9821,"Calhoun County, Texas",55.53654117173345,2.602174350714717,0.30199315482182404,4.14737265955305,0.0,28.39742299174552,49.43124622508556
16,065,00394803,0500000US16065,16065,Madison,Madison County,ID,Idaho,06,1215396274,10500950,16065,54618,47573,555,134,816,157,3373,5369,"Madison County, Idaho",87.10132190852833,1.0161485224651214,0.24534036398256984,1.4940129627595298,0.28745102347211543,6.175619759053792,9.830092643450877
19,069,00465223,0500000US19069,19069,Franklin,Franklin County,IA,Iowa,06,1507300417,1438346,19069,9956,8336,67,29,36,0,990,1642,"Franklin County, Iowa",83.72840498192045,0.6729610285255123,0.29128163921253514,0.3615910004017678,0.0,9.943752511048613,16.49256729610285
16,007,00395090,0500000US16007,16007,Bear Lake,Bear Lake County,ID,Idaho,06,2527123155,191364281,16007,6650,6329,33,36,14,0,163,254,"Bear Lake County, Idaho",95.17293233082707,0.4962406015037594,0.5413533834586466,0.21052631578947367,0.0,2.4511278195488724,3.819548872180451
19,079,00465228,0500000US19079,19079,Hamilton,Hamilton County,IA,Iowa,06,1493725536,1956182,19079,14886,12870,144,49,338,21,1117,1510,"Hamilton County, Iowa",86.45707376058041,0.9673518742442563,0.3291683460970039,2.270589815934435,0.14107214832728737,7.503694746741905,10.143759236866854
01,101,00161577,0500000US01101,01101,Montgomery,Montgomery County,AL,Alabama,06,2034059354,37703222,01101,226718,69213,133799,604,7757,35,11385,11234,"Montgomery County, Alabama",30.52823331186761,59.01560528939035,0.2664102541483252,3.42143102885523,0.015437680290051957,5.021656860064044,4.9550542965269635
13,043,00342852,0500000US13043,13043,Candler,Candler County,GA,Georgia,06,629520841,15018189,13043,11043,6554,2538,390,64,0,994,1416,"Candler County, Georgia",59.3498143620393,22.982885085574573,3.5316490084216245,0.5795526577922666,0.0,9.00117721633614,12.822602553653898
13,051,01694477,0500000US13051,13051,Chatham,Chatham County,GA,Georgia,06,1121770892,509854701,13051,300879,141221,117105,984,9384,396,21249,24958,"Chatham County, Georgia",46.93614376543395,38.92096158256309,0.3270417676208709,3.1188617351161096,0.13161436989620412,7.062307439203135,8.29502889866026
19,137,00465257,0500000US19137,19137,Montgomery,Montgomery County,IA,Iowa,06,1098405769,2410446,19137,10214,9411,184,6,109,37,337,82,"Montgomery County, Iowa",92.13824162913647,1.8014489915801841,0.05874290189935383,1.0671627178382612,0.36224789504601523,3.2993929900137067,0.8028196592911689
48,385,01383978,0500000US48385,48385,Real,Real County,TX,Texas,06,1810812879,2346259,48385,2802,2613,21,0,0,0,143,530,"Real County, Texas",93.25481798715204,0.7494646680942184,0.0,0.0,0.0,5.10349750178444,18.91506067094932
08,115,00198173,0500000US08115,08115,Sedgwick,Sedgwick County,CO,Colorado,06,1419419015,3530746,08115,2304,1861,22,2,41,0,288,446,"Sedgwick County, Colorado",80.77256944444444,0.9548611111111112,0.08680555555555555,1.7795138888888888,0.0,12.5,19.35763888888889
19,161,00465269,0500000US19161,19161,Sac,Sac County,IA,Iowa,06,1489300201,8569436,19161,9689,8982,49,8,63,17,376,422,"Sac County, Iowa",92.70306533181959,0.5057281453194344,0.08256786046031583,0.6502219011249871,0.17545670347817113,3.8806894416348436,4.3554546392816595
48,399,01383985,0500000US48399,48399,Runnels,Runnels County,TX,Texas,06,2722259323,15604788,48399,9874,6360,290,23,11,0,2555,3442,"Runnels County, Texas",64.41158598339072,2.9370062791168725,0.23293498075754507,0.1114036864492607,0.0,25.876038079805554,34.859226250759576
13,119,00349324,0500000US13119,13119,Franklin,Franklin County,GA,Georgia,06,676873326,12752556,13119,24234,19770,2134,48,429,6,1414,1319,"Franklin County, Georgia",81.57959891062144,8.805810018981596,0.19806882891804903,1.7702401584550629,0.02475860361475613,5.834777585210861,5.4427663613105555
12,049,00295746,0500000US12049,12049,Hardee,Hardee County,FL,Florida,06,1651297014,1472455,12049,25675,14122,1872,792,288,12,4986,10867,"Hardee County, Florida",55.00292112950341,7.29113924050633,3.0847127555988316,1.1217137293086659,0.04673807205452775,19.419668938656283,42.32521908471276
13,147,01687995,0500000US13147,13147,Hart,Hart County,GA,Georgia,06,601970613,63521436,13147,26939,19932,4576,141,368,0,1473,1145,"Hart County, Georgia",73.98938342180482,16.98652511229073,0.5234047292030142,1.3660492223170868,0.0,5.467908979546383,4.250343368350718
39,033,01074029,0500000US39033,39033,Crawford,Crawford County,OH,Ohio,06,1040619655,2359514,39033,41711,39665,314,25,352,0,1292,763,"Crawford County, Ohio",95.09481911246434,0.7527990218407614,0.05993622785356381,0.8439020881781785,0.0,3.0975042554721774,1.8292536740907674
13,199,00346892,0500000US13199,13199,Meriwether,Meriwether County,GA,Georgia,06,1297342080,10832501,13199,20929,11892,8190,17,142,15,597,176,"Meriwether County, Georgia",56.82067944001147,39.13230445792919,0.08122700559032921,0.6784843996368675,0.07167088728558459,2.852501313966267,0.840938410817526
34,033,00882233,0500000US34033,34033,Salem,Salem County,NJ,New Jersey,06,859515222,105389623,34033,65275,47420,9595,122,632,74,4548,7362,"Salem County, New Jersey",72.64649559555725,14.699348908464192,0.18690157027958637,0.9682114132516277,0.11336652623515896,6.967445423209498,11.278437380314056
38,083,01034203,0500000US38083,38083,Sheridan,Sheridan County,ND,North Dakota,06,2518053323,86198839,38083,1303,1260,0,5,7,0,31,5,"Sheridan County, North Dakota",96.69992325402916,0.0,0.38372985418265537,0.5372217958557176,0.0,2.379125095932464,0.38372985418265537
05,063,00069163,0500000US05063,05063,Independence,Independence County,AR,Arkansas,06,1978003738,20251226,05063,38175,31927,701,228,332,111,3155,3382,"Independence County, Arkansas",83.63326784544859,1.8362802881466929,0.5972495088408645,0.8696791093647676,0.2907662082514735,8.264571054354944,8.859201047806156
31,043,00835843,0500000US31043,31043,Dakota,Dakota County,NE,Nebraska,06,684472101,8143819,31043,21354,9548,1852,722,646,0,4403,8878,"Dakota County, Nebraska",44.71293434485342,8.672848178327246,3.3810995598014424,3.025194342980238,0.0,20.619087758733727,41.57534888077175
51,590,01498421,0500000US51590,51590,Danville,Danville city,VA,Virginia,25,110844523,2341364,51590,42214,16795,21517,31,522,0,3073,2348,"Danville city, Virginia",39.785379258066044,50.971241768133794,0.07343535320036007,1.2365565925996116,0.0,7.279575496280854,5.56213578433695
51,640,01498426,0500000US51640,51640,Galax,Galax city,VA,Virginia,25,21332077,105290,51640,6726,5409,331,13,19,0,695,950,"Galax city, Virginia",80.4192685102587,4.921201308355635,0.19327980969372585,0.2824858757062147,0.0,10.33303597977996,14.124293785310735
51,660,01498563,0500000US51660,51660,Harrisonburg,Harrisonburg city,VA,Virginia,25,44898873,131080,51660,51392,33036,3938,271,1837,24,8140,12119,"Harrisonburg city, Virginia",64.28237858032378,7.662671232876712,0.5273194271481942,3.5744863013698627,0.046699875466998754,15.83904109589041,23.58149128268991
18,049,00450353,0500000US18049,18049,Fulton,Fulton County,IN,Indiana,06,954133332,7439345,18049,20312,18322,100,19,22,0,739,1108,"Fulton County, Indiana",90.20283576211106,0.49231981094919264,0.09354076408034659,0.10831035840882237,0.0,3.638243402914533,5.454903505317054
39,105,01074065,0500000US39105,39105,Meigs,Meigs County,OH,Ohio,06,1113957874,7519818,39105,21896,21074,199,3,56,0,533,116,"Meigs County, Ohio",96.24588966021192,0.9088417975886007,0.01370113262696383,0.2557544757033248,0.0,2.4342345633905733,0.5297771282426014
54,045,01550029,0500000US54045,54045,Logan,Logan County,WV,West Virginia,06,1175120719,4748336,54045,31418,30048,616,2,79,1,632,258,"Logan County, West Virginia",95.63944235788402,1.9606594945572602,0.006365777579731364,0.2514482143993889,0.003182888789865682,2.0115857151951113,0.8211853077853459
54,013,01696945,0500000US54013,54013,Calhoun,Calhoun County,WV,West Virginia,06,723286841,3670131,54013,6048,5794,5,9,3,0,197,39,"Calhoun County, West Virginia",95.80026455026454,0.08267195767195767,0.1488095238095238,0.0496031746031746,0.0,3.257275132275132,0.6448412698412698
28,053,00695750,0500000US28053,28053,Humphreys,Humphreys County,MS,Mississippi,06,1084375633,32514314,28053,7395,1497,5780,13,14,0,91,31,"Humphreys County, Mississippi",20.24340770791075,78.16091954022988,0.1757944557133198,0.18931710615280595,0.0,1.2305611899932387,0.4192021636240703
29,025,00758467,0500000US29025,29025,Caldwell,Caldwell County,MO,Missouri,06,1104353494,8399237,29025,8927,8270,107,34,37,7,412,203,"Caldwell County, Missouri",92.64030469362608,1.198610955528173,0.3808670325977372,0.41447294723871403,0.07841380082894589,4.615212277360816,2.274000224039431
37,133,01026341,0500000US37133,37133,Onslow,Onslow County,NC,North Carolina,06,1973791552,370648831,37133,207906,139725,25041,1465,3934,328,29752,29152,"Onslow County, North Carolina",67.20585264494531,12.044385443421547,0.7046453685800314,1.892201283272248,0.1577636047059729,14.310313314671053,14.021721354843052
54,091,01689856,0500000US54091,54091,Taylor,Taylor County,WV,West Virginia,06,447475053,7532835,54091,16487,15680,114,22,0,0,671,169,"Taylor County, West Virginia",95.1052344271244,0.6914538727482259,0.13343846667071027,0.0,0.0,4.069873233456662,1.0250500394250015
12,121,00295729,0500000US12121,12121,Suwannee,Suwannee County,FL,Florida,06,1783430092,9505389,12121,45342,33600,4406,111,302,0,5432,5348,"Suwannee County, Florida",74.10348021701734,9.717259935600547,0.24480614000264656,0.6660491376648582,0.0,11.980062635084469,11.794803934541925
53,045,01529221,0500000US53045,53045,Mason,Mason County,WA,Washington,06,2485231719,236957000,53045,67982,52340,709,1578,665,128,7594,8685,"Mason County, Washington",76.99096819746404,1.0429231267100114,2.321202671295343,0.9782001117942986,0.18828513430025595,11.170603983407371,12.77544055779471
50,003,01461758,0500000US50003,50003,Bennington,Bennington County,VT,Vermont,06,1746264295,6898408,50003,37269,34230,435,36,317,5,1898,1047,"Bennington County, Vermont",91.84576994284794,1.1671898897206794,0.09659502535619416,0.8505728621642653,0.013415975743915856,5.092704392390458,2.8093053207759797
54,093,01689423,0500000US54093,54093,Tucker,Tucker County,WV,West Virginia,06,1085320044,5303786,54093,6654,6446,0,2,0,0,189,33,"Tucker County, West Virginia",96.87406071535918,0.0,0.030057108506161705,0.0,0.0,2.840396753832281,0.49594229035166815
32,027,00858646,0500000US32027,32027,Pershing,Pershing County,NV,Nevada,06,15634691970,79934815,32027,6487,4653,309,297,58,4,738,1533,"Pershing County, Nevada",71.72807152767072,4.763372899645445,4.578387544319408,0.894095884075844,0.0616617851086789,11.376599352551256,23.631879142901187
32,510,00863219,0500000US32510,32510,Carson City,Carson City,NV,Nevada,00,374341371,32594082,32510,58384,39667,1037,1267,1468,52,9187,15385,"Carson City, Nevada",67.94155933132366,1.7761715538503702,2.1701151000274046,2.514387503425596,0.089065497396547,15.735475472732254,26.351397643189916
72,137,01804549,0500000US72137,72137,Toa Baja,Toa Baja Municipio,PR,Puerto Rico,13,60201709,48075983,72137,73039,8631,3362,329,9,0,18907,72668,"Toa Baja Municipio, Puerto Rico",11.816974493079039,4.603020304221032,0.45044428319117186,0.012322184038664275,0.0,25.88617040211394,99.49205219129507
19,131,00465254,0500000US19131,19131,Mitchell,Mitchell County,IA,Iowa,06,1215368212,1118491,19131,10575,10138,37,34,64,0,197,257,"Mitchell County, Iowa",95.8676122931442,0.34988179669030733,0.3215130023640662,0.6052009456264775,0.0,1.8628841607565012,2.430260047281324
13,229,00349086,0500000US13229,13229,Pierce,Pierce County,GA,Georgia,06,881777233,7183926,13229,20202,17037,2002,59,0,0,998,1070,"Pierce County, Georgia",84.33323433323433,9.90990990990991,0.29205029205029204,0.0,0.0,4.94010494010494,5.296505296505297
37,061,01026132,0500000US37061,37061,Duplin,Duplin County,NC,North Carolina,06,2110115796,14237879,37061,49335,26427,10934,273,288,53,3764,11496,"Duplin County, North Carolina",53.56643356643357,22.162764771460424,0.5533596837944664,0.5837640620249316,0.10742880308097699,7.629471977298065,23.30191547582852
37,127,01008574,0500000US37127,37127,Nash,Nash County,NC,North Carolina,06,1399742864,6174819,37127,96216,46014,38655,620,1034,22,4838,7925,"Nash County, North Carolina",47.8236467947119,40.175230730855574,0.6443834705246528,1.0746653363265986,0.02286521992184252,5.028269726448824,8.236675812754637
13,211,00346008,0500000US13211,13211,Morgan,Morgan County,GA,Georgia,06,899791083,18672325,13211,21078,15498,4326,0,155,0,867,797,"Morgan County, Georgia",73.5269000853971,20.523768858525475,0.0,0.7353638865167473,0.0,4.113293481354967,3.7811936616377264
18,035,00450347,0500000US18035,18035,Delaware,Delaware County,IN,Indiana,06,1015558819,9841207,18035,112280,95719,5975,172,1956,23,6975,3657,"Delaware County, Indiana",85.25026718916993,5.3215176344852155,0.15318845742785892,1.7420733879586747,0.020484503028143926,6.212148200926255,3.2570359814748846
20,185,00485054,0500000US20185,20185,Stafford,Stafford County,KS,Kansas,06,2051389756,7435417,20185,3978,3370,8,63,0,0,437,533,"Stafford County, Kansas",84.71593765711413,0.20110608345902461,1.583710407239819,0.0,0.0,10.98541980894922,13.398692810457517
26,035,01622960,0500000US26035,26035,Clare,Clare County,MI,Michigan,06,1461703750,28496979,26035,31218,29185,356,119,102,1,1195,715,"Clare County, Michigan",93.48773143699148,1.1403677365622398,0.3811903389070408,0.32673457620603497,0.003203280158882696,3.827919789864821,2.2903453136011276
08,017,00198124,0500000US08017,08017,Cheyenne,Cheyenne County,CO,Colorado,06,4605713958,8166129,08017,1741,1428,31,2,0,10,220,188,"Cheyenne County, Colorado",82.02182653647328,1.7805858701895463,0.11487650775416428,0.0,0.5743825387708213,12.636415852958068,10.798391728891442
26,007,01622946,0500000US26007,26007,Alpena,Alpena County,MI,Michigan,06,1481205164,2908633230,26007,28880,26743,291,25,53,0,1600,477,"Alpena County, Michigan",92.60041551246537,1.007617728531856,0.08656509695290858,0.1835180055401662,0.0,5.540166204986149,1.6516620498614958
26,011,01622948,0500000US26011,26011,Arenac,Arenac County,MI,Michigan,06,940627660,822313309,26011,15077,14086,109,57,29,0,750,336,"Arenac County, Michigan",93.42707435166147,0.7229554951250249,0.3780592956158387,0.1923459574185846,0.0,4.974464415997878,2.2285600583670493
72,059,01804510,0500000US72059,72059,Guayanilla,Guayanilla Municipio,PR,Puerto Rico,13,109480893,56910875,72059,17141,12913,436,34,0,0,1426,17112,"Guayanilla Municipio, Puerto Rico",75.33399451607258,2.5436088909631875,0.1983548217723587,0.0,0.0,8.319234583746573,99.83081500495888
20,051,00484995,0500000US20051,20051,Ellis,Ellis County,KS,Kansas,06,2330762300,1197085,20051,28920,25650,533,61,452,11,1663,2110,"Ellis County, Kansas",88.69294605809128,1.843015214384509,0.21092669432918396,1.5629322268326418,0.0380359612724758,5.750345781466113,7.295988934993085
20,165,00485358,0500000US20165,20165,Rush,Rush County,KS,Kansas,06,1858997559,544720,20165,2947,2603,11,16,0,0,308,191,"Rush County, Kansas",88.32711231761114,0.3732609433322022,0.5429250084832032,0.0,0.0,10.451306413301662,6.481167288768239
72,053,01804506,0500000US72053,72053,Fajardo,Fajardo Municipio,PR,Puerto Rico,13,77458702,195342715,72053,31489,3375,1461,0,181,0,15303,31155,"Fajardo Municipio, Puerto Rico",10.718028517895139,4.639715456191051,0.0,0.5748038997745244,0.0,48.59792308425164,98.93931214074756
26,157,01623019,0500000US26157,26157,Tuscola,Tuscola County,MI,Michigan,06,2084527022,282490891,26157,52980,49299,620,139,190,6,2284,2001,"Tuscola County, Michigan",93.05209513023782,1.1702529256323142,0.2623631559078898,0.3586258965647414,0.011325028312570781,4.311060777651944,3.7768969422423555
18,009,00450404,0500000US18009,18009,Blackford,Blackford County,IN,Indiana,06,427559406,1298757,18009,11950,11330,77,21,13,0,476,283,"Blackford County, Indiana",94.81171548117155,0.6443514644351465,0.17573221757322177,0.10878661087866108,0.0,3.98326359832636,2.3682008368200833
46,101,01265775,0500000US46101,46101,Moody,Moody County,SD,South Dakota,06,1345185721,3690537,46101,6397,4772,14,822,108,3,552,371,"Moody County, South Dakota",74.59746756292012,0.21885258715022668,12.849773331249024,1.688291386587463,0.04689698296076286,8.629044864780367,5.799593559481007
01,071,00161561,0500000US01071,01071,Jackson,Jackson County,AL,Alabama,06,2792044647,126334711,01071,53053,46884,1680,254,253,14,2578,1897,"Jackson County, Alabama",88.37200535313742,3.1666446760786386,0.4787665165023655,0.4768816089570807,0.02638870563398865,4.859291651744481,3.5756696134054624
18,011,00450405,0500000US18011,18011,Boone,Boone County,IN,Indiana,06,1095260013,876741,18011,74718,65197,2284,18,2678,73,4046,3234,"Boone County, Indiana",87.25742123718516,3.0568270028641025,0.02409058058299205,3.5841430445140396,0.0977006879199122,5.415027168821435,4.328274311410905
18,133,00450384,0500000US18133,18133,Putnam,Putnam County,IN,Indiana,06,1244585885,5585892,18133,37280,34056,1244,33,552,0,1207,839,"Putnam County, Indiana",91.3519313304721,3.336909871244635,0.08851931330472103,1.48068669527897,0.0,3.2376609442060085,2.250536480686695
18,159,00450394,0500000US18159,18159,Tipton,Tipton County,IN,Indiana,06,674797600,68028,18159,15346,14375,168,32,46,12,413,499,"Tipton County, Indiana",93.67261827186238,1.094747817020722,0.20852339371823275,0.2997523784699596,0.07819627264433729,2.6912550501759416,3.251661670793692
40,021,01101798,0500000US40021,40021,Cherokee,Cherokee County,OK,Oklahoma,06,1940228930,69661251,40021,47942,22152,607,15640,489,31,8125,3829,"Cherokee County, Oklahoma",46.20583204705686,1.2661132201410037,32.62275249259522,1.0199824788285845,0.06466146593800842,16.947561636978016,7.986733970214009
46,029,01265791,0500000US46029,46029,Codington,Codington County,SD,South Dakota,06,1780837049,76608858,46029,28767,26037,303,538,176,0,1313,946,"Codington County, South Dakota",90.50995932839713,1.053290228386693,1.8701984913268677,0.6118121458615775,0.0,4.5642576563423365,3.288490284005979
27,087,00659488,0500000US27087,27087,Mahnomen,Mahnomen County,MN,Minnesota,06,1444868084,64851532,27087,5358,2404,14,1864,25,4,1010,218,"Mahnomen County, Minnesota",44.86748786860769,0.2612915266890631,34.78910041060097,0.46659201194475547,0.07465472191116088,18.85031728256812,4.068682344158268
20,171,00485048,0500000US20171,20171,Scott,Scott County,KS,Kansas,06,1858536838,306079,20171,5027,4029,0,62,0,0,485,1096,"Scott County, Kansas",80.1472050925005,0.0,1.2333399641933558,0.0,0.0,9.647901332802865,21.802267754127712
55,025,01581072,0500000US55025,55025,Dane,Dane County,WI,Wisconsin,06,3098893820,106222414,55025,572674,442561,29788,1320,35212,347,51214,44744,"Dane County, Wisconsin",77.27974379839141,5.201563193020811,0.23049763041451155,6.148698910724077,0.060592937692299634,8.942958821249087,7.8131711933840196
13,197,00344107,0500000US13197,13197,Marion,Marion County,GA,Georgia,06,947213840,3785944,13197,7509,4377,2048,89,175,0,369,603,"Marion County, Georgia",58.29005193767479,27.273937941137298,1.1852443734185643,2.330536689306166,0.0,4.91410307630843,8.030363563723531
26,095,01622990,0500000US26095,26095,Luce,Luce County,MI,Michigan,06,2328593560,2624711552,26095,6271,4821,516,433,8,0,468,124,"Luce County, Michigan",76.87769095837984,8.228352734811036,6.904799872428639,0.12757136022962845,0.0,7.4629245734332645,1.977356083559241
29,013,00758461,0500000US29013,29013,Bates,Bates County,MO,Missouri,06,2167033438,38030738,29013,16186,15006,346,38,65,0,695,416,"Bates County, Missouri",92.70974916594588,2.1376498208328187,0.23477078957123437,0.40158161374026935,0.0,4.293834177684419,2.5701223279377237
55,121,01581120,0500000US55121,55121,Trempealeau,Trempealeau County,WI,Wisconsin,06,1898373580,23331638,55121,30839,26190,107,346,142,73,1372,3997,"Trempealeau County, Wisconsin",84.92493271506858,0.3469632608061221,1.1219559648497033,0.4604559162099939,0.23671325269950388,4.4489120918317715,12.960861247122152
51,650,01498554,0500000US51650,51650,Hampton,Hampton city,VA,Virginia,25,133282615,219667964,51650,137557,50457,67805,418,3131,152,12663,9447,"Hampton city, Virginia",36.68079414351869,49.2922933765639,0.30387403040194244,2.2761473425561767,0.11049964741888818,9.205638389903822,6.867698481356819
48,301,01383936,0500000US48301,48301,Loving,Loving County,TX,Texas,06,1732230053,19981167,48301,33,31,0,0,2,0,0,0,"Loving County, Texas",93.93939393939394,0.0,0.0,6.0606060606060606,0.0,0.0,0.0
40,015,01101795,0500000US40015,40015,Caddo,Caddo County,OK,Oklahoma,06,3309366433,32099077,40015,26447,14650,897,4816,119,0,4545,4487,"Caddo County, Oklahoma",55.3938064808863,3.3916890384542673,18.21000491549136,0.44995651680719934,0.0,17.185314024274962,16.966007486671455
08,019,00198125,0500000US08019,08019,Clear Creek,Clear Creek County,CO,Colorado,06,1023234059,3274900,08019,9262,8089,10,106,170,5,747,722,"Clear Creek County, Colorado",87.33534873677391,0.10796804145972792,1.144461239473116,1.8354567048153747,0.05398402072986396,8.065212697041675,7.795292593392356
08,027,00198129,0500000US08027,08027,Custer,Custer County,CO,Colorado,06,1913031975,3364150,08027,5247,4746,0,6,56,0,276,219,"Custer County, Colorado",90.45168667810177,0.0,0.11435105774728416,1.0672765389746521,0.0,5.260148656375072,4.173813607775871
08,005,00198118,0500000US08005,08005,Arapahoe,Arapahoe County,CO,Colorado,06,2066509954,19798771,08005,659844,390363,71991,6769,40139,1947,100228,143439,"Arapahoe County, Colorado",59.159892338189024,10.910306072344373,1.0258485338958905,6.083104491364626,0.29506974375761547,15.189650887179393,21.738319966537546
48,431,01384001,0500000US48431,48431,Sterling,Sterling County,TX,Texas,06,2391722770,167451,48431,1468,1064,2,4,2,0,302,524,"Sterling County, Texas",72.47956403269755,0.13623978201634876,0.2724795640326975,0.13623978201634876,0.0,20.572207084468666,35.694822888283376
48,485,01384028,0500000US48485,48485,Wichita,Wichita County,TX,Texas,06,1625459969,13644166,48485,129996,92184,13745,947,2976,189,15209,26848,"Wichita County, Texas",70.91295116772824,10.573402258531031,0.7284839533524108,2.2893012092679776,0.14538908889504293,11.699590756638665,20.65294316748208
48,261,01383916,0500000US48261,48261,Kenedy,Kenedy County,TX,Texas,06,3777657843,1261927310,48261,145,29,1,1,1,0,113,128,"Kenedy County, Texas",20.0,0.6896551724137931,0.6896551724137931,0.6896551724137931,0.0,77.93103448275862,88.27586206896552
48,263,01383917,0500000US48263,48263,Kent,Kent County,TX,Texas,06,2337482031,1065195,48263,734,624,7,0,0,0,86,118,"Kent County, Texas",85.01362397820164,0.9536784741144414,0.0,0.0,0.0,11.716621253405995,16.076294277929154
48,259,01383915,0500000US48259,48259,Kendall,Kendall County,TX,Texas,06,1715747612,1496797,48259,48567,36503,455,107,800,6,7369,11835,"Kendall County, Texas",75.16008812568205,0.9368501245701815,0.22031420511870198,1.647209010233286,0.012354067576749646,15.172853995511357,24.368398295138675
37,113,01025833,0500000US37113,37113,Macon,Macon County,NC,North Carolina,06,1335344505,10604263,37113,37941,32821,523,141,295,0,2056,3806,"Macon County, North Carolina",86.5053635908384,1.3784560238264676,0.37162963548667666,0.7775229962309903,0.0,5.418939933053952,10.031364486966606
40,049,01101812,0500000US40049,40049,Garvin,Garvin County,OK,Oklahoma,06,2077546552,30019851,40049,25860,20020,352,1153,165,3,3615,2695,"Garvin County, Oklahoma",77.4168600154679,1.3611755607115237,4.458623356535189,0.6380510440835266,0.01160092807424594,13.979118329466358,10.421500386697602
48,449,01384010,0500000US48449,48449,Titus,Titus County,TX,Texas,06,1052314636,50096807,48449,31363,16774,3222,210,0,0,5623,14103,"Titus County, Texas",53.48340401109588,10.27325192105347,0.6695788030481777,0.0,0.0,17.928769569237637,44.966999330421196
31,067,00835855,0500000US31067,31067,Gage,Gage County,NE,Nebraska,06,2205273758,22012188,31067,21629,20242,140,99,144,0,843,742,"Gage County, Nebraska",93.58731332932638,0.6472791160016644,0.45771880345831983,0.6657728050302834,0.0,3.897544962781451,3.4305793148088215
40,109,01101842,0500000US40109,40109,Oklahoma,Oklahoma County,OK,Oklahoma,06,1836035183,24721024,40109,806199,462934,115502,24265,27443,745,129251,162060,"Oklahoma County, Oklahoma",57.4218028055108,14.326735706692764,3.0098027906261358,3.403998268417599,0.0924089461783009,16.032145909384656,20.101736667993883
36,001,00974099,0500000US36001,36001,Albany,Albany County,NY,New York,06,1354273421,26971925,36001,317018,219405,39144,357,24574,226,23539,22986,"Albany County, New York",69.20900390514103,12.347563860727151,0.1126119021632841,7.751610318656985,0.07128932741989413,7.425130434234019,7.250692389706578
40,005,01101790,0500000US40005,40005,Atoka,Atoka County,OK,Oklahoma,06,2526412629,37269115,40005,14379,9759,591,1350,17,2,2590,636,"Atoka County, Oklahoma",67.86981013978719,4.110160650949301,9.388691842269976,0.1182279713471034,0.013909173099659226,18.012379164058697,4.423117045691634
40,019,01101797,0500000US40019,40019,Carter,Carter County,OK,Oklahoma,06,2129750447,29733323,40019,48555,32987,3007,3544,608,0,7128,4166,"Carter County, Oklahoma",67.937390587993,6.1929770363505305,7.298939347132118,1.2521882401400473,0.0,14.680259499536607,8.579960869117494
48,287,01383929,0500000US48287,48287,Lee,Lee County,TX,Texas,06,1629204758,13122562,48287,17971,11832,1731,353,47,0,3087,4774,"Lee County, Texas",65.8394079350064,9.632185187246119,1.9642757776417563,0.2615324689777976,0.0,17.177675143286404,26.56502142340437
51,079,01480129,0500000US51079,51079,Greene,Greene County,VA,Virginia,06,403900921,1680243,51079,21155,16708,1563,8,464,56,1416,1578,"Greene County, Virginia",78.97896478373907,7.388324273221461,0.037816119120775225,2.1933349090049634,0.2647128338454266,6.693453084377215,7.459229496572914
28,061,00695754,0500000US28061,28061,Jasper,Jasper County,MS,Mississippi,06,1751636189,3130850,28061,16059,7247,8355,0,41,0,416,126,"Jasper County, Mississippi",45.12734292297154,52.02690080328788,0.0,0.2553085497228968,0.0,2.590447724017685,0.7846067625630488
28,085,00695766,0500000US28085,28085,Lincoln,Lincoln County,MS,Mississippi,06,1518269755,5291052,28085,34877,23583,10469,29,168,8,589,455,"Lincoln County, Mississippi",67.61762766292972,30.016916592596843,0.08314935344209652,0.4816928061473177,0.022937752673681797,1.6887920405998222,1.304584683315652
28,041,00695745,0500000US28041,28041,Greene,Greene County,MS,Mississippi,06,1845983898,15430619,28041,13615,9673,3241,164,4,0,437,198,"Greene County, Mississippi",71.04663973558574,23.804627249357328,1.2045538009548293,0.029379360998898277,0.0,3.2096951891296364,1.4542783694454644
72,147,01804554,0500000US72147,72147,Vieques,Vieques Municipio,PR,Puerto Rico,13,131541389,552192821,72147,8078,533,227,0,0,0,796,7747,"Vieques Municipio, Puerto Rico",6.598167863332508,2.8101015102748206,0.0,0.0,0.0,9.853924238672938,95.90245110175786
54,109,01550061,0500000US54109,54109,Wyoming,Wyoming County,WV,West Virginia,06,1293620955,6083278,54109,20629,19982,55,0,17,0,533,167,"Wyoming County, West Virginia",96.86363856706578,0.26661495952300157,0.0,0.08240826021620049,0.0,2.5837413350138156,0.8095399680062048
38,023,01034234,0500000US38023,38023,Divide,Divide County,ND,North Dakota,06,3266310800,86676913,38023,2167,1942,3,0,11,0,211,94,"Divide County, North Dakota",89.61698200276881,0.1384402399630826,0.0,0.5076142131979695,0.0,9.736963544070143,4.337794185509922
09,130,02830246,0500000US09130,09130,Lower Connecticut River Valley,Lower Connecticut River Valley Planning Region,CT,Connecticut,PL,1098452313,241091041,09130,175822,142079,8560,351,6057,264,15479,13758,"Lower Connecticut River Valley Planning Region, Connecticut",80.80843125433678,4.8685602484330746,0.19963372046729078,3.444961381397095,0.15015185812924436,8.803790196903687,7.824959333871756
21,153,00516920,0500000US21153,21153,Magoffin,Magoffin County,KY,Kentucky,06,798864848,1848998,21153,11348,11038,12,45,27,0,191,104,"Magoffin County, Kentucky",97.26824109975325,0.10574550581600281,0.39654564681001053,0.23792738808600636,0.0,1.6831159675713783,0.9164610504053579
48,375,01383973,0500000US48375,48375,Potter,Potter County,TX,Texas,06,2352718735,35190085,48375,115975,64757,12321,854,5599,174,24478,45527,"Potter County, Texas",55.83703384350075,10.623841345117482,0.736365596033628,4.827764604440612,0.15003233455486098,21.106272903643024,39.255874110799745
13,053,00351012,0500000US13053,13053,Chattahoochee,Chattahoochee County,GA,Georgia,06,644225830,6277089,13053,8887,5169,1837,128,311,30,972,1594,"Chattahoochee County, Georgia",58.163609767075506,20.670642511533703,1.4403060650388206,3.4994936423990097,0.3375717339934736,10.937324181388545,17.936311466186563
19,053,00465215,0500000US19053,19053,Decatur,Decatur County,IA,Iowa,06,1377569408,4138626,19053,7759,7121,102,16,56,1,356,274,"Decatur County, Iowa",91.77729088800103,1.3146023972161363,0.20621214073978608,0.7217424925892512,0.01288825879623663,4.58822013146024,3.5313829101688365
31,095,00835869,0500000US31095,31095,Jefferson,Jefferson County,NE,Nebraska,06,1476754309,14214254,31095,7161,6664,22,15,2,0,387,420,"Jefferson County, Nebraska",93.0596285434995,0.30721966205837176,0.20946795140343527,0.027929060187124703,0.0,5.40427314620863,5.865102639296188
51,179,01480173,0500000US51179,51179,Stafford,Stafford County,VA,Virginia,06,697237751,28087427,51179,163466,88530,32585,527,6483,27,21267,27085,"Stafford County, Virginia",54.15805121554329,19.933808865452143,0.322391200616642,3.965962340792581,0.016517196236526248,13.010044902303845,16.56919481727087
37,117,01026328,0500000US37117,37117,Martin,Martin County,NC,North Carolina,06,1182102539,746610,37117,21644,11137,8723,16,120,63,1272,963,"Martin County, North Carolina",51.45536869340233,40.30216226205877,0.07392348918868971,0.5544261689151728,0.2910737386804657,5.876917390500832,4.449270005544262
22,007,00558414,0500000US22007,22007,Assumption,Assumption Parish,LA,Louisiana,15,891009958,67104891,22007,20484,13317,5664,143,186,0,1134,872,"Assumption Parish, Louisiana",65.0117164616286,27.650849443468072,0.6981058387033783,0.9080257762155829,0.0,5.536028119507909,4.2569810583870344
31,167,00835905,0500000US31167,31167,Stanton,Stanton County,NE,Nebraska,06,1107625116,8665087,31167,5796,5173,8,2,66,0,183,406,"Stanton County, Nebraska",89.25120772946859,0.13802622498274672,0.03450655624568668,1.1387163561076603,0.0,3.1573498964803313,7.004830917874397
29,141,00758525,0500000US29141,29141,Morgan,Morgan County,MO,Missouri,06,1547866671,42414965,29141,21717,20126,51,11,78,0,1284,569,"Morgan County, Missouri",92.67394207303035,0.2348390661693604,0.05065156329143068,0.35916563061196294,0.0,5.912418842381544,2.6200672284385504
48,401,01383986,0500000US48401,48401,Rusk,Rusk County,TX,Texas,06,2393663216,37217198,48401,52842,34666,6976,68,195,48,9194,10088,"Rusk County, Texas",65.60311873131222,13.201619923545666,0.12868551530979144,0.3690246394913137,0.09083683433632338,17.399038643503275,19.090874683017297
04,003,00025442,0500000US04003,04003,Cochise,Cochise County,AZ,Arizona,06,16083192226,17650455,04003,125566,77951,4104,1370,2423,260,31353,43531,"Cochise County, Arizona",62.07970310434353,3.2684006817132025,1.0910596817609863,1.9296624882531896,0.2070624213560996,24.96933883376073,34.66782409250912
29,137,00758523,0500000US29137,29137,Monroe,Monroe County,MO,Missouri,06,1677352687,58366943,29137,8734,8101,309,37,34,0,221,160,"Monroe County, Missouri",92.75246164414929,3.537897870391573,0.42363178383329514,0.38928326081978476,0.0,2.530341195328601,1.8319212273872225
21,213,00516953,0500000US21213,21213,Simpson,Simpson County,KY,Kentucky,06,606511222,5930956,21213,19972,16804,1381,22,31,0,1638,726,"Simpson County, Kentucky",84.13779291007411,6.914680552773883,0.11015421590226317,0.15521730422591629,0.0,8.201482074904867,3.6350891247746846
05,121,00069178,0500000US05121,05121,Randolph,Randolph County,AR,Arkansas,06,1688445989,10370823,05121,18838,16781,207,48,78,526,1093,488,"Randolph County, Arkansas",89.08058180273915,1.0988427646246948,0.2548041193332626,0.41405669391655164,2.7922284743603356,5.8021021339845,2.590508546554836
28,003,00711755,0500000US28003,28003,Alcorn,Alcorn County,MS,Mississippi,06,1036110409,3408033,28003,34289,27638,3486,29,162,53,1939,1308,"Alcorn County, Mississippi",80.60310886873341,10.166525707952987,0.08457522820729681,0.4724547230890373,0.1545685205167838,5.654874741170638,3.8146344308670423
48,421,01383996,0500000US48421,48421,Sherman,Sherman County,TX,Texas,06,2390195607,425429,48421,2295,1318,3,1,12,0,593,1070,"Sherman County, Texas",57.429193899782135,0.130718954248366,0.04357298474945533,0.522875816993464,0.0,25.838779956427015,46.62309368191721
18,179,00450337,0500000US18179,18179,Wells,Wells County,IN,Indiana,06,953341278,5596377,18179,28420,26309,283,2,64,30,984,1145,"Wells County, Indiana",92.57213230119635,0.995777621393385,0.007037297677691766,0.22519352568613651,0.1055594651653765,3.4623504574243493,4.028852920478537
18,125,00450381,0500000US18125,18125,Pike,Pike County,IN,Indiana,06,865964084,17466144,18125,12154,11620,52,113,6,0,263,138,"Pike County, Indiana",95.60638472930722,0.42784268553562615,0.9297350666447259,0.04936646371564917,0.0,2.1638966595359554,1.1354286654599308
26,165,01623023,0500000US26165,26165,Wexford,Wexford County,MI,Michigan,06,1463148677,27182043,26165,34077,31356,402,87,218,4,1878,923,"Wexford County, Michigan",92.01514217800863,1.1796813099744696,0.2553041640989524,0.6397276755582945,0.011738122487308154,5.511048507791179,2.708571763946357
31,183,00835913,0500000US31183,31183,Wheeler,Wheeler County,NE,Nebraska,06,1489717901,1059454,31183,847,809,0,0,0,0,23,32,"Wheeler County, Nebraska",95.51357733175915,0.0,0.0,0.0,0.0,2.715466351829988,3.778040141676505
48,475,01384023,0500000US48475,48475,Ward,Ward County,TX,Texas,06,2164201058,624206,48475,11144,6717,734,97,92,0,1555,6263,"Ward County, Texas",60.2745872218234,6.586503948312994,0.8704235463029434,0.8255563531945441,0.0,13.953697056712134,56.200646087580765
51,840,01789077,0500000US51840,51840,Winchester,Winchester city,VA,Virginia,25,23809500,54462,51840,27913,17403,2215,101,613,0,4210,5848,"Winchester city, Virginia",62.34729337584638,7.935370615842081,0.3618385698420091,2.196109339734174,0.0,15.082578010246122,20.950811449862073
35,028,01702366,0500000US35028,35028,Los Alamos,Los Alamos County,NM,New Mexico,06,282626748,208105,35028,19435,14526,168,253,962,16,2834,3501,"Los Alamos County, New Mexico",74.74144584512477,0.8644198610753795,1.301775147928994,4.949832775919733,0.08232570105479804,14.581939799331103,18.013892462052997
18,061,00451677,0500000US18061,18061,Harrison,Harrison County,IN,Indiana,06,1253827671,5278989,18061,39859,37664,338,321,269,0,1062,961,"Harrison County, Indiana",94.49308813567826,0.8479891617953286,0.805338819338167,0.6748789482927319,0.0,2.6643919817356183,2.4109987706665996
27,009,00659450,0500000US27009,27009,Benton,Benton County,MN,Minnesota,06,1057483361,12286985,27009,41593,36110,2296,115,445,10,1911,1460,"Benton County, Minnesota",86.81749332820426,5.520159642247494,0.2764888322554276,1.0698915682927417,0.024042507152645876,4.5945231168706275,3.510206044286298
31,137,00835890,0500000US31137,31137,Phelps,Phelps County,NE,Nebraska,06,1398048634,1646526,31137,9009,8117,77,41,14,8,674,618,"Phelps County, Nebraska",90.09879009879009,0.8547008547008548,0.4551004551004551,0.1554001554001554,0.0888000888000888,7.481407481407482,6.859806859806859
40,111,01101843,0500000US40111,40111,Okmulgee,Okmulgee County,OK,Oklahoma,06,1806369916,12960866,40111,36899,23071,2584,5592,170,0,5086,1906,"Okmulgee County, Oklahoma",62.52472966747066,7.002899807582861,15.154882246131333,0.4607170926041356,0.0,13.783571370497846,5.16545163825578
05,061,00066872,0500000US05061,05061,Howard,Howard County,AR,Arkansas,06,1521182020,21361761,05061,12583,8186,2623,12,73,0,810,1582,"Howard County, Arkansas",65.05602797425098,20.84558531351824,0.09536676468250815,0.5801478184852579,0.0,6.437256616069299,12.572518477310657
31,163,00835903,0500000US31163,31163,Sherman,Sherman County,NE,Nebraska,06,1465552764,14998613,31163,2967,2783,9,4,16,0,142,84,"Sherman County, Nebraska",93.7984496124031,0.3033367037411527,0.13481631277384565,0.5392652510953826,0.0,4.7859791034715204,2.8311425682507583
19,005,00465192,0500000US19005,19005,Allamakee,Allamakee County,IA,Iowa,06,1655186555,51091699,19005,14092,12416,257,124,57,0,928,1289,"Allamakee County, Iowa",88.10672722111836,1.823729775759296,0.8799318762418393,0.40448481407891,0.0,6.585296622196991,9.147033778030087
72,031,01804495,0500000US72031,72031,Carolina,Carolina Municipio,PR,Puerto Rico,13,117529652,38717131,72031,152204,28917,18280,141,568,20,49922,150070,"Carolina Municipio, Puerto Rico",18.99884365719692,12.010196841081706,0.09263882683766524,0.37318335917584294,0.013140259125909963,32.79940080418386,98.59793435126541
13,143,00350637,0500000US13143,13143,Haralson,Haralson County,GA,Georgia,06,730804592,2616531,13143,31285,28190,1550,10,203,0,1085,665,"Haralson County, Georgia",90.10708007032125,4.954451014863353,0.0319642000958926,0.6488732619466198,0.0,3.4681157104043474,2.125619306376858
24,015,00596115,0500000US24015,24015,Cecil,Cecil County,MD,Maryland,06,896912534,185281256,24015,104960,85715,7548,100,1294,40,7485,5852,"Cecil County, Maryland",81.66444359756098,7.191310975609756,0.09527439024390244,1.2328506097560976,0.038109756097560975,7.131288109756098,5.5754573170731705
31,105,00835874,0500000US31105,31105,Kimball,Kimball County,NE,Nebraska,06,2465517096,1448446,31105,3248,2733,54,57,22,0,377,321,"Kimball County, Nebraska",84.14408866995073,1.66256157635468,1.7549261083743841,0.6773399014778325,0.0,11.607142857142858,9.883004926108374
05,019,00066845,0500000US05019,05019,Clark,Clark County,AR,Arkansas,06,2242855171,43965580,05019,21125,14681,4927,19,171,31,856,1179,"Clark County, Arkansas",69.49585798816568,23.323076923076925,0.08994082840236686,0.8094674556213018,0.1467455621301775,4.05207100591716,5.581065088757396
13,177,00343390,0500000US13177,13177,Lee,Lee County,GA,Georgia,06,921632946,15408829,13177,33626,22391,8024,6,847,46,2015,1131,"Lee County, Georgia",66.58835424968774,23.86248736097068,0.017843335514185453,2.518884196752513,0.13679890560875513,5.992386843513948,3.3634687444239577
18,183,00450369,0500000US18183,18183,Whitley,Whitley County,IN,Indiana,06,869119826,6074674,18183,34618,32025,56,30,119,11,1832,964,"Whitley County, Indiana",92.50967704662314,0.16176555549136287,0.0866601190132301,0.34375180541914613,0.03177537697151771,5.292044601074585,2.784678490958461
28,037,00695743,0500000US28037,28037,Franklin,Franklin County,MS,Mississippi,06,1460658822,7250805,28037,7622,4758,2670,0,2,0,177,81,"Franklin County, Mississippi",62.42456048281291,35.03017580687484,0.0,0.026239832065074783,0.0,2.3222251377591183,1.0627131986355287
46,107,01265761,0500000US46107,46107,Potter,Potter County,SD,South Dakota,06,2230336533,97172021,46107,2388,2227,37,21,15,0,59,0,"Potter County, South Dakota",93.25795644891123,1.5494137353433837,0.8793969849246231,0.628140703517588,0.0,2.4706867671691795,0.0
48,493,01384032,0500000US48493,48493,Wilson,Wilson County,TX,Texas,06,2081662650,12111507,48493,52781,35805,1041,263,336,10,11907,21077,"Wilson County, Texas",67.83691100964361,1.9723006384873347,0.4982853678407002,0.6365927132869782,0.01894621170496959,22.559254277107293,39.93293041056441
51,600,01789070,0500000US51600,51600,Fairfax,Fairfax city,VA,Virginia,25,16163924,84155,51600,25026,13215,1585,61,4597,0,2871,4728,"Fairfax city, Virginia",52.805082713977455,6.333413250219771,0.24374650363621833,18.368896347798287,0.0,11.472069048189883,18.89235195396787
72,105,01804533,0500000US72105,72105,Naranjito,Naranjito Municipio,PR,Puerto Rico,13,70969173,898340,72105,29310,6170,2129,0,30,0,18423,29241,"Naranjito Municipio, Puerto Rico",21.050835892186967,7.2637325145001705,0.0,0.1023541453428864,0.0,62.85568065506653,99.76458546571136
72,019,01804489,0500000US72019,72019,Barranquitas,Barranquitas Municipio,PR,Puerto Rico,13,88714042,77812,72019,29054,8535,2965,1,0,0,14048,28909,"Barranquitas Municipio, Puerto Rico",29.37633372341158,10.205135265367936,0.0034418668685895232,0.0,0.0,48.35134576994562,99.50092930405452
72,063,01804512,0500000US72063,72063,Gurabo,Gurabo Municipio,PR,Puerto Rico,13,72220853,1108806,72063,40228,9337,2736,116,66,0,15782,39448,"Gurabo Municipio, Puerto Rico",23.21020184945809,6.801232972059262,0.288356368698419,0.16406483046634185,0.0,39.23138112757283,98.06105200357959
72,037,01804498,0500000US72037,72037,Ceiba,Ceiba Municipio,PR,Puerto Rico,13,75201649,336178484,72037,10995,1100,491,0,55,0,1506,10820,"Ceiba Municipio, Puerto Rico",10.004547521600728,4.465666211914507,0.0,0.5002273760800363,0.0,13.697135061391542,98.40836743974533
28,091,00695769,0500000US28091,28091,Marion,Marion County,MS,Mississippi,06,1404804179,16115365,28091,24193,15416,7625,69,76,13,745,449,"Marion County, Mississippi",63.72091100731616,31.517381060637373,0.28520646467986605,0.31414045385028727,0.05373455131649651,3.0794031331376845,1.8559087339313023
05,111,00069174,0500000US05111,05111,Poinsett,Poinsett County,AR,Arkansas,06,1963975462,13892745,05111,22543,19058,1206,109,41,8,2013,859,"Poinsett County, Arkansas",84.54065563589585,5.3497759836756416,0.4835203832675331,0.18187463957769595,0.03548773455174555,8.929601206582975,3.8104954974936787
12,091,00306915,0500000US12091,12091,Okaloosa,Okaloosa County,FL,Florida,06,2408331279,820578605,12091,216599,155735,20101,691,7442,546,23492,24572,"Okaloosa County, Florida",71.9001472767649,9.28028291912705,0.3190227101694837,3.435842270739939,0.2520787261252361,10.845848780465284,11.344466040932783
13,007,00342832,0500000US13007,13007,Baker,Baker County,GA,Georgia,06,885665381,18598653,13007,2790,1434,1028,14,168,0,90,118,"Baker County, Georgia",51.3978494623656,36.84587813620072,0.5017921146953405,6.021505376344086,0.0,3.225806451612903,4.229390681003585
40,119,01101847,0500000US40119,40119,Payne,Payne County,OK,Oklahoma,06,1773885851,31991880,40119,82972,62563,3034,3417,3491,54,9088,5450,"Payne County, Oklahoma",75.40254543701491,3.6566552571951982,4.11825676131707,4.207443474907198,0.06508219640360605,10.95309260955503,6.568480933326905
48,087,01383829,0500000US48087,48087,Collingsworth,Collingsworth County,TX,Texas,06,2378749928,2279194,48087,2588,1482,115,49,0,32,624,844,"Collingsworth County, Texas",57.26429675425039,4.443585780525503,1.893353941267388,0.0,1.2364760432766615,24.111282843894898,32.61205564142195
48,099,01383835,0500000US48099,48099,Coryell,Coryell County,TX,Texas,06,2725307438,11833644,48099,84748,49672,12161,764,1665,658,16311,17559,"Coryell County, Texas",58.61141265870581,14.349601170529096,0.9014962005003069,1.9646481332892811,0.7764195025251334,19.24647189314202,20.719073016472365
17,037,00422190,0500000US17037,17037,DeKalb,DeKalb County,IL,Illinois,06,1635155509,8560429,17037,100703,74678,7056,658,2331,28,10589,14647,"DeKalb County, Illinois",74.15667854979495,7.006742599525337,0.6534065519398627,2.31472746591462,0.02780453412510054,10.515078994667487,14.544750404655273
48,149,01383860,0500000US48149,48149,Fayette,Fayette County,TX,Texas,06,2460316901,25574662,48149,25042,19022,1458,90,69,16,3255,5522,"Fayette County, Texas",75.960386550595,5.822218672629981,0.3593962143598754,0.27553709767590445,0.06389266033064452,12.998163086015493,22.05095439661369
42,015,01213660,0500000US42015,42015,Bradford,Bradford County,PA,Pennsylvania,06,2971688854,35331261,42015,59858,56595,563,39,327,0,1922,1011,"Bradford County, Pennsylvania",94.54876541147382,0.9405593237328344,0.0651541982692372,0.5462928931805272,0.0,3.210932540345484,1.6889972935948412
46,061,01266979,0500000US46061,46061,Hanson,Hanson County,SD,South Dakota,06,1125562874,2003166,46061,3472,3195,12,0,0,0,242,48,"Hanson County, South Dakota",92.02188940092167,0.3456221198156682,0.0,0.0,0.0,6.970046082949309,1.3824884792626728
46,073,01265778,0500000US46073,46073,Jerauld,Jerauld County,SD,South Dakota,06,1362677265,16727973,46073,1772,1617,0,0,0,0,81,124,"Jerauld County, South Dakota",91.2528216704289,0.0,0.0,0.0,0.0,4.571106094808126,6.997742663656885
47,101,01639765,0500000US47101,47101,Lewis,Lewis County,TN,Tennessee,06,730614739,1024940,47101,12992,12067,73,0,47,21,747,410,"Lewis County, Tennessee",92.88023399014779,0.561884236453202,0.0,0.36176108374384236,0.16163793103448276,5.7496921182266005,3.1557881773399012
51,049,01494109,0500000US51049,51049,Cumberland,Cumberland County,VA,Virginia,06,770454314,5917833,51049,9818,6290,2887,5,0,14,566,201,"Cumberland County, Virginia",64.06600122224486,29.405174169892035,0.0509268690160929,0.0,0.1425952332450601,5.764921572621716,2.047260134446934
48,307,01383945,0500000US48307,48307,McCulloch,McCulloch County,TX,Texas,06,2759893532,20286193,48307,7514,5186,71,36,10,0,1923,2289,"McCulloch County, Texas",69.01783337769497,0.9449028480170348,0.47910566941708804,0.13308490817141336,0.0,25.592227841362792,30.46313548043652
20,071,00485002,0500000US20071,20071,Greeley,Greeley County,KS,Kansas,06,2016057907,0,20071,1304,1172,2,28,0,0,25,220,"Greeley County, Kansas",89.87730061349694,0.15337423312883436,2.147239263803681,0.0,0.0,1.9171779141104295,16.87116564417178
38,013,01034235,0500000US38013,38013,Burke,Burke County,ND,North Dakota,06,2858360401,65734594,38013,2156,1872,37,39,45,0,127,54,"Burke County, North Dakota",86.82745825602969,1.7161410018552876,1.8089053803339517,2.0871985157699444,0.0,5.890538033395176,2.504638218923933
47,171,01648582,0500000US47171,47171,Unicoi,Unicoi County,TN,Tennessee,06,481902934,825726,47171,17756,16139,120,43,25,0,1329,1188,"Unicoi County, Tennessee",90.89321919351205,0.6758278891642262,0.2421716602838477,0.1407974769092138,0.0,7.484793872493804,6.690696102725839
12,119,00295740,0500000US12119,12119,Sumter,Sumter County,FL,Florida,06,1442988379,58752792,12119,143408,122135,9305,254,1490,30,5945,9163,"Sumter County, Florida",85.16609952024992,6.488480419502399,0.1771170367064599,1.0389936405221467,0.020919335044070068,4.145514894566552,6.3894622336271345
19,147,00465262,0500000US19147,19147,Palo Alto,Palo Alto County,IA,Iowa,06,1460400553,14428727,19147,8863,8117,145,21,57,0,399,311,"Palo Alto County, Iowa",91.58298544510887,1.6360148933769605,0.2369400880063184,0.6431230960171499,0.0,4.50186167212005,3.5089698747602394
27,041,00659466,0500000US27041,27041,Douglas,Douglas County,MN,Minnesota,06,1649506061,215746732,27041,39575,37434,218,81,220,71,1007,897,"Douglas County, Minnesota",94.59001895135818,0.5508528111181301,0.20467466835123183,0.5559065066329754,0.17940619077700568,2.544535691724574,2.266582438408086
20,055,00485326,0500000US20055,20055,Finney,Finney County,KS,Kansas,06,3372157854,1716371,20055,38084,19095,1752,232,1471,61,9947,20246,"Finney County, Kansas",50.13916605398593,4.6003571053460774,0.6091797080138641,3.8625144417603194,0.16017225081399014,26.118579981094424,53.16143262262367
48,467,01384019,0500000US48467,48467,Van Zandt,Van Zandt County,TX,Texas,06,2182250323,44149754,48467,62649,52813,1456,226,301,8,5987,8407,"Van Zandt County, Texas",84.2998292071701,2.3240594422895815,0.36073999584989386,0.4804545962425577,0.01276955737521748,9.556417500678382,13.419208606681671
51,820,01498443,0500000US51820,51820,Waynesboro,Waynesboro city,VA,Virginia,25,38771593,364644,51820,22841,16910,2711,22,436,0,2111,2218,"Waynesboro city, Virginia",74.0335361849306,11.869007486537367,0.09631802460487719,1.908848123987566,0.0,9.242152270040718,9.71060811698262
29,175,00758542,0500000US29175,29175,Randolph,Randolph County,MO,Missouri,06,1250220618,13254192,29175,24365,21611,1203,16,50,6,1377,612,"Randolph County, Missouri",88.69690129283809,4.937410219577262,0.06566796634516725,0.20521239482864767,0.02462548737943772,5.651549353580957,2.511799712702647
18,105,00451680,0500000US18105,18105,Monroe,Monroe County,IN,Indiana,06,1021806890,43510634,18105,140965,115589,4988,219,9644,25,8875,6736,"Monroe County, Indiana",81.9983683893165,3.538466995353456,0.1553577129074593,6.841414535523002,0.01773489873372823,6.295889050473521,4.7784911148157345
19,107,00465242,0500000US19107,19107,Keokuk,Keokuk County,IA,Iowa,06,1500056813,1944064,19107,9924,9453,26,9,20,0,319,233,"Keokuk County, Iowa",95.25392986698911,0.2619911326078194,0.09068923821039904,0.2015316404675534,0.0,3.2144296654574767,2.347843611446997
28,127,00695784,0500000US28127,28127,Simpson,Simpson County,MS,Mississippi,06,1525930873,3378528,28127,25691,15701,9134,41,49,49,581,443,"Simpson County, Mississippi",61.11478727959208,35.55330660542603,0.1595889611147873,0.19072827060059944,0.19072827060059944,2.2614923514071075,1.724339262776848
12,005,00295738,0500000US12005,12005,Bay,Bay County,FL,Florida,06,1964760707,1834028530,12005,186393,140582,18509,863,3848,174,17597,17061,"Bay County, Florida",75.42236028177024,9.930093941296079,0.4630002199653421,2.0644552102278517,0.09335114516103073,9.440805180452056,9.15324073328934
34,023,00882230,0500000US34023,34023,Middlesex,Middlesex County,NJ,New Jersey,06,800946846,35297517,34023,871290,356769,90902,9028,222566,275,88655,205792,"Middlesex County, New Jersey",40.9472161966739,10.433036072949305,1.03616476718429,25.544422637698126,0.03156239598755868,10.175142604643689,23.619231254806092
01,013,00161532,0500000US01013,01013,Butler,Butler County,AL,Alabama,06,2012002548,2701199,01013,18630,9468,8327,85,248,0,413,316,"Butler County, Alabama",50.82125603864734,44.69672571121846,0.45625335480407947,1.3311862587224907,0.0,2.2168545356951155,1.6961889425657541
18,081,00450365,0500000US18081,18081,Johnson,Johnson County,IN,Indiana,06,829870738,3563935,18081,166315,140778,5461,806,8542,69,8514,7159,"Johnson County, Indiana",84.64540179779334,3.2835282445960976,0.48462255358807077,5.136037038150498,0.04148753870667107,5.119201515197066,4.304482457986351
29,055,00758482,0500000US29055,29055,Crawford,Crawford County,MO,Missouri,06,1923005890,3306286,29055,22797,21127,177,42,18,51,1145,552,"Crawford County, Missouri",92.67447471158485,0.7764179497302277,0.1842347677325964,0.07895775759968417,0.22371364653243847,5.022590691757688,2.4213712330569814
40,073,01101824,0500000US40073,40073,Kingfisher,Kingfisher County,OK,Oklahoma,06,2326031241,20586906,40073,15430,11705,73,576,86,23,2118,2863,"Kingfisher County, Oklahoma",75.85871678548283,0.47310434219053793,3.7329876863253406,0.5573558003888529,0.1490602721970188,13.72650680492547,18.554763447828904
48,225,01383898,0500000US48225,48225,Houston,Houston County,TX,Texas,06,3188278906,14435337,48225,22051,13511,4609,216,84,5,2673,3187,"Houston County, Texas",61.27159765997007,20.901546415128568,0.9795474128157453,0.38093510498390093,0.022674708629994104,12.12189923359485,14.452859280758243
72,083,01804522,0500000US72083,72083,Las Marías,Las Marías Municipio,PR,Puerto Rico,13,120071824,376224,72083,8744,5740,250,0,0,0,659,8699,"Las Marías Municipio, Puerto Rico",65.64501372369624,2.859103385178408,0.0,0.0,0.0,7.536596523330284,99.48536139066788
17,045,00424224,0500000US17045,17045,Edgar,Edgar County,IL,Illinois,06,1614400673,1565052,17045,16535,15863,108,13,47,5,330,252,"Edgar County, Illinois",95.93589355911702,0.6531599637133354,0.07862110674327184,0.2842455397641367,0.03023888720895071,1.995766555790747,1.524039915331116
51,117,01500747,0500000US51117,51117,Mecklenburg,Mecklenburg County,VA,Virginia,06,1619544370,139655803,51117,30516,18792,9895,47,301,0,1198,972,"Mecklenburg County, Virginia",61.58081006685018,32.425612793288764,0.15401756455629834,0.9863678070520382,0.0,3.925809411456285,3.1852143138025952
05,133,00069182,0500000US05133,05133,Sevier,Sevier County,AR,Arkansas,06,1459636818,45919661,05133,15712,8936,825,385,6,228,1790,5574,"Sevier County, Arkansas",56.87372708757638,5.250763747454175,2.4503564154786153,0.03818737270875763,1.4511201629327901,11.392566191446027,35.47606924643584
26,163,01623022,0500000US26163,26163,Wayne,Wayne County,MI,Michigan,06,1584692687,157708871,26163,1772259,871884,652168,5741,65148,539,124221,121653,"Wayne County, Michigan",49.196195364221595,36.79868461663899,0.32393685121644183,3.6759864105641444,0.03041316195883333,7.009189966026411,6.864290151721616
48,071,01383821,0500000US48071,48071,Chambers,Chambers County,TX,Texas,06,1546471871,709790251,48071,51498,35031,4198,85,779,0,7067,13637,"Chambers County, Texas",68.02400093207504,8.15177288438386,0.16505495359043068,1.512680104081712,0.0,13.72286302380675,26.480640024855333
05,083,00082850,0500000US05083,05083,Logan,Logan County,AR,Arkansas,06,1836602034,53970569,05083,21277,19015,312,23,322,0,1454,744,"Logan County, Arkansas",89.36880199276214,1.4663721389293605,0.10809794613902336,1.513371245946327,0.0,6.833670160266955,3.496733562062321
20,081,00485328,0500000US20081,20081,Haskell,Haskell County,KS,Kansas,06,1495772609,910409,20081,3641,2566,17,26,0,0,541,1126,"Haskell County, Kansas",70.47514419115628,0.46690469651194727,0.7140895358418017,0.0,0.0,14.858555341939027,30.925569898379567
17,155,00424279,0500000US17155,17155,Putnam,Putnam County,IL,Illinois,06,414649315,31195045,17155,5601,5113,19,2,42,12,285,368,"Putnam County, Illinois",91.28727013033387,0.33922513836814855,0.03570790930191037,0.7498660953401178,0.21424745581146223,5.088377075522228,6.570255311551508
42,113,01213687,0500000US42113,42113,Sullivan,Sullivan County,PA,Pennsylvania,06,1165337813,6617028,42113,5888,5520,138,18,5,0,160,138,"Sullivan County, Pennsylvania",93.75,2.34375,0.30570652173913043,0.08491847826086957,0.0,2.717391304347826,2.34375
48,251,01383911,0500000US48251,48251,Johnson,Johnson County,TX,Texas,06,1877868553,23815087,48251,195597,140616,10634,1532,2396,169,29185,49502,"Johnson County, Texas",71.8906731698339,5.436688701769454,0.783243096775513,1.2249676631032174,0.08640214318215515,14.92098549568756,25.308159123094935
72,071,01804516,0500000US72071,72071,Isabela,Isabela Municipio,PR,Puerto Rico,13,143256005,94636772,72071,42890,20086,2450,36,36,29,8077,42190,"Isabela Municipio, Puerto Rico",46.83142923758452,5.712287246444393,0.08393564933550944,0.08393564933550944,0.0676148286313826,18.831895546747493,98.3679179295873
42,013,01213659,0500000US42013,42013,Blair,Blair County,PA,Pennsylvania,06,1360498258,3294803,42013,121277,111706,2423,37,849,0,5741,1925,"Blair County, Pennsylvania",92.10814911318717,1.997905621016351,0.030508670234257112,0.7000502980779538,0.0,4.733791238239733,1.5872754108363498
46,089,01265762,0500000US46089,46089,McPherson,McPherson County,SD,South Dakota,06,2943956443,38506560,46089,2145,2076,0,3,0,4,62,3,"McPherson County, South Dakota",96.78321678321679,0.0,0.13986013986013987,0.0,0.1864801864801865,2.8904428904428907,0.13986013986013987
13,191,00356886,0500000US13191,13191,McIntosh,McIntosh County,GA,Georgia,06,1117184398,369182273,13191,11312,7218,3177,22,43,0,842,302,"McIntosh County, Georgia",63.808345120226306,28.085219236209337,0.19448373408769448,0.3801272984441301,0.0,7.443422913719944,2.66973125884017
20,005,00484972,0500000US20005,20005,Atchison,Atchison County,KS,Kansas,06,1116736557,6851102,20005,16208,14207,588,42,55,0,1261,608,"Atchison County, Kansas",87.65424481737413,3.627838104639684,0.2591312931885489,0.3393385982230997,0.0,7.780108588351431,3.751233958538993
46,027,01265764,0500000US46027,46027,Clay,Clay County,SD,South Dakota,06,1067154436,13955918,46027,15219,12933,278,574,452,11,939,504,"Clay County, South Dakota",84.9793021880544,1.8266640383730863,3.7716012878638545,2.969971745844011,0.07227807346080557,6.169919179972403,3.311649911295092
48,205,01383888,0500000US48205,48205,Hartley,Hartley County,TX,Texas,06,3786435508,3023183,48205,5215,3631,315,10,9,13,987,1626,"Hartley County, Texas",69.62607861936722,6.0402684563758395,0.19175455417066153,0.1725790987535954,0.24928092042186004,18.926174496644297,31.17929050814957
08,035,00198133,0500000US08035,08035,Douglas,Douglas County,CO,Colorado,06,2177889328,6795841,08035,377150,301359,5465,1653,21889,299,36950,38394,"Douglas County, Colorado",79.90428211586902,1.4490255866366166,0.43828715365239296,5.803791594856158,0.07927880153784966,9.797162932520218,10.180034469044147
19,025,00465202,0500000US19025,19025,Calhoun,Calhoun County,IA,Iowa,06,1475894578,5873827,19025,9803,9026,158,17,22,0,450,266,"Calhoun County, Iowa",92.07385494236459,1.6117515046414363,0.17341630113230644,0.2244210955829848,0.0,4.590431500561053,2.713455064776089
31,069,00835856,0500000US31069,31069,Garden,Garden County,NE,Nebraska,06,4416875795,66053093,31069,1761,1650,1,9,8,0,19,76,"Garden County, Nebraska",93.69676320272572,0.05678591709256105,0.5110732538330494,0.4542873367404884,0.0,1.0789324247586598,4.315729699034639
20,157,00485042,0500000US20157,20157,Republic,Republic County,KS,Kansas,06,1857998454,7951912,20157,4646,4342,22,1,0,0,171,179,"Republic County, Kansas",93.45673697804563,0.4735256134309083,0.02152389151958674,0.0,0.0,3.6805854498493327,3.852776582006027
55,087,01581104,0500000US55087,55087,Outagamie,Outagamie County,WI,Wisconsin,06,1651266077,18260943,55087,192826,165450,3138,2225,7230,47,11302,10177,"Outagamie County, Wisconsin",85.80274444317675,1.6273739018597078,1.1538900355761152,3.749494362793399,0.024374306369472996,5.8612427784634855,5.277815232385674
31,081,00835862,0500000US31081,31081,Hamilton,Hamilton County,NE,Nebraska,06,1404057520,6811577,31081,9464,8724,20,44,43,0,585,408,"Hamilton County, Nebraska",92.18089602704987,0.2113271344040575,0.46491969568892644,0.45435333896872365,0.0,6.181318681318682,4.311073541842773
18,137,00450385,0500000US18137,18137,Ripley,Ripley County,IN,Indiana,06,1156241456,4232758,18137,29095,27539,218,7,152,0,706,577,"Ripley County, Indiana",94.65200206221,0.7492696339577246,0.024059116686715933,0.5224265337686888,0.0,2.426533768688778,1.9831586183192986
13,285,01673298,0500000US13285,13285,Troup,Troup County,GA,Georgia,06,1072278218,82757751,13285,70330,38908,25321,51,1638,7,2754,3315,"Troup County, Georgia",55.32205317787573,36.00312811033699,0.07251528508460117,2.32902033271719,0.009953078344945257,3.915825394568463,4.7134935304990755
21,191,00516942,0500000US21191,21191,Pendleton,Pendleton County,KY,Kentucky,06,717810239,12332855,21191,14723,13685,76,8,35,4,806,237,"Pendleton County, Kentucky",92.94980642532093,0.5161991441961558,0.054336752020647965,0.23772329009033483,0.027168376010323982,5.474427766080282,1.6097262786116961
46,007,01265812,0500000US46007,46007,Bennett,Bennett County,SD,South Dakota,06,3068208303,15044356,46007,3345,1214,6,1942,49,0,98,169,"Bennett County, South Dakota",36.29297458893871,0.17937219730941703,58.05680119581464,1.4648729446935727,0.0,2.9297458893871453,5.052316890881913
72,133,01804547,0500000US72133,72133,Santa Isabel,Santa Isabel Municipio,PR,Puerto Rico,13,88189167,111096016,72133,19903,1265,766,9,26,0,16911,19786,"Santa Isabel Municipio, Puerto Rico",6.3558257549113195,3.848666030246697,0.045219313671305834,0.13063357282821686,0.0,84.96709038838365,99.41214892227302
31,153,00835898,0500000US31153,31153,Sarpy,Sarpy County,NE,Nebraska,06,616679696,24397780,31153,197389,156792,8171,899,5476,145,18451,22804,"Sarpy County, Nebraska",79.4329977860975,4.139541717116962,0.45544584551317446,2.7742174082648985,0.07345900734083459,9.34753203066027,11.552822092416497
35,031,00929107,0500000US35031,35031,McKinley,McKinley County,NM,New Mexico,06,14118189399,12689169,35031,70431,6884,326,54775,982,88,4153,8585,"McKinley County, New Mexico",9.774105152560661,0.46286436370348283,77.77115190754071,1.3942724084565035,0.12494498161321008,5.896551234541608,12.189234853970552
17,151,00424277,0500000US17151,17151,Pope,Pope County,IL,Illinois,06,955362036,14662240,17151,3739,3323,179,78,1,0,153,111,"Pope County, Illinois",88.87403048943567,4.787376303824551,2.0861192832308104,0.02674511901577962,0.0,4.092003209414282,2.968708210751538
72,101,01804531,0500000US72101,72101,Morovis,Morovis Municipio,PR,Puerto Rico,13,100676194,139537,72101,28397,5326,1269,14,0,0,17120,28397,"Morovis Municipio, Puerto Rico",18.755502341796667,4.468781913582421,0.049300982498151215,0.0,0.0,60.2880585977392,100.0
17,177,01785076,0500000US17177,17177,Stephenson,Stephenson County,IL,Illinois,06,1461392058,1350223,17177,43768,34830,3779,170,361,3,3763,2457,"Stephenson County, Illinois",79.57868762566258,8.634161944799853,0.38841162493145676,0.8248035094132699,0.006854322792908061,8.597605556571011,5.613690367391701
18,085,00450367,0500000US18085,18085,Kosciusko,Kosciusko County,IN,Indiana,06,1376439341,59432000,18085,80442,69905,472,30,1119,0,5773,7818,"Kosciusko County, Indiana",86.90112130479103,0.5867581611595932,0.037293950921160585,1.39106436935929,0.0,7.176599288928669,9.718803610054449
21,175,00516934,0500000US21175,21175,Morgan,Morgan County,KY,Kentucky,06,987053731,6950463,21175,14053,12662,698,8,73,0,275,506,"Morgan County, Kentucky",90.1017576318224,4.966910979861951,0.05692734647406248,0.5194620365758201,0.0,1.9568775350458978,3.600654664484452
37,125,01008573,0500000US37125,37125,Moore,Moore County,NC,North Carolina,06,1806810673,20885268,37125,104876,81108,9406,474,1322,99,8899,8196,"Moore County, North Carolina",77.3370456539151,8.968686830161333,0.45196231740340975,1.2605362523360921,0.0943971928753957,8.485258781799459,7.814943361684275
37,159,01008583,0500000US37159,37159,Rowan,Rowan County,NC,North Carolina,06,1325062504,31968200,37159,149875,104854,23658,798,1200,90,12269,17788,"Rowan County, North Carolina",69.96096747289407,15.785154295246038,0.5324437030859049,0.8006672226855712,0.06005004170141785,8.186155129274395,11.868557130942452
13,157,00349570,0500000US13157,13157,Jackson,Jackson County,GA,Georgia,06,879497248,8783520,13157,84757,66208,6457,481,1997,49,7102,9201,"Jackson County, Georgia",78.11508194013473,7.618249820073858,0.5675047488702998,2.3561475748315774,0.0578123340845004,8.379248911594322,10.855740528805882
51,007,01497770,0500000US51007,51007,Amelia,Amelia County,VA,Virginia,06,920379345,8188217,51007,13462,9732,2627,0,24,29,998,528,"Amelia County, Virginia",72.29237854702124,19.514188084979946,0.0,0.17827960184222255,0.21542118555935222,7.413460109939088,3.9221512405288963
39,103,01074064,0500000US39103,39103,Medina,Medina County,OH,Ohio,06,1091571154,4196171,39103,183660,169009,2061,219,1787,109,9446,5002,"Medina County, Ohio",92.02275944680387,1.1221822933681802,0.1192420777523685,0.9729935750843952,0.05934879668953501,5.143199390177502,2.7235108352390287
13,283,00347505,0500000US13283,13283,Treutlen,Treutlen County,GA,Georgia,06,516524094,7810908,13283,6376,4018,1952,95,9,0,290,93,"Treutlen County, Georgia",63.01756587202008,30.61480552070264,1.4899623588456712,0.1411543287327478,0.0,4.5483061480552065,1.458594730238394
27,145,00659517,0500000US27145,27145,Stearns,Stearns County,MN,Minnesota,06,3478072083,122244044,27145,160865,131456,14649,188,3136,84,7989,7700,"Stearns County, Minnesota",81.71821092220185,9.106393559817239,0.11686818139433686,1.9494607279395768,0.052217698069810095,4.966276069996581,4.786622323065925
13,209,00352276,0500000US13209,13209,Montgomery,Montgomery County,GA,Georgia,06,624563059,9191488,13209,8640,5803,2019,23,53,0,485,646,"Montgomery County, Georgia",67.16435185185186,23.368055555555557,0.2662037037037037,0.6134259259259259,0.0,5.613425925925926,7.476851851851851
41,071,01135866,0500000US41071,41071,Yamhill,Yamhill County,OR,Oregon,06,1854279297,6373252,41071,108734,83324,805,1094,2111,227,13961,19181,"Yamhill County, Oregon",76.6310445674766,0.7403388084683724,1.0061250390862104,1.9414350617102287,0.20876634723269633,12.839590192580058,17.6402965033936
39,125,01074075,0500000US39125,39125,Paulding,Paulding County,OH,Ohio,06,1078561237,6245396,39125,18791,17070,34,181,100,0,1149,1091,"Paulding County, Ohio",90.84136022563993,0.18093768293331913,0.9632270767920814,0.5321696556862328,0.0,6.114629343834815,5.805970943536799
20,141,00485034,0500000US20141,20141,Osborne,Osborne County,KS,Kansas,06,2311604929,4806274,20141,3452,3186,12,8,17,0,152,103,"Osborne County, Kansas",92.29432213209734,0.34762456546929316,0.2317497103128621,0.49246813441483195,0.0,4.40324449594438,2.9837775202780996
17,089,00424246,0500000US17089,17089,Kane,Kane County,IL,Illinois,06,1345145387,12474714,17089,517255,300197,25661,5972,21270,647,94642,172723,"Kane County, Illinois",58.03655837062958,4.96099602710462,1.1545562633517317,4.112091714918174,0.12508337280451615,18.296971513083488,33.39223400450455
19,031,00465205,0500000US19031,19031,Cedar,Cedar County,IA,Iowa,06,1500798732,6385833,19031,18349,17238,79,13,96,10,840,507,"Cedar County, Iowa",93.94517412393046,0.43054117390593494,0.0708485476047741,0.5231892746198703,0.05449888277290315,4.577906152923865,2.76309335658619
20,027,00484983,0500000US20027,20027,Clay,Clay County,KS,Kansas,06,1671314413,26701337,20027,8048,7410,193,38,45,0,336,284,"Clay County, Kansas",92.07256461232605,2.3981113320079523,0.4721669980119284,0.5591451292246521,0.0,4.174950298210735,3.5288270377733597
55,001,01581060,0500000US55001,55001,Adams,Adams County,WI,Wisconsin,06,1672216054,108348982,55001,21123,18788,429,153,135,0,1377,933,"Adams County, Wisconsin",88.94569900108887,2.0309615111489845,0.7243289305496379,0.6391137622496805,0.0,6.51896037494674,4.4169862235477915
20,179,00485052,0500000US20179,20179,Sheridan,Sheridan County,KS,Kansas,06,2320518304,647342,20179,2426,2246,1,7,1,0,114,143,"Sheridan County, Kansas",92.58037922506183,0.041220115416323165,0.2885408079142622,0.041220115416323165,0.0,4.699093157460841,5.894476504534213
51,830,01789076,0500000US51830,51830,Williamsburg,Williamsburg city,VA,Virginia,25,23149770,416905,51830,15798,10751,2269,78,1075,0,1344,1318,"Williamsburg city, Virginia",68.05291809089759,14.362577541460944,0.49373338397265476,6.804658817571845,0.0,8.507406000759591,8.342828206102038
40,011,01101793,0500000US40011,40011,Blaine,Blaine County,OK,Oklahoma,06,2404772745,26855431,40011,8570,6164,332,575,3,0,1029,1078,"Blaine County, Oklahoma",71.92532088681448,3.8739789964994165,6.709451575262544,0.03500583430571762,0.0,12.007001166861144,12.578763127187864
48,151,01383861,0500000US48151,48151,Fisher,Fisher County,TX,Texas,06,2328272103,7258480,48151,3655,2762,126,9,7,0,527,1023,"Fisher County, Texas",75.56771545827633,3.4473324213406293,0.24623803009575923,0.19151846785225718,0.0,14.418604651162791,27.9890560875513
48,253,01383912,0500000US48253,48253,Jones,Jones County,TX,Texas,06,2405076785,22097342,48253,20304,12860,2059,164,116,0,3371,5816,"Jones County, Texas",63.33727344365643,10.140858944050434,0.8077226162332545,0.5713159968479117,0.0,16.60263987391647,28.644602048857372
48,173,01383872,0500000US48173,48173,Glasscock,Glasscock County,TX,Texas,06,2331552974,2245302,48173,1068,756,0,0,0,0,304,288,"Glasscock County, Texas",70.78651685393258,0.0,0.0,0.0,0.0,28.46441947565543,26.96629213483146
40,001,01101788,0500000US40001,40001,Adair,Adair County,OK,Oklahoma,06,1486345553,8864932,40001,19575,7748,148,7775,250,10,2898,1407,"Adair County, Oklahoma",39.58109833971903,0.756066411238825,39.71902937420179,1.277139208173691,0.05108556832694764,14.804597701149424,7.187739463601532
48,231,01383901,0500000US48231,48231,Hunt,Hunt County,TX,Texas,06,2176666852,107761746,48231,108972,76656,8728,920,1514,14,12429,23418,"Hunt County, Texas",70.3446756965092,8.009396909297802,0.8442535697243329,1.3893477223506956,0.012847336930587675,11.405682193591014,21.489924017178723
48,471,01384021,0500000US48471,48471,Walker,Walker County,TX,Texas,06,2031126326,44745757,48471,80209,46673,16167,335,906,263,12034,17492,"Walker County, Texas",58.18923063496615,20.156092209103715,0.41765886621202114,1.1295490530987793,0.32789337854854195,15.003303868643169,21.808026530688576
40,147,01101861,0500000US40147,40147,Washington,Washington County,OK,Oklahoma,06,1076201531,22871165,40147,53326,38484,1289,4548,1078,11,6849,3694,"Washington County, Oklahoma",72.16742302066534,2.4172073660128266,8.528672692495217,2.021527960094513,0.02062783632749503,12.843641000637588,6.927202490342423
72,089,01804525,0500000US72089,72089,Luquillo,Luquillo Municipio,PR,Puerto Rico,13,66851395,53659425,72089,17532,1552,783,50,128,0,8031,17271,"Luquillo Municipio, Puerto Rico",8.852384211727129,4.4661190965092405,0.28519279032626055,0.730093543235227,0.0,45.80766598220397,98.51129363449692
55,137,01581128,0500000US55137,55137,Waushara,Waushara County,WI,Wisconsin,06,1621749913,29096948,55137,24868,22058,450,160,111,2,1300,1740,"Waushara County, Wisconsin",88.70033778349686,1.8095544474827086,0.6433971368827409,0.4463567637124015,0.008042464211034262,5.22760173717227,6.996943863599807
08,003,00198117,0500000US08003,08003,Alamosa,Alamosa County,CO,Colorado,06,1871643029,1670455,08003,16581,9586,309,681,188,13,4312,7989,"Alamosa County, Colorado",57.813159640552435,1.8635787950063325,4.10711054821784,1.133827875278934,0.07840299137567094,26.005669139376398,48.181653700018096
13,253,00351263,0500000US13253,13253,Seminole,Seminole County,GA,Georgia,06,615241254,49235709,13253,9156,5772,3063,26,43,0,225,284,"Seminole County, Georgia",63.04062909567497,33.45347313237221,0.2839667977282656,0.4696373962429008,0.0,2.45740498034076,3.101791175185671
01,133,00161592,0500000US01133,01133,Winston,Winston County,AL,Alabama,06,1587657470,48873867,01133,23682,21573,237,78,73,0,1246,880,"Winston County, Alabama",91.09450215353434,1.0007600709399544,0.32936407398023815,0.30825099231483827,0.0,5.261379951017651,3.7159023731103793
48,219,01383895,0500000US48219,48219,Hockley,Hockley County,TX,Texas,06,2352723963,446119,48219,21363,12211,736,76,29,0,6418,10718,"Hockley County, Texas",57.15957496606282,3.4452090062257175,0.355755277816786,0.1357487244300894,0.0,30.04259701352806,50.17085615316201
31,129,00835886,0500000US31129,31129,Nuckolls,Nuckolls County,NE,Nebraska,06,1489645185,1718484,31129,4087,3835,6,17,0,0,152,146,"Nuckolls County, Nebraska",93.83410814778567,0.14680694886224616,0.4159530217763641,0.0,0.0,3.7191093711769025,3.5723024223146562
13,081,00351607,0500000US13081,13081,Crisp,Crisp County,GA,Georgia,06,706237950,21408088,13081,19790,9838,8954,11,99,0,603,715,"Crisp County, Georgia",49.71197574532592,45.245073269327946,0.05558362809499748,0.5002526528549772,0.0,3.0469934310257707,3.612935826174836
31,047,00835845,0500000US31047,31047,Dawson,Dawson County,NE,Nebraska,06,2623809783,16509199,31047,24202,14319,1754,135,198,35,3476,9045,"Dawson County, Nebraska",59.16453185687133,7.247334930997439,0.5578051400710685,0.8181142054375671,0.1446161474258326,14.3624493843484,37.37294438476159
06,091,00277310,0500000US06091,06091,Sierra,Sierra County,CA,California,06,2468694582,23299110,06091,2746,2373,8,0,0,0,165,301,"Sierra County, California",86.41660597232338,0.29133284777858703,0.0,0.0,0.0,6.008739985433357,10.961398397669338
28,075,00695761,0500000US28075,28075,Lauderdale,Lauderdale County,MS,Mississippi,06,1822508248,29730521,28075,71504,36378,29202,214,521,19,4144,1823,"Lauderdale County, Mississippi",50.87547549787425,40.83967330498993,0.29928395614231373,0.728630566122175,0.026571940031326916,5.795479973148356,2.5495077198478406
47,085,01639757,0500000US47085,47085,Humphreys,Humphreys County,TN,Tennessee,06,1374668727,67184110,47085,19214,17285,337,9,57,0,1004,561,"Humphreys County, Tennessee",89.9604455084834,1.7539294264598728,0.04684084521702925,0.2966586863745186,0.0,5.225356510877485,2.9197460185281567
51,800,01498560,0500000US51800,51800,Suffolk,Suffolk city,VA,Virginia,25,1033837942,77026744,51800,98796,45942,41515,573,1843,9,6470,5172,"Suffolk city, Virginia",46.50188266731446,42.02093202153933,0.5799829952629662,1.865460140086643,0.009109680553868578,6.5488481315033,5.2350297582898095
29,199,00758552,0500000US29199,29199,Scotland,Scotland County,MO,Missouri,06,1130548365,7217862,29199,4686,4500,6,8,2,20,148,9,"Scotland County, Missouri",96.03072983354673,0.12804097311139565,0.17072129748186088,0.04268032437046522,0.42680324370465217,3.158344003414426,0.19206145966709345
48,235,01383903,0500000US48235,48235,Irion,Irion County,TX,Texas,06,2723485995,176317,48235,1409,1022,1,40,0,0,107,388,"Irion County, Texas",72.53371185237756,0.07097232079488999,2.8388928317955995,0.0,0.0,7.594038325053229,27.53726046841732
17,129,00424266,0500000US17129,17129,Menard,Menard County,IL,Illinois,06,814269349,2640418,17129,12095,11472,63,0,31,27,494,204,"Menard County, Illinois",94.84911120297643,0.52087639520463,0.0,0.25630425795783385,0.2232327408019843,4.0843323687474165,1.6866473749483257
13,045,00326650,0500000US13045,13045,Carroll,Carroll County,GA,Georgia,06,1292752875,12024409,13045,124569,85134,23096,1111,1060,0,10987,10771,"Carroll County, Georgia",68.3428461334682,18.540728431632267,0.8918751856400869,0.8509340205026934,0.0,8.820011399304803,8.646613523428783
19,181,00465279,0500000US19181,19181,Warren,Warren County,IA,Iowa,06,1475408395,8645070,19181,54409,50576,405,154,407,8,2530,2020,"Warren County, Iowa",92.95520961605617,0.7443621459684978,0.28304140859049054,0.748038008417725,0.014703449796908599,4.649965998272345,3.7126210737194216
17,199,01785215,0500000US17199,17199,Williamson,Williamson County,IL,Illinois,06,1088338987,62470432,17199,66876,59489,2988,186,1000,0,2987,1947,"Williamson County, Illinois",88.95418386267121,4.467970572402655,0.278126682217836,1.4953047431066453,0.0,4.466475267659549,2.911358334828638
13,171,00326713,0500000US13171,13171,Lamar,Lamar County,GA,Georgia,06,475264405,6044329,13171,19571,13382,5304,16,140,0,625,661,"Lamar County, Georgia",68.37667978130908,27.101323386643507,0.08175361504266516,0.7153441316233202,0.0,3.1935005876041083,3.377446221450105
51,510,01498415,0500000US51510,51510,Alexandria,Alexandria city,VA,Virginia,25,38682338,1069028,51510,156976,80079,33474,1679,10006,49,22973,28788,"Alexandria city, Virginia",51.01353073081235,21.324278870655387,1.069590255835287,6.374222811130364,0.031214962796860667,14.634721231271023,18.33910916318418
31,053,00835848,0500000US31053,31053,Dodge,Dodge County,NE,Nebraska,06,1370277207,36091675,31053,37351,30316,190,833,172,10,3825,6730,"Dodge County, Nebraska",81.16516291397821,0.5086878530695296,2.2301946400364114,0.4604963722524163,0.026773044898396294,10.240689673636583,18.018259216620706
05,097,00069168,0500000US05097,05097,Montgomery,Montgomery County,AR,Arkansas,06,2021363825,52979164,05097,8553,7740,72,113,81,0,382,424,"Montgomery County, Arkansas",90.49456331111891,0.8418098912662224,1.3211738571261546,0.9470361276745002,0.0,4.466269145329124,4.9573249152344205
19,001,00465190,0500000US19001,19001,Adair,Adair County,IA,Iowa,06,1474404201,2597996,19001,7460,7041,115,13,23,5,201,235,"Adair County, Iowa",94.3833780160858,1.5415549597855227,0.17426273458445038,0.3083109919571046,0.06702412868632708,2.6943699731903483,3.1501340482573728
29,129,00758519,0500000US29129,29129,Mercer,Mercer County,MO,Missouri,06,1175427717,3302140,29129,3482,3218,6,23,31,4,119,167,"Mercer County, Missouri",92.41815048822517,0.17231476163124643,0.6605399195864445,0.8902929350947731,0.11487650775416428,3.417576105686387,4.796094198736359
31,099,00835871,0500000US31099,31099,Kearney,Kearney County,NE,Nebraska,06,1337063552,274634,31099,6713,6185,1,16,36,0,310,459,"Kearney County, Nebraska",92.13466408461196,0.014896469536719798,0.23834351258751676,0.5362729033219127,0.0,4.617905556383137,6.837479517354388
28,051,00695749,0500000US28051,28051,Holmes,Holmes County,MS,Mississippi,06,1959776830,20568825,28051,16191,2368,13116,19,46,3,639,64,"Holmes County, Mississippi",14.625409177938362,81.00796738929034,0.11734914458649867,0.284108455314681,0.01852881230313137,3.9466370205669814,0.3952813291334692
51,580,01789069,0500000US51580,51580,Covington,Covington city,VA,Virginia,25,14163842,521492,51580,5680,4525,720,0,76,0,232,202,"Covington city, Virginia",79.66549295774648,12.676056338028168,0.0,1.3380281690140845,0.0,4.084507042253521,3.556338028169014
13,173,00348102,0500000US13173,13173,Lanier,Lanier County,GA,Georgia,06,509030778,8418857,13173,10221,6684,2476,9,129,0,385,758,"Lanier County, Georgia",65.39477546228353,24.22463555425105,0.0880540064572938,1.262107425887878,0.0,3.766754720673124,7.4161040994031895
13,075,00343878,0500000US13075,13075,Cook,Cook County,GA,Georgia,06,591684404,12308449,13075,17532,11194,4839,63,72,0,1071,1335,"Cook County, Georgia",63.84896189824322,27.600958247775498,0.3593429158110883,0.41067761806981523,0.0,6.108829568788502,7.614647501711157
47,051,01639744,0500000US47051,47051,Franklin,Franklin County,TN,Tennessee,06,1436141691,55046635,47051,43990,38760,2151,190,434,0,1634,1678,"Franklin County, Tennessee",88.11093430325074,4.889747669924983,0.4319163446237781,0.9865878608774722,0.0,3.714480563764492,3.8145032962036827
48,181,01383876,0500000US48181,48181,Grayson,Grayson County,TX,Texas,06,2416016688,120091746,48181,143337,109325,7432,1050,2168,175,17127,23433,"Grayson County, Texas",76.2713046875545,5.184983639953397,0.7325394001548797,1.5125194471769325,0.12208990002581328,11.948764101383453,16.34818644174219
55,133,01581126,0500000US55133,55133,Waukesha,Waukesha County,WI,Wisconsin,06,1423770012,79817289,55133,411762,357179,6501,1028,15988,32,25425,23650,"Waukesha County, Wisconsin",86.74404146084389,1.5788246608477712,0.24965878347200568,3.882825515710532,0.007771479641151927,6.174683433633992,5.7436091722888465
29,053,00758481,0500000US29053,29053,Cooper,Cooper County,MO,Missouri,06,1462695259,11475878,29053,16824,14831,945,17,21,0,955,361,"Cooper County, Missouri",88.15382786495482,5.616975748930099,0.10104612458392771,0.12482168330955777,0.0,5.676414645744175,2.1457441749881125
51,159,01480164,0500000US51159,51159,Richmond,Richmond County,VA,Virginia,06,495925426,64458631,51159,9095,5581,2439,61,59,0,713,686,"Richmond County, Virginia",61.36338647608576,26.81693238042881,0.6706981858163826,0.6487080813633864,0.0,7.839472237493128,7.542605827377679
17,077,00424240,0500000US17077,17077,Jackson,Jackson County,IL,Illinois,06,1511439594,48312243,17077,53064,38642,7422,45,1970,23,3291,2811,"Jackson County, Illinois",72.82149856776724,13.986883763003167,0.08480325644504749,3.7124981154831898,0.043343886627468714,6.201944821347807,5.297376752600633
29,125,00758516,0500000US29125,29125,Maries,Maries County,MO,Missouri,06,1364873607,7632374,29125,8450,7830,18,103,0,0,480,175,"Maries County, Missouri",92.66272189349112,0.21301775147928992,1.2189349112426036,0.0,0.0,5.680473372781065,2.0710059171597637
22,111,00559528,0500000US22111,22111,Union,Union Parish,LA,Louisiana,15,2271194160,73615328,22111,20821,14377,5037,9,47,0,844,1216,"Union Parish, Louisiana",69.05047788290668,24.191921617597618,0.04322558954901302,0.2257336343115124,0.0,4.053599731040776,5.84025743239998
31,119,00835880,0500000US31119,31119,Madison,Madison County,NE,Nebraska,06,1483077363,7333120,31119,35532,28292,283,505,447,0,4046,5797,"Madison County, Nebraska",79.62400090059664,0.7964651581672859,1.421254080828549,1.2580209388720027,0.0,11.386918833727345,16.314871102105144
26,073,01622979,0500000US26073,26073,Isabella,Isabella County,MI,Michigan,06,1483285543,12945211,26073,64565,54561,1616,1934,1091,14,4338,3281,"Isabella County, Michigan",84.50553705568032,2.5029040501819875,2.9954309610470067,1.6897699992255866,0.02168357469217068,6.718810501045458,5.081700611786571
39,075,01074050,0500000US39075,39075,Holmes,Holmes County,OH,Ohio,06,1094566303,3694365,39075,44418,43480,40,44,28,22,670,467,"Holmes County, Ohio",97.88824350488541,0.09005358188121933,0.09905894006934125,0.06303750731685354,0.04952947003467063,1.5083974965104239,1.0513755684632355
20,191,00481812,0500000US20191,20191,Sumner,Sumner County,KS,Kansas,06,3060505682,8512878,20191,22353,20007,246,278,85,0,1400,1366,"Sumner County, Kansas",89.50476446114615,1.1005234196752114,1.243680937681743,0.38026215720484946,0.0,6.263141412785755,6.111036549903816
19,033,00465206,0500000US19033,19033,Cerro Gordo,Cerro Gordo County,IA,Iowa,06,1471889949,17659669,19033,42632,38231,987,77,499,267,2280,2397,"Cerro Gordo County, Iowa",89.6767686245074,2.3151623193844997,0.18061550009382624,1.1704822668418091,0.6262901107149559,5.348095327453556,5.622537061362357
20,079,00485005,0500000US20079,20079,Harvey,Harvey County,KS,Kansas,06,1397961178,2503283,20079,33756,28206,478,550,389,0,3228,4129,"Harvey County, Kansas",83.55847849271241,1.4160445550420666,1.6293399691906623,1.1523877236639413,0.0,9.562744400995378,12.231899514160444
40,047,01101811,0500000US40047,40047,Garfield,Garfield County,OK,Oklahoma,06,2741521326,4075930,40047,62146,45476,1486,1213,798,2398,6608,9451,"Garfield County, Oklahoma",73.1760692562675,2.391143436423905,1.951855308467158,1.2840729894120297,3.8586554243233677,10.633025456183825,15.207736620216908
25,003,00606928,0500000US25003,25003,Berkshire,Berkshire County,MA,Massachusetts,06,2400592147,50709767,25003,129430,111145,3426,565,2461,43,8980,7591,"Berkshire County, Massachusetts",85.87267248705864,2.6469906513173145,0.4365293981302635,1.9014138916788998,0.03322259136212625,6.938113265857993,5.864946303020938
27,107,00659499,0500000US27107,27107,Norman,Norman County,MN,Minnesota,06,2260512788,10208059,27107,6367,5637,34,109,28,0,499,352,"Norman County, Minnesota",88.53463169467567,0.5340034553164755,1.711952253808701,0.43976755143709756,0.0,7.837286005968274,5.528506360923512
31,169,00835906,0500000US31169,31169,Thayer,Thayer County,NE,Nebraska,06,1486153265,3025339,31169,4901,4617,3,20,4,0,239,159,"Thayer County, Nebraska",94.20526423178943,0.0612119975515201,0.4080799836768007,0.08161599673536013,0.0,4.876555804937768,3.2442358702305647
37,021,01008538,0500000US37021,37021,Buncombe,Buncombe County,NC,North Carolina,06,1700318977,8942802,37021,274360,224885,13276,559,3089,86,26427,23475,"Buncombe County, North Carolina",81.96712348738883,4.838897798512902,0.20374690188074063,1.1258929873159353,0.03134567721242163,9.63223501968217,8.55627642513486
12,055,00295756,0500000US12055,12055,Highlands,Highlands County,FL,Florida,06,2635726558,230667873,12055,105702,72316,10359,751,1598,46,13231,23465,"Highlands County, Florida",68.41497795689769,9.800192995402169,0.7104879756296002,1.5117973169854875,0.04351857107717924,12.517265520046925,22.199201528826322
48,081,01383826,0500000US48081,48081,Coke,Coke County,TX,Texas,06,2361153198,42331832,48081,3353,2826,42,14,8,0,342,706,"Coke County, Texas",84.28273188189681,1.2526096033402923,0.41753653444676403,0.23859230539815093,0.0,10.19982105577095,21.05577095138682
31,145,00835894,0500000US31145,31145,Red Willow,Red Willow County,NE,Nebraska,06,1857036304,2591016,31145,10557,9385,103,17,27,0,729,670,"Red Willow County, Nebraska",88.8983612768779,0.9756559628682391,0.1610305958132045,0.2557544757033248,0.0,6.905370843989769,6.34649995263806
37,169,01008586,0500000US37169,37169,Stokes,Stokes County,NC,North Carolina,06,1163797562,17578801,37169,45139,40678,1650,82,33,0,2092,1730,"Stokes County, North Carolina",90.1171935576774,3.6553756175369414,0.1816610912957753,0.07310751235073883,0.0,4.634573207204413,3.83260595050843
54,019,01560095,0500000US54019,54019,Fayette,Fayette County,WV,West Virginia,06,1713381313,17365663,54019,39519,36269,1641,10,21,0,1291,549,"Fayette County, West Virginia",91.77610769503278,4.15243300690807,0.025304284015283784,0.05313899643209595,0.0,3.266783066373137,1.3892051924390798
37,145,01008577,0500000US37145,37145,Person,Person County,NC,North Carolina,06,1016154890,31205409,37145,39542,25705,10220,43,43,0,2772,2499,"Person County, North Carolina",65.00682818269182,25.84593596682009,0.10874513175863638,0.10874513175863638,0.0,7.010267563603258,6.319862424763542
39,063,01074044,0500000US39063,39063,Hancock,Hancock County,OH,Ohio,06,1376118086,6028216,39063,74866,66434,1434,41,1447,18,3814,4588,"Hancock County, Ohio",88.73721048272914,1.9154222210349157,0.054764512595837894,1.9327865786872547,0.024042956749392247,5.094435391232335,6.128282531456201
22,093,01629464,0500000US22093,22093,St. James,St. James Parish,LA,Louisiana,15,616057915,38773983,22093,19528,9750,9263,69,8,12,410,382,"St. James Parish, Louisiana",49.928308070462926,47.43445309299467,0.35333879557558373,0.04096681687832855,0.061450225317492835,2.0995493650143384,1.9561655059401883
46,003,01266983,0500000US46003,46003,Aurora,Aurora County,SD,South Dakota,06,1834902863,11201379,46003,2642,2296,15,11,6,0,242,184,"Aurora County, South Dakota",86.90386071158214,0.5677517032551098,0.4163512490537472,0.22710068130204392,0.0,9.159727479182438,6.964420893262679
20,131,00485029,0500000US20131,20131,Nemaha,Nemaha County,KS,Kansas,06,1858127933,5205446,20131,10160,9551,122,35,56,0,353,265,"Nemaha County, Kansas",94.00590551181102,1.2007874015748032,0.34448818897637795,0.5511811023622047,0.0,3.4744094488188977,2.608267716535433
48,199,01383885,0500000US48199,48199,Hardin,Hardin County,TX,Texas,06,2306581582,18001144,48199,57642,48357,3304,147,317,2,4761,3936,"Hardin County, Texas",83.89195378369939,5.731931577669061,0.255022379514937,0.5499462197703064,0.003469692238298463,8.259602373269491,6.828354324971375
27,011,00659451,0500000US27011,27011,Big Stone,Big Stone County,MN,Minnesota,06,1292738453,74945834,27011,5127,4823,14,12,38,0,157,137,"Big Stone County, Minnesota",94.07060659254924,0.2730641700799688,0.23405500292568754,0.7411741759313439,0.0,3.062219621611079,2.672127950068266
20,083,00485006,0500000US20083,20083,Hodgeman,Hodgeman County,KS,Kansas,06,2227369150,826344,20083,1652,1565,6,1,0,0,60,76,"Hodgeman County, Kansas",94.73365617433413,0.36319612590799033,0.06053268765133172,0.0,0.0,3.631961259079903,4.600484261501211
31,097,00835870,0500000US31097,31097,Johnson,Johnson County,NE,Nebraska,06,974029895,1704834,31097,5261,4153,246,129,44,0,288,627,"Johnson County, Nebraska",78.93936513970729,4.675917126021669,2.4520053221820945,0.8363429005892415,0.0,5.47424444022049,11.917886333396693
46,102,01266992,0500000US46102,46102,Oglala Lakota,Oglala Lakota County,SD,South Dakota,06,5422402220,7126155,46102,13491,950,9,12337,0,0,129,259,"Oglala Lakota County, South Dakota",7.041731524720183,0.06671114076050699,91.44614928470833,0.0,0.0,0.956193017567267,1.919798384107924
72,073,01804517,0500000US72073,72073,Jayuya,Jayuya Municipio,PR,Puerto Rico,13,115340542,3091,72073,14566,8111,252,0,31,0,1533,14339,"Jayuya Municipio, Puerto Rico",55.684470685157216,1.7300562954826306,0.0,0.212824385555403,0.0,10.524509130852671,98.44157627351366
16,021,00395159,0500000US16021,16021,Boundary,Boundary County,ID,Idaho,06,3285862967,24278846,16021,13172,10918,43,208,272,0,1273,753,"Boundary County, Idaho",82.88794412389919,0.32645004555116913,1.579107197084725,2.064986334649256,0.0,9.664439720619496,5.716671727907683
27,023,00659457,0500000US27023,27023,Chippewa,Chippewa County,MN,Minnesota,06,1505361877,17238350,27023,12377,10309,66,173,182,307,627,1307,"Chippewa County, Minnesota",83.29158923810294,0.5332471519754383,1.397753898359861,1.4704694190837844,2.4804072069160537,5.065847943766664,10.55990950957421
47,137,01648580,0500000US47137,47137,Pickett,Pickett County,TN,Tennessee,06,422090560,29845401,47137,5079,4837,7,5,0,0,175,106,"Pickett County, Tennessee",95.23528253593227,0.1378224059854302,0.09844457570387871,0.0,0.0,3.445560149635755,2.087025004922229
48,153,01383862,0500000US48153,48153,Floyd,Floyd County,TX,Texas,06,2569637283,983737,48153,5216,3260,126,35,10,0,801,3030,"Floyd County, Texas",62.5,2.415644171779141,0.6710122699386504,0.19171779141104295,0.0,15.356595092024538,58.09049079754601
47,147,01639786,0500000US47147,47147,Robertson,Robertson County,TN,Tennessee,06,1233703852,457701,47147,75539,60710,5448,185,566,8,5281,7559,"Robertson County, Tennessee",80.36908087213229,7.2121685486967,0.24490660453540553,0.7492818279299435,0.010590555871801322,6.991090694872846,10.006751479368273
56,031,01605080,0500000US56031,56031,Platte,Platte County,WY,Wyoming,06,5390953617,76102033,56031,8612,7490,29,35,0,34,990,761,"Platte County, Wyoming",86.97166744078031,0.3367394333488156,0.4064096609382257,0.0,0.3947979563399907,11.49558755225267,8.83650719925685
51,103,01480139,0500000US51103,51103,Lancaster,Lancaster County,VA,Virginia,06,345261477,254114185,51103,10936,7494,2803,6,69,0,479,192,"Lancaster County, Virginia",68.5259692757864,25.630943672275052,0.05486466715435259,0.6309436722750549,0.0,4.380029261155816,1.755669348939283
29,077,00758493,0500000US29077,29077,Greene,Greene County,MO,Missouri,06,1749093452,6607713,29077,303375,260352,9184,866,5902,488,20817,15605,"Greene County, Missouri",85.8185414091471,3.027276473011949,0.2854552946023898,1.9454470539761022,0.16085702513391018,6.861804697156984,5.143798928718582
39,007,01074017,0500000US39007,39007,Ashtabula,Ashtabula County,OH,Ohio,06,1819712681,1724513202,39007,97167,86119,3707,64,421,33,5135,4843,"Ashtabula County, Ohio",88.6298846316136,3.815081251865345,0.06586598330708986,0.4332746714419505,0.03396214764271821,5.284716004404787,4.984202455566191
37,197,01008597,0500000US37197,37197,Yadkin,Yadkin County,NC,North Carolina,06,867498040,7176192,37197,37574,31232,647,277,23,0,3388,4676,"Yadkin County, North Carolina",83.12130728695375,1.7219353808484592,0.7372119018470219,0.061212540586575825,0.0,9.01687336988343,12.444775642731676
08,063,00198147,0500000US08063,08063,Kit Carson,Kit Carson County,CO,Colorado,06,5596501950,2251929,08063,7023,5523,4,52,17,0,719,1418,"Kit Carson County, Colorado",78.64160615121743,0.056955716930086865,0.7404243200911291,0.24206179695286917,0.0,10.237790118183113,20.19080165171579
40,097,01101833,0500000US40097,40097,Mayes,Mayes County,OK,Oklahoma,06,1697389413,72971003,40097,39604,24901,182,8084,196,24,5857,1536,"Mayes County, Oklahoma",62.87496212503787,0.45954954045045954,20.412079587920413,0.4948995051004949,0.0605999394000606,14.788910211089789,3.8783961216038785
39,093,01074059,0500000US39093,39093,Lorain,Lorain County,OH,Ohio,06,1270483154,1119495057,39093,317129,247434,24301,494,4481,57,32168,35037,"Lorain County, Ohio",78.0231388488596,7.662812294050686,0.15577257204481457,1.4129896666656154,0.01797375831286322,10.143506270319017,11.048185438733134
08,075,00198153,0500000US08075,08075,Logan,Logan County,CO,Colorado,06,4761949509,16363553,08075,20892,17088,758,146,127,0,1888,3596,"Logan County, Colorado",81.79207352096496,3.6281830365690215,0.6988320888378327,0.6078881868657859,0.0,9.03695194332759,17.212330078498947
20,193,00485057,0500000US20193,20193,Thomas,Thomas County,KS,Kansas,06,2783425129,288241,20193,7885,7069,82,1,11,0,488,662,"Thomas County, Kansas",89.65123652504757,1.0399492707672797,0.012682308180088777,0.13950538998097653,0.0,6.188966391883323,8.39568801521877
51,685,01498431,0500000US51685,51685,Manassas Park,Manassas Park city,VA,Virginia,25,7857548,1609,51685,16798,5543,2297,845,1747,0,2659,7867,"Manassas Park city, Virginia",32.9979759495178,13.674246934158829,5.030360757233003,10.400047624717228,0.0,15.829265388736754,46.83295630432195
39,111,01074068,0500000US39111,39111,Monroe,Monroe County,OH,Ohio,06,1180317743,4495411,39111,13227,12610,58,4,53,0,465,18,"Monroe County, Ohio",95.33529900960157,0.4384970136841309,0.03024117335752627,0.4006955469872231,0.0,3.5155364028124287,0.13608528010886822
13,047,00353230,0500000US13047,13047,Catoosa,Catoosa County,GA,Georgia,06,419998925,771159,13047,68634,60605,946,209,1045,41,4386,2778,"Catoosa County, Georgia",88.30171635049683,1.3783256112131013,0.3045137978261503,1.5225689891307514,0.05973715651135006,6.390418742897107,4.047556604598304
12,019,00295726,0500000US12019,12019,Clay,Clay County,FL,Florida,06,1565900891,100869769,12019,227584,159072,26854,473,7004,280,25568,26029,"Clay County, Florida",69.89595050618672,11.799599268841394,0.2078353487064117,3.077544994375703,0.12303149606299213,11.234533183352081,11.437095753655793
17,187,01785134,0500000US17187,17187,Warren,Warren County,IL,Illinois,06,1404768298,1672625,17187,16447,13624,438,157,395,70,947,1820,"Warren County, Illinois",82.83577552137167,2.6630996534322366,0.9545813826229708,2.4016537970450536,0.42560953365355386,5.757888976713079,11.0658478749924
18,003,00450402,0500000US18003,18003,Allen,Allen County,IN,Indiana,06,1702099441,7354509,18003,392378,279390,41585,2233,20833,239,33285,35389,"Allen County, Indiana",71.20429789641621,10.598198675766735,0.5690940878438648,5.309421017488238,0.0609106524830648,8.482891497484568,9.01910912436477
48,267,01383919,0500000US48267,48267,Kimble,Kimble County,TX,Texas,06,3240024038,505509,48267,4389,3247,62,50,0,0,875,1162,"Kimble County, Texas",73.98040555935293,1.4126224652540442,1.1392116655274551,0.0,0.0,19.936204146730464,26.475279106858054
48,389,01383980,0500000US48389,48389,Reeves,Reeves County,TX,Texas,06,6825534318,17396672,48389,12664,4910,226,166,23,0,3619,10798,"Reeves County, Texas",38.77132027795325,1.7845862286797223,1.3108022741629817,0.18161718256475046,0.0,28.57706885660139,85.26531901452937
40,029,01101802,0500000US40029,40029,Coal,Coal County,OK,Oklahoma,06,1338434468,12075986,40029,5320,3474,19,566,27,2,1232,246,"Coal County, Oklahoma",65.30075187969925,0.35714285714285715,10.639097744360901,0.5075187969924813,0.03759398496240602,23.157894736842106,4.62406015037594
72,093,01804527,0500000US72093,72093,Maricao,Maricao Municipio,PR,Puerto Rico,13,94852003,12228,72093,4988,3296,0,0,12,0,399,4971,"Maricao Municipio, Puerto Rico",66.0785886126704,0.0,0.0,0.24057738572574178,0.0,7.999198075380915,99.65918203688852
47,055,01639746,0500000US47055,47055,Giles,Giles County,TN,Tennessee,06,1582304898,642572,47055,30620,25546,2617,60,150,0,1760,894,"Giles County, Tennessee",83.42913128674068,8.546701502286087,0.1959503592423253,0.48987589810581317,0.0,5.747877204441541,2.919660352710647
28,005,00695727,0500000US28005,28005,Amite,Amite County,MS,Mississippi,06,1890950868,3877823,28005,12565,7364,5033,34,3,0,129,10,"Amite County, Mississippi",58.607242339832865,40.05571030640668,0.27059291683247116,0.0238758456028651,0.0,1.0266613609231994,0.07958615200955034
48,359,01383965,0500000US48359,48359,Oldham,Oldham County,TX,Texas,06,3886337114,2339716,48359,2249,1592,197,0,7,0,407,625,"Oldham County, Texas",70.78701645175633,8.759448643841708,0.0,0.31124944419742107,0.0,18.09693196976434,27.790128946198312
45,087,01248017,0500000US45087,45087,Union,Union County,SC,South Carolina,06,1330177796,4792745,45087,26885,17346,7475,81,43,5,1610,559,"Union County, South Carolina",64.5192486516645,27.803607959828902,0.3012832434442998,0.1599404872605542,0.018597731076808628,5.988469406732379,2.079226334387205
26,055,01622970,0500000US26055,26055,Grand Traverse,Grand Traverse County,MI,Michigan,06,1202625101,354771224,26055,96166,88184,789,623,655,4,5251,3242,"Grand Traverse County, Michigan",91.69976914917955,0.8204562943243975,0.6478381132624836,0.6811139072021297,0.004159474242455753,5.46034981178379,3.371253873510388
47,033,01648574,0500000US47033,47033,Crockett,Crockett County,TN,Tennessee,06,687714872,545783,47033,13944,10070,1514,117,62,3,1555,1585,"Crockett County, Tennessee",72.21744119334481,10.857716580608146,0.8390705679862307,0.44463568559954103,0.02151462994836489,11.151749856569133,11.366896156052784
21,083,00516888,0500000US21083,21083,Graves,Graves County,KY,Kentucky,06,1429042910,13030079,21083,36630,31507,1527,84,171,0,2128,2983,"Graves County, Kentucky",86.014196014196,4.1687141687141684,0.2293202293202293,0.46683046683046686,0.0,5.809445809445809,8.143598143598144
55,065,01581092,0500000US55065,55065,Lafayette,Lafayette County,WI,Wisconsin,06,1640985431,2539010,55065,16942,15422,62,20,123,0,970,1200,"Lafayette County, Wisconsin",91.02821390626843,0.3659544327706292,0.11804981702278361,0.7260063746901193,0.0,5.725416125605006,7.082989021367017
55,099,01581110,0500000US55099,55099,Price,Price County,WI,Wisconsin,06,3247992726,62094098,55099,14092,13170,14,77,78,16,652,247,"Price County, Wisconsin",93.45728072665342,0.09934714731762702,0.5464093102469486,0.5535055350553505,0.11353959693443089,4.6267385750780585,1.7527675276752765
17,005,00424204,0500000US17005,17005,Bond,Bond County,IL,Illinois,06,985066648,6462629,17005,16716,14488,1023,196,110,0,840,336,"Bond County, Illinois",86.67145250059824,6.119885139985643,1.1725293132328307,0.658052165589854,0.0,5.025125628140704,2.0100502512562812
18,101,00451679,0500000US18101,18101,Martin,Martin County,IN,Indiana,06,869615720,12033245,18101,9830,9393,35,3,12,0,346,142,"Martin County, Indiana",95.55442522889115,0.3560528992878942,0.03051881993896236,0.12207527975584943,0.0,3.519837232960325,1.444557477110885
08,047,00198139,0500000US08047,08047,Gilpin,Gilpin County,CO,Colorado,06,388556744,942056,08047,5901,5179,152,65,62,0,432,436,"Gilpin County, Colorado",87.76478562955431,2.5758346043043554,1.1015082189459413,1.0506693780715133,0.0,7.320793085917641,7.388578207083545
26,027,01622956,0500000US26027,26027,Cass,Cass County,MI,Michigan,06,1269375088,47139869,26027,51520,43705,2110,613,414,10,3827,2329,"Cass County, Michigan",84.83113354037268,4.095496894409938,1.1898291925465838,0.8035714285714285,0.019409937888198756,7.428183229813665,4.520574534161491
28,137,00695789,0500000US28137,28137,Tate,Tate County,MS,Mississippi,06,1048332525,16090912,28137,28321,18696,8266,0,19,3,917,917,"Tate County, Mississippi",66.01461812789097,29.18682249920554,0.0,0.06708802655273471,0.010592846297800218,3.2378800183609338,3.2378800183609338
20,029,00484984,0500000US20029,20029,Cloud,Cloud County,KS,Kansas,06,1852726652,6859888,20029,8898,8122,73,44,8,98,488,343,"Cloud County, Kansas",91.27893908743538,0.8204090806922905,0.49449314452685994,0.08990784445942908,1.1013710946280062,5.484378512025175,3.8547988311980217
21,197,00516945,0500000US21197,21197,Powell,Powell County,KY,Kentucky,06,463508964,3003167,21197,13038,12345,264,19,0,0,305,214,"Powell County, Kentucky",94.68476760239301,2.024850437183617,0.14572787237306337,0.0,0.0,2.339315845988649,1.6413560362018713
19,177,00465277,0500000US19177,19177,Van Buren,Van Buren County,IA,Iowa,06,1255605676,14880499,19177,7241,6914,31,4,3,0,215,128,"Van Buren County, Iowa",95.48404916448004,0.4281176633061732,0.055240988813699765,0.041430741610274824,0.0,2.969203148736362,1.7677116420383925
28,163,00695802,0500000US28163,28163,Yazoo,Yazoo County,MS,Mississippi,06,2388847327,30612555,28163,24835,9887,14288,22,14,0,433,1337,"Yazoo County, Mississippi",39.81075095631166,57.53170928125629,0.08858465874773505,0.056372055566740485,0.0,1.7435071471713308,5.383531306623716
48,425,01383998,0500000US48425,48425,Somervell,Somervell County,TX,Texas,06,482274682,14205924,48425,9691,8066,126,41,0,0,1078,1759,"Somervell County, Texas",83.23186461665463,1.3001754204932412,0.42307295428748326,0.0,0.0,11.12372304199773,18.15086162418739
20,125,00485027,0500000US20125,20125,Montgomery,Montgomery County,KS,Kansas,06,1666900085,20430012,20125,30940,24221,1180,730,52,59,3981,2491,"Montgomery County, Kansas",78.28377504848093,3.8138332255979317,2.3594053005817712,0.16806722689075632,0.19069166127989656,12.86683904330963,8.051066580478345
30,107,01719560,0500000US30107,30107,Wheatland,Wheatland County,MT,Montana,06,3684208396,13010928,30107,2056,1967,20,32,7,0,30,51,"Wheatland County, Montana",95.67120622568093,0.9727626459143969,1.556420233463035,0.3404669260700389,0.0,1.4591439688715953,2.480544747081712
55,017,01581068,0500000US55017,55017,Chippewa,Chippewa County,WI,Wisconsin,06,2611628500,85233303,55017,66799,61893,967,370,881,4,2464,1311,"Chippewa County, Wisconsin",92.6555786763275,1.447626461473974,0.5539005074926271,1.318882019191904,0.0059881135945148885,3.688677974221171,1.9626042306022544
06,005,01675841,0500000US06005,06005,Amador,Amador County,CA,California,06,1539967071,29437120,06005,41428,31536,838,512,617,35,5633,6634,"Amador County, California",76.12242927488654,2.022786521193396,1.2358791155740079,1.489330887322584,0.08448392391619194,13.597084097711692,16.013324321714784
48,341,01383956,0500000US48341,48341,Moore,Moore County,TX,Texas,06,2330207191,25699789,48341,21373,10415,1053,589,449,0,7549,13048,"Moore County, Texas",48.72970570345763,4.926776774435035,2.755813409441819,2.100781359659383,0.0,35.32026388434005,61.048987039723016
47,003,01639723,0500000US47003,47003,Bedford,Bedford County,TN,Tennessee,06,1226719747,2980759,47003,52237,39330,3349,555,441,0,6182,8364,"Bedford County, Tennessee",75.29146007619121,6.411164500258437,1.062465302371882,0.844229186209009,0.0,11.83452342209545,16.011639259528685
18,107,00450374,0500000US18107,18107,Montgomery,Montgomery County,IN,Indiana,06,1307030258,2067987,18107,38312,34624,372,40,209,1,2299,2367,"Montgomery County, Indiana",90.37377323031949,0.9709751513885988,0.10440593025683859,0.5455209855919816,0.002610148256420965,6.000730841511798,6.178220922948423
13,261,00343504,0500000US13261,13261,Sumter,Sumter County,GA,Georgia,06,1250646292,25211441,13261,29061,12022,14487,56,378,24,1742,1812,"Sumter County, Georgia",41.368156636041434,49.85031485496025,0.1926981177523141,1.3007122948281202,0.08258490760813461,5.994287877223771,6.235160524414163
29,185,00758547,0500000US29185,29185,St. Clair,St. Clair County,MO,Missouri,06,1748193269,70137865,29185,9587,8960,77,16,24,0,439,213,"St. Clair County, Missouri",93.45989360592469,0.8031709606759153,0.16689266715343695,0.2503390007301554,0.0,4.579117555022426,2.2217586314801294
28,039,00695744,0500000US28039,28039,George,George County,MS,Mississippi,06,1239816906,12838126,28039,25170,21696,1811,28,33,0,1393,786,"George County, Mississippi",86.19785458879619,7.195073500198649,0.11124354390147,0.13110846245530394,0.0,5.534366309098133,3.1227651966626935
55,105,01581113,0500000US55105,55105,Rock,Rock County,WI,Wisconsin,06,1860044982,20695798,55105,164350,134161,7727,564,1779,9,15328,16646,"Rock County, Wisconsin",81.63127471858837,4.7015515667782175,0.3431700638880438,1.0824459993915423,0.005476118040766657,9.326437480985701,10.128384545177974
21,215,00516954,0500000US21215,21215,Spencer,Spencer County,KY,Kentucky,06,483473767,12916810,21215,20193,18837,168,15,108,0,945,539,"Spencer County, Kentucky",93.28480166394296,0.8319714752637052,0.07428316743425939,0.5348388055266676,0.0,4.679839548358342,2.6692418164710543
39,003,01074015,0500000US39003,39003,Allen,Allen County,OH,Ohio,06,1042587388,11152061,39003,101348,81056,9744,286,942,10,7804,3682,"Allen County, Ohio",79.97789793582508,9.614397916091091,0.2821959979476654,0.9294707344989541,0.009866992935233057,7.700201286655879,3.633026798752812
20,129,00485135,0500000US20129,20129,Morton,Morton County,KS,Kansas,06,1889993632,507796,20129,2611,1971,31,1,44,0,515,628,"Morton County, Kansas",75.48831865185753,1.1872845653006512,0.038299502106472615,1.685178092684795,0.0,19.7242435848334,24.052087322864804
72,061,01804511,0500000US72061,72061,Guaynabo,Guaynabo Municipio,PR,Puerto Rico,13,71444633,468302,72061,89378,19301,3635,376,243,0,40040,87631,"Guaynabo Municipio, Puerto Rico",21.594799615117815,4.0669963525699835,0.4206851797981606,0.27187898588019427,0.0,44.79849627425093,98.04538029492717
28,031,00695740,0500000US28031,28031,Covington,Covington County,MS,Mississippi,06,1071784951,2880713,28031,18148,10880,6313,5,44,54,584,471,"Covington County, Mississippi",59.95150980824333,34.7862023363456,0.027551245316288296,0.242450958783337,0.2975534494159136,3.2179854529424725,2.5953273087943574
39,107,01074066,0500000US39107,39107,Mercer,Mercer County,OH,Ohio,06,1197732212,28431995,39107,42484,40313,513,23,201,45,1016,951,"Mercer County, Ohio",94.88984088127295,1.2075134168157424,0.05413802843423406,0.47311929196874114,0.10592222954524057,2.391488560399209,2.238489784389417
27,131,00659511,0500000US27131,27131,Rice,Rice County,MN,Minnesota,06,1284234762,52062452,27131,67917,53994,4589,349,1545,26,4396,7105,"Rice County, Minnesota",79.49997791421882,6.756776653856914,0.5138625086502643,2.274835460930253,0.03828202070173889,6.472606269417083,10.461298349455953
48,283,01383924,0500000US48283,48283,La Salle,La Salle County,TX,Texas,06,3850545747,19503739,48283,6839,2277,400,36,6,0,2516,4910,"La Salle County, Texas",33.29434127796461,5.848808305307793,0.5263927474777015,0.0877321245796169,0.0,36.78900424038602,71.79412194765317
20,045,00484992,0500000US20045,20045,Douglas,Douglas County,KS,Kansas,06,1180428103,48875040,20045,120302,93924,5260,1549,5207,16,12488,8640,"Douglas County, Kansas",78.07351498728201,4.372329637080016,1.2875928912237535,4.328273844158867,0.013299862013931607,10.380542301873618,7.181925487523067
48,393,01383982,0500000US48393,48393,Roberts,Roberts County,TX,Texas,06,2393298442,346846,48393,832,778,3,2,0,0,41,55,"Roberts County, Texas",93.50961538461539,0.3605769230769231,0.2403846153846154,0.0,0.0,4.927884615384615,6.610576923076923
13,189,00348794,0500000US13189,13189,McDuffie,McDuffie County,GA,Georgia,06,666591525,23112523,13189,21718,12021,8712,0,68,0,743,800,"McDuffie County, Georgia",55.350400589372875,40.11419099364583,0.0,0.3131043374159683,0.0,3.421125333824478,3.6835804401878627
29,075,00758492,0500000US29075,29075,Gentry,Gentry County,MO,Missouri,06,1272776755,762384,29075,6245,5916,22,2,42,0,221,124,"Gentry County, Missouri",94.73178542834268,0.3522818254603683,0.032025620496397116,0.6725380304243395,0.0,3.5388310648518813,1.9855884707766214
47,071,01639751,0500000US47071,47071,Hardin,Hardin County,TN,Tennessee,06,1495684383,48706058,47071,27249,25121,956,33,8,0,1017,678,"Hardin County, Tennessee",92.19053910235237,3.5083856288304154,0.12110536166464825,0.029358875555066243,0.0,3.7322470549377957,2.488164703291864
31,037,00835840,0500000US31037,31037,Colfax,Colfax County,NE,Nebraska,06,1066160690,12611136,31037,10641,5393,478,486,21,0,2555,5091,"Colfax County, Nebraska",50.68132694295648,4.492059017009679,4.56723992106005,0.19734987313222443,0.0,24.010901231087303,47.84324781505497
47,159,01639791,0500000US47159,47159,Smith,Smith County,TN,Tennessee,06,814020543,28690306,47159,20389,18414,384,44,91,39,1150,641,"Smith County, Tennessee",90.31340428662514,1.8833684830055424,0.21580263867771837,0.44631909362891753,0.1912796115552504,5.64029623816764,3.1438520771003975
05,053,00066856,0500000US05053,05053,Grant,Grant County,AR,Arkansas,06,1636581696,2896901,05053,18242,16660,490,26,89,0,825,522,"Grant County, Arkansas",91.32770529547199,2.686108979278588,0.14252823155355773,0.4878851003179476,0.0,4.5225304242955815,2.861528341190659
16,075,00394896,0500000US16075,16075,Payette,Payette County,ID,Idaho,06,1053849237,8872160,16075,26771,21960,30,223,196,0,3508,4790,"Payette County, Idaho",82.02906129767285,0.11206155914982631,0.8329909230137088,0.7321355197788652,0.0,13.10373164991969,17.892495610922264
17,103,00424253,0500000US17103,17103,Lee,Lee County,IL,Illinois,06,1877142112,9779872,17103,33869,29059,1798,37,243,12,2306,2564,"Lee County, Illinois",85.79822256340607,5.308689361953409,0.10924444181995335,0.7174702530337477,0.03543062977944433,6.808586022616551,7.570344562874605
46,071,01265794,0500000US46071,46071,Jackson,Jackson County,SD,South Dakota,06,4827433505,19106096,46071,2802,1026,0,1716,0,0,60,12,"Jackson County, South Dakota",36.61670235546038,0.0,61.24197002141327,0.0,0.0,2.141327623126338,0.4282655246252677
47,059,01639747,0500000US47059,47059,Greene,Greene County,TN,Tennessee,06,1611409727,5099752,47059,71628,65436,1253,152,365,28,3882,2773,"Greene County, Tennessee",91.35533590216116,1.7493159099793376,0.2122075166136148,0.5095772602892724,0.039090858323560615,5.419668286145083,3.871391076115486
27,099,00659495,0500000US27099,27099,Mower,Mower County,MN,Minnesota,06,1842188273,617123,27099,40343,30390,1376,453,2524,218,3378,5494,"Mower County, Minnesota",75.32905336737477,3.4107527947847207,1.122871377934214,6.256351783456858,0.5403663584760677,8.373199811615399,13.618223731502368
31,013,00835991,0500000US31013,31013,Box Butte,Box Butte County,NE,Nebraska,06,2784618473,7150304,31013,10714,8735,15,338,43,0,1092,1352,"Box Butte County, Nebraska",81.52884076908717,0.14000373343289155,3.1547507933544896,0.40134403584095574,0.0,10.192271793914506,12.619003173417958
48,139,01383856,0500000US48139,48139,Ellis,Ellis County,TX,Texas,06,2423586107,41965719,48139,213160,126957,30976,1111,1820,375,32330,60062,"Ellis County, Texas",59.55948583223869,14.531807093263277,0.5212047288421843,0.8538187277162694,0.1759241884030775,15.167010696190655,28.17695627697504
08,079,00198155,0500000US08079,08079,Mineral,Mineral County,CO,Colorado,06,2268209075,5222161,08079,729,662,0,1,5,0,61,46,"Mineral County, Colorado",90.80932784636488,0.0,0.1371742112482853,0.6858710562414266,0.0,8.367626886145404,6.310013717421124
40,043,01101809,0500000US40043,40043,Dewey,Dewey County,OK,Oklahoma,06,2589024032,22668882,40043,4360,3609,3,161,4,0,544,261,"Dewey County, Oklahoma",82.77522935779817,0.06880733944954129,3.692660550458716,0.09174311926605505,0.0,12.477064220183486,5.986238532110092
48,297,01383934,0500000US48297,48297,Live Oak,Live Oak County,TX,Texas,06,2692796909,101483818,48297,11620,8104,262,0,84,76,2508,4911,"Live Oak County, Texas",69.74182444061962,2.2547332185886404,0.0,0.7228915662650602,0.6540447504302926,21.583476764199656,42.26333907056799
13,309,00351278,0500000US13309,13309,Wheeler,Wheeler County,GA,Georgia,06,765314383,12377032,13309,7335,4301,2735,28,0,0,145,319,"Wheeler County, Georgia",58.63667348329925,37.28698023176551,0.38173142467620996,0.0,0.0,1.9768234492160874,4.349011588275392
19,101,00465239,0500000US19101,19101,Jefferson,Jefferson County,IA,Iowa,06,1128002432,3522238,19101,15705,13253,399,123,1285,0,543,644,"Jefferson County, Iowa",84.38713785418656,2.5405921680993315,0.7831900668576885,8.182107609041706,0.0,3.457497612225406,4.1006049028971665
08,125,00198178,0500000US08125,08125,Yuma,Yuma County,CO,Colorado,06,6123764032,11134194,08125,9979,7086,25,75,27,11,2273,3021,"Yuma County, Colorado",71.00911915021545,0.2505261048201223,0.7515783144603667,0.27056819320573205,0.11023148612085379,22.777833450245517,30.273574506463575
29,217,00758561,0500000US29217,29217,Vernon,Vernon County,MO,Missouri,06,2140343861,27020859,29217,19687,18326,177,24,155,1,699,533,"Vernon County, Missouri",93.08680855386804,0.8990704525829227,0.12190785797734545,0.7873215827703561,0.005079494082389393,3.5505663635901867,2.707370345913547
50,013,01461763,0500000US50013,50013,Grand Isle,Grand Isle County,VT,Vermont,06,211772078,288966533,50013,7450,6792,26,100,24,0,443,166,"Grand Isle County, Vermont",91.16778523489933,0.348993288590604,1.342281879194631,0.3221476510067114,0.0,5.946308724832215,2.228187919463087
17,171,00424286,0500000US17171,17171,Scott,Scott County,IL,Illinois,06,649542036,4814546,17171,4937,4719,58,3,22,0,77,80,"Scott County, Illinois",95.58436297346566,1.174802511646749,0.06076564715414219,0.4456147457970428,0.0,1.5596516102896496,1.6204172574437916
26,135,01623010,0500000US26135,26135,Oscoda,Oscoda County,MI,Michigan,06,1465088063,15136485,26135,8425,7906,36,32,38,8,379,177,"Oscoda County, Michigan",93.83976261127597,0.42729970326409494,0.3798219584569733,0.45103857566765576,0.09495548961424333,4.498516320474778,2.1008902077151337
20,123,00485026,0500000US20123,20123,Mitchell,Mitchell County,KS,Kansas,06,1817632932,44979980,20123,5779,5408,6,16,39,0,222,187,"Mitchell County, Kansas",93.58020418757572,0.1038241910365115,0.27686450943069735,0.6748572417373249,0.0,3.841495068350926,3.2358539539712754
45,063,01244251,0500000US45063,45063,Lexington,Lexington County,SC,South Carolina,06,1810412793,151817364,45063,304887,219424,46578,792,6738,35,22792,24118,"Lexington County, South Carolina",71.96895899136402,15.277135463302796,0.25976837320056284,2.2099991144260005,0.01147966295709558,7.475556517660642,7.910471748549462
48,357,01383964,0500000US48357,48357,Ochiltree,Ochiltree County,TX,Texas,06,2376792063,1331778,48357,9786,6617,4,143,28,0,1517,5562,"Ochiltree County, Texas",67.6170038830983,0.04087471898630697,1.4612712037604743,0.28612303290414876,0.0,15.501737175556919,56.83629675045984
13,187,00357196,0500000US13187,13187,Lumpkin,Lumpkin County,GA,Georgia,06,732820607,3275562,13187,34505,31196,721,119,291,35,1821,2011,"Lumpkin County, Georgia",90.41008549485582,2.0895522388059704,0.3448775539776844,0.8433560353571946,0.10143457469931894,5.277496015070279,5.828140849152296
31,185,00835914,0500000US31185,31185,York,York County,NE,Nebraska,06,1482794064,8595055,31185,14286,12732,191,98,73,0,956,884,"York County, Nebraska",89.12221755564889,1.3369732605347895,0.6859862802743946,0.5109897802043959,0.0,6.691866162676746,6.18787624247515
27,147,00659518,0500000US27147,27147,Steele,Steele County,MN,Minnesota,06,1112525204,6972355,27147,37439,32125,1253,129,275,0,2614,3326,"Steele County, Minnesota",85.80624482491518,3.3467774246107003,0.3445604850556906,0.7345281658163947,0.0,6.982024092523839,8.883784289110286
18,171,00450400,0500000US18171,18171,Warren,Warren County,IN,Indiana,06,944543938,4442757,18171,8464,8021,12,7,40,2,349,123,"Warren County, Indiana",94.76606805293005,0.14177693761814747,0.08270321361058601,0.4725897920604915,0.023629489603024575,4.123345935727788,1.4532136105860114
48,303,01383937,0500000US48303,48303,Lubbock,Lubbock County,TX,Texas,06,2319597742,13210797,48303,318884,200827,23567,1836,7734,266,60166,115556,"Lubbock County, Texas",62.978073531440906,7.390461735301865,0.5757579558711005,2.4253333500583283,0.08341591299657557,18.867676020120168,36.23762873019656
20,137,00485032,0500000US20137,20137,Norton,Norton County,KS,Kansas,06,2274122718,8421464,20137,5359,4778,167,59,7,0,265,315,"Norton County, Kansas",89.15842507930584,3.1162530322821422,1.100951670087703,0.13062138458667663,0.0,4.944952416495615,5.877962306400448
48,371,01383971,0500000US48371,48371,Pecos,Pecos County,TX,Texas,06,12338274936,2532275,48371,14896,7482,678,63,386,7,4409,10627,"Pecos County, Texas",50.22824919441461,4.5515574650913,0.42293233082706766,2.5912996777658432,0.046992481203007516,29.598549946294305,71.34129967776585
51,135,01493928,0500000US51135,51135,Nottoway,Nottoway County,VA,Virginia,06,814265583,4297830,51135,15597,8452,5692,17,125,0,1135,758,"Nottoway County, Virginia",54.18990831570174,36.494197602102965,0.10899531961274604,0.8014361736231327,0.0,7.277040456498045,4.859908956850677
13,057,01685718,0500000US13057,13057,Cherokee,Cherokee County,GA,Georgia,06,1090597351,34427733,13057,281032,214752,20268,3234,6682,79,24807,34879,"Cherokee County, Georgia",76.41549716758233,7.211990093654815,1.1507586324689003,2.3776651769193546,0.028110677787582913,8.827108656665434,12.411042158900054
37,025,01008540,0500000US37025,37025,Cabarrus,Cabarrus County,NC,North Carolina,06,935587429,6985702,37025,236133,139597,45644,437,14549,32,19696,30081,"Cabarrus County, North Carolina",59.11795471196317,19.329784485861783,0.18506519630885981,6.16135821761465,0.013551684855568683,8.341062028602526,12.7390072543863
31,057,00835850,0500000US31057,31057,Dundy,Dundy County,NE,Nebraska,06,2381956204,3046331,31057,1736,1606,10,1,0,0,65,57,"Dundy County, Nebraska",92.51152073732719,0.5760368663594471,0.0576036866359447,0.0,0.0,3.7442396313364052,3.2834101382488474
19,165,00465271,0500000US19165,19165,Shelby,Shelby County,IA,Iowa,06,1530110527,1486125,19165,11778,10854,37,101,56,0,518,518,"Shelby County, Iowa",92.15486500254713,0.3141450161317711,0.8575309899813212,0.47546272711835624,0.0,4.398030225844796,4.398030225844796
29,510,00767557,0500000US29510,29510,St. Louis,St. Louis city,MO,Missouri,25,159853177,11534970,29510,288512,131235,121932,723,10200,77,18650,15297,"St. Louis city, Missouri",45.48684283496007,42.26236690328305,0.25059616237799465,3.5353815439219165,0.026688664596273292,6.464202528837622,5.302032497781721
20,139,00485033,0500000US20139,20139,Osage,Osage County,KS,Kansas,06,1827253333,37137002,20139,15744,14600,44,46,23,0,909,529,"Osage County, Kansas",92.73373983739837,0.27947154471544716,0.2921747967479675,0.14608739837398374,0.0,5.773628048780488,3.360010162601626
20,003,00484971,0500000US20003,20003,Anderson,Anderson County,KS,Kansas,06,1501264009,10599659,20003,7834,7199,83,7,0,0,494,142,"Anderson County, Kansas",91.89430686750065,1.059484299208578,0.08935409752361502,0.0,0.0,6.305846310952259,1.8126116926219042
39,159,01074091,0500000US39159,39159,Union,Union County,OH,Ohio,06,1118126414,13420715,39159,67324,57329,1550,90,3375,0,4050,2260,"Union County, Ohio",85.15388271641613,2.302299328619809,0.13368189650050502,5.013071118768938,0.0,6.015685342522726,3.3569009565682375
31,085,00835864,0500000US31085,31085,Hayes,Hayes County,NE,Nebraska,06,1846829887,562429,31085,843,789,0,5,0,0,33,41,"Hayes County, Nebraska",93.59430604982207,0.0,0.5931198102016607,0.0,0.0,3.9145907473309607,4.863582443653618
21,071,00516882,0500000US21071,21071,Floyd,Floyd County,KY,Kentucky,06,1018643075,6228697,21071,35224,33726,195,17,134,8,1085,329,"Floyd County, Kentucky",95.74721780604133,0.5535998183057006,0.04826254826254826,0.38042243924596864,0.02271178741766977,3.0802861685214626,0.9340222575516693
13,297,00351264,0500000US13297,13297,Walton,Walton County,GA,Georgia,06,846461361,8234412,13297,103313,72260,19607,319,1389,69,6809,6859,"Walton County, Georgia",69.94279519518358,18.97825055898096,0.3087704354727866,1.3444581030460832,0.06678733557248362,6.590651708884651,6.639048328864712
46,017,01265767,0500000US46017,46017,Buffalo,Buffalo County,SD,South Dakota,06,1220933806,42362357,46017,1808,316,0,1428,0,0,47,31,"Buffalo County, South Dakota",17.47787610619469,0.0,78.98230088495575,0.0,0.0,2.599557522123894,1.7146017699115044
19,065,00465221,0500000US19065,19065,Fayette,Fayette County,IA,Iowa,06,1892806735,1354955,19065,19288,17784,153,69,177,1,1026,593,"Fayette County, Iowa",92.20240564081294,0.7932393197843218,0.35773537951057655,0.917669017005392,0.005184570717544587,5.319369556200747,3.07445043550394
39,047,01074036,0500000US39047,39047,Fayette,Fayette County,OH,Ohio,06,1052469885,1694038,39047,28876,26332,609,1,258,0,1419,721,"Fayette County, Ohio",91.18991550076187,2.1090178695110127,0.0034630835295747335,0.8934755506302812,0.0,4.914115528466547,2.4968832248233825
37,081,01008558,0500000US37081,37081,Guilford,Guilford County,NC,North Carolina,06,1673033183,30337205,37081,547940,260614,185470,1585,29591,125,46551,55083,"Guilford County, North Carolina",47.562506843815015,33.848596561667335,0.2892652480198562,5.400408803883637,0.022812716720808847,8.495638208562982,10.052743001058511
54,085,01689049,0500000US54085,54085,Ritchie,Ritchie County,WV,West Virginia,06,1170648850,4424612,54085,8286,8051,9,0,111,0,114,59,"Ritchie County, West Virginia",97.16389090031379,0.10861694424330195,0.0,1.3396089790007242,0.0,1.3758146270818248,0.7120444122616462
13,299,00357722,0500000US13299,13299,Ware,Ware County,GA,Georgia,06,2329020700,22655225,13299,35976,22209,10880,77,462,19,1784,1828,"Ware County, Georgia",61.732821881254175,30.24238381142984,0.21403157660662664,1.2841894596397598,0.05281298643540138,4.958861463197688,5.081165221258617
26,001,01622943,0500000US26001,26001,Alcona,Alcona County,MI,Michigan,06,1747349240,2890404966,26001,10397,9699,68,28,52,0,463,176,"Alcona County, Michigan",93.28652495912281,0.6540348177358853,0.26930845436183515,0.5001442723862654,0.0,4.453207656054632,1.692795998845821
37,033,01008542,0500000US37033,37033,Caswell,Caswell County,NC,North Carolina,06,1101694783,8641803,37033,22404,13503,6874,9,93,0,1468,1141,"Caswell County, North Carolina",60.27048741296197,30.682021067666486,0.04017139796464917,0.4151044456347081,0.0,6.552401356900553,5.092840564184967
48,007,01383789,0500000US48007,48007,Aransas,Aransas County,TX,Texas,06,652854899,714540086,48007,24876,19140,321,330,331,0,3409,6736,"Aransas County, Texas",76.9416304872166,1.290400385914134,1.326579835986493,1.330599774883422,0.0,13.703971699630166,27.07830840971217
41,055,01135863,0500000US41055,41055,Sherman,Sherman County,OR,Oregon,06,2133151630,19617472,41055,1938,1663,9,9,5,0,245,85,"Sherman County, Oregon",85.81011351909184,0.46439628482972134,0.46439628482972134,0.2579979360165119,0.0,12.64189886480908,4.385964912280701
05,105,00069171,0500000US05105,05105,Perry,Perry County,AR,Arkansas,06,1427953397,24428560,05105,10101,9104,312,40,12,0,576,353,"Perry County, Arkansas",90.12969012969013,3.088803088803089,0.396000396000396,0.11880011880011879,0.0,5.702405702405702,3.4947034947034945
08,089,00198160,0500000US08089,08089,Otero,Otero County,CO,Colorado,06,3268424301,20092555,08089,18321,12315,213,390,137,5,2726,7695,"Otero County, Colorado",67.21794661863434,1.1626002947437366,2.1287047650237434,0.7477757764314175,0.02729108673107363,14.879100485781343,42.000982479122314
13,097,01686467,0500000US13097,13097,Douglas,Douglas County,GA,Georgia,06,518302400,2423527,13097,147888,48708,74289,548,2627,133,13075,18079,"Douglas County, Georgia",32.93573515092502,50.233284647841614,0.3705506870063832,1.7763442605214759,0.08993292221140323,8.84115005950449,12.224791734285406
15,003,00365281,0500000US15003,15003,Honolulu,Honolulu County,HI,Hawaii,06,1555887020,4054602618,15003,1001146,184255,23615,2034,422143,96063,257059,94340,"Honolulu County, Hawaii",18.404408547804216,2.3587968188456028,0.20316717042269558,42.16597778945329,9.595303781865981,25.676474759925128,9.42320101164066
40,125,01101850,0500000US40125,40125,Pottawatomie,Pottawatomie County,OK,Oklahoma,06,2040375640,14845673,40125,73463,52298,2176,8348,739,93,9017,4682,"Pottawatomie County, Oklahoma",71.18957842723547,2.9620353102922556,11.363543552536651,1.0059485727509085,0.12659434000789513,12.274206062916026,6.373276343193172
28,035,00695742,0500000US28035,28035,Forrest,Forrest County,MS,Mississippi,06,1207042883,10872917,28035,78272,44272,27807,156,760,165,4203,3428,"Forrest County, Mississippi",56.561733442354864,35.5261140637776,0.19930498773507768,0.9709730171708912,0.2108033524121014,5.369736304170074,4.37959934587081
37,071,01008554,0500000US37071,37071,Gaston,Gaston County,NC,North Carolina,06,921389651,20549064,37071,234881,160677,41145,912,4032,73,18770,23213,"Gaston County, North Carolina",68.40783205112376,17.51738114193996,0.388281725639792,1.7166139449338176,0.03107956795143072,7.991280691073352,9.882876861048787
08,087,00198159,0500000US08087,08087,Morgan,Morgan County,CO,Colorado,06,3316441489,34663098,08087,29520,18835,592,661,219,60,7360,11348,"Morgan County, Colorado",63.80420054200542,2.0054200542005423,2.239159891598916,0.741869918699187,0.20325203252032523,24.932249322493224,38.44173441734418
42,123,01213691,0500000US42123,42123,Warren,Warren County,PA,Pennsylvania,06,2290280116,37368144,42123,37920,35784,314,23,166,45,1397,481,"Warren County, Pennsylvania",94.36708860759494,0.8280590717299579,0.060654008438818574,0.43776371308016876,0.11867088607594937,3.684071729957806,1.2684599156118144
48,143,01383857,0500000US48143,48143,Erath,Erath County,TX,Texas,06,2805419712,17166727,48143,43794,34730,835,335,441,0,4217,9757,"Erath County, Texas",79.30310088139927,1.9066538795268757,0.764944969630543,1.0069872585285655,0.0,9.62917294606567,22.27930766771704
17,157,01784967,0500000US17157,17157,Randolph,Randolph County,IL,Illinois,06,1490194098,56150220,17157,30058,25786,2497,191,169,22,918,1147,"Randolph County, Illinois",85.78747754341606,8.307272606294497,0.6354381529043849,0.5622463237740368,0.073191829130348,3.0540954155299755,3.815955818750416
27,073,00659482,0500000US27073,27073,Lac qui Parle,Lac qui Parle County,MN,Minnesota,06,1981395023,33648338,27073,6682,6237,23,11,42,0,234,230,"Lac qui Parle County, Minnesota",93.34031727027836,0.34420832086201736,0.16462137084705178,0.6285543250523795,0.0,3.501945525291829,3.442083208620174
48,111,01383841,0500000US48111,48111,Dallam,Dallam County,TX,Texas,06,3893095084,5180577,48111,7298,3717,15,264,3,0,2183,3965,"Dallam County, Texas",50.931762126610025,0.20553576322280076,3.6174294327212935,0.04110715264456015,0.0,29.912304741024936,54.32995341189367
21,163,00516928,0500000US21163,21163,Meade,Meade County,KY,Kentucky,06,791146057,49058672,21163,30158,26810,1015,88,204,114,1857,1280,"Meade County, Kentucky",88.89846806817428,3.365607798925658,0.29179653823197826,0.6764374295377678,0.3780091518005173,6.157570130645268,4.244313283374229
51,139,01500440,0500000US51139,51139,Page,Page County,VA,Virginia,06,802941047,8378554,51139,23727,21877,498,37,94,0,895,609,"Page County, Virginia",92.20297551312851,2.0988746997091923,0.15594048973742994,0.39617313608968685,0.0,3.7720740085135076,2.566696168921482
51,125,01500936,0500000US51125,51125,Nelson,Nelson County,VA,Virginia,06,1219224542,8983980,51125,14732,11975,1623,28,132,0,740,705,"Nelson County, Virginia",81.28563670920445,11.016834102633723,0.19006244909041542,0.8960086885691012,0.0,5.023079011675264,4.785500950312246
31,075,00835859,0500000US31075,31075,Grant,Grant County,NE,Nebraska,06,2012381803,16500663,31075,626,601,1,6,5,0,13,1,"Grant County, Nebraska",96.00638977635782,0.1597444089456869,0.9584664536741214,0.7987220447284344,0.0,2.07667731629393,0.1597444089456869
48,175,01383873,0500000US48175,48175,Goliad,Goliad County,TX,Texas,06,2206698612,19050015,48175,7141,5242,382,31,1,0,1330,2308,"Goliad County, Texas",73.40708584231899,5.3493908416188205,0.43411286934602994,0.014003640946646129,0.0,18.62484245903935,32.32040330485926
40,081,01101828,0500000US40081,40081,Lincoln,Lincoln County,OK,Oklahoma,06,2466629765,34723064,40081,34219,27938,569,1896,192,17,3289,1364,"Lincoln County, Oklahoma",81.64470031269178,1.662818901779713,5.540781437213244,0.5610917911102019,0.049680002337882466,9.611619275840907,3.986089599345393
13,301,00347777,0500000US13301,13301,Warren,Warren County,GA,Georgia,06,736483608,6034478,13301,5170,2055,2919,0,7,0,189,58,"Warren County, Georgia",39.74854932301741,56.460348162475825,0.0,0.13539651837524178,0.0,3.655705996131528,1.1218568665377175
28,161,00695801,0500000US28161,28161,Yalobusha,Yalobusha County,MS,Mississippi,06,1209914676,72140595,28161,12419,7150,4598,44,19,0,545,216,"Yalobusha County, Mississippi",57.57307351638619,37.023914968999115,0.354295837023915,0.15299138416941782,0.0,4.388437072228038,1.7392704726628554
17,059,00424231,0500000US17059,17059,Gallatin,Gallatin County,IL,Illinois,06,836413648,13357002,17059,4819,4635,54,6,37,0,87,57,"Gallatin County, Illinois",96.181780452376,1.120564432454866,0.12450715916165178,0.7677941481635194,0.0,1.8053538078439508,1.1828180120356921
08,103,00198167,0500000US08103,08103,Rio Blanco,Rio Blanco County,CO,Colorado,06,8342275014,4868111,08103,6544,5619,0,41,44,0,701,709,"Rio Blanco County, Colorado",85.86491442542787,0.0,0.6265281173594133,0.6723716381418092,0.0,10.712102689486553,10.83435207823961
28,079,00695763,0500000US28079,28079,Leake,Leake County,MS,Mississippi,06,1509697192,6376466,28079,21319,9853,8307,1327,51,0,693,1403,"Leake County, Mississippi",46.216989539847084,38.9652422721516,6.224494582297481,0.239223228106384,0.0,3.2506215113279233,6.580984098691308
18,023,00450342,0500000US18023,18023,Clinton,Clinton County,IN,Indiana,06,1049119200,461117,18023,32944,27156,207,30,155,0,3770,6415,"Clinton County, Indiana",82.43079164643031,0.6283389995143274,0.09106362311801845,0.470495386109762,0.0,11.443661971830986,19.472438076736278
27,085,00659491,0500000US27085,27085,McLeod,McLeod County,MN,Minnesota,06,1273004838,36432583,27085,36798,32972,224,80,232,44,1809,2796,"McLeod County, Minnesota",89.6026957986847,0.6087287352573509,0.2174031197347682,0.6304690472308278,0.1195717158541225,4.916028045002445,7.598239034730149
19,027,00465203,0500000US19027,19027,Carroll,Carroll County,IA,Iowa,06,1474877207,2145349,19027,20594,19134,139,22,39,0,1069,720,"Carroll County, Iowa",92.91055647275905,0.6749538700592406,0.10682723123239778,0.18937554627561426,0.0,5.190832281246966,3.4961639312421093
21,121,00516907,0500000US21121,21121,Knox,Knox County,KY,Kentucky,06,1000590554,3676706,21121,29865,28593,312,7,57,0,842,389,"Knox County, Kentucky",95.74083375188349,1.044701155198393,0.02343880796919471,0.19085886489201406,0.0,2.8193537585802777,1.3025280428595345
13,055,00352213,0500000US13055,13055,Chattooga,Chattooga County,GA,Georgia,06,811512398,570806,13055,25036,20464,2241,423,95,5,1544,1436,"Chattooga County, Georgia",81.73829685253236,8.951110401022527,1.68956702348618,0.37945358683495767,0.019971241412366194,6.16711934813868,5.735740533631571
18,029,00450344,0500000US18029,18029,Dearborn,Dearborn County,IN,Indiana,06,790171257,6019020,18029,51094,48314,139,60,276,0,1929,795,"Dearborn County, Indiana",94.55904802912279,0.27204759854386035,0.11743061807648648,0.5401808431518378,0.0,3.7753943711590403,1.5559556895134459
22,123,00559578,0500000US22123,22123,West Carroll,West Carroll Parish,LA,Louisiana,15,931582171,2386489,22123,9464,7568,1387,21,23,6,168,353,"West Carroll Parish, Louisiana",79.96618765849534,14.655536770921387,0.22189349112426035,0.24302620456466612,0.06339814032121724,1.7751479289940828,3.729923922231614
34,041,00882237,0500000US34041,34041,Warren,Warren County,NJ,New Jersey,06,923435921,15825319,34041,110849,85215,6677,299,3381,24,10586,14378,"Warren County, New Jersey",76.87484776587971,6.023509458813341,0.2697363079504551,3.050095174516685,0.02165107488565526,9.549928280814441,12.970798112747971
36,007,00974102,0500000US36007,36007,Broome,Broome County,NY,New York,06,1827626589,25078245,36007,197378,158412,11092,310,10089,77,13572,10961,"Broome County, New York",80.25818480276425,5.619673925158832,0.15705904406772792,5.111511921288087,0.039011439978113065,6.876146277700655,5.553303812988276
38,077,01035302,0500000US38077,38077,Richland,Richland County,ND,North Dakota,06,3718378998,25035244,38077,16584,14911,144,297,135,31,818,624,"Richland County, North Dakota",89.91196333815726,0.8683068017366137,1.7908827785817656,0.8140376266280752,0.18692715870718765,4.932465026531597,3.762662807525326
38,005,01034216,0500000US38005,38005,Benson,Benson County,ND,North Dakota,06,3596341571,131677670,38005,5808,2503,35,2931,48,0,251,113,"Benson County, North Dakota",43.09573002754821,0.6026170798898072,50.46487603305785,0.8264462809917356,0.0,4.321625344352617,1.9455922865013773
08,109,00198170,0500000US08109,08109,Saguache,Saguache County,CO,Colorado,06,8206547699,4454510,08109,6580,4431,9,38,80,0,1757,2422,"Saguache County, Colorado",67.34042553191489,0.13677811550151975,0.5775075987841946,1.21580547112462,0.0,26.702127659574472,36.80851063829787
13,235,00347593,0500000US13235,13235,Pulaski,Pulaski County,GA,Georgia,06,645583957,5046606,13235,9939,6116,3067,3,84,0,503,565,"Pulaski County, Georgia",61.535365730958844,30.85823523493309,0.030184123151222455,0.8451554482342287,0.0,5.060871315021632,5.684676526813562
18,117,00451681,0500000US18117,18117,Orange,Orange County,IN,Indiana,06,1031795760,25416478,18117,19767,18493,234,18,89,0,871,360,"Orange County, Indiana",93.5549147569181,1.1837911670966763,0.09106085900743663,0.45024535842565894,0.0,4.406333788637628,1.8212171801487327
19,197,00465287,0500000US19197,19197,Wright,Wright County,IA,Iowa,06,1503260259,4703964,19197,12791,9848,56,70,60,0,1845,2547,"Wright County, Iowa",76.99163474317879,0.4378078336330232,0.5472597920412791,0.4690798217496677,0.0,14.424204518802282,19.912438433273397
20,087,00485008,0500000US20087,20087,Jefferson,Jefferson County,KS,Kansas,06,1379494404,62293259,20087,18349,16980,111,92,45,3,1044,648,"Jefferson County, Kansas",92.53910294838957,0.604937598779225,0.501389721510709,0.2452449724780642,0.016349664831870947,5.689683361491089,3.5315276036841245
21,001,00516847,0500000US21001,21001,Adair,Adair County,KY,Kentucky,06,1049702545,18391917,21001,19089,17337,395,3,45,54,980,671,"Adair County, Kentucky",90.82193933679082,2.069254544502069,0.015715857300015717,0.23573785950023576,0.2828854314002829,5.133846718005134,3.515113416103515
27,149,00659519,0500000US27149,27149,Stevens,Stevens County,MN,Minnesota,06,1459869415,30336104,27149,9739,7936,104,135,175,45,751,1152,"Stevens County, Minnesota",81.48680562686107,1.0678714447068487,1.3861792791867749,1.796899065612486,0.4620597597289249,7.711263990142725,11.828729849060478
28,101,00695773,0500000US28101,28101,Newton,Newton County,MS,Mississippi,06,1496417775,4525334,28101,21093,12661,6664,675,111,0,618,404,"Newton County, Mississippi",60.0246527283933,31.593419617882713,3.2001137818233536,0.5262409330109515,0.0,2.9298819513582703,1.9153273597876073
26,057,01622971,0500000US26057,26057,Gratiot,Gratiot County,MI,Michigan,06,1472098897,8369164,26057,41385,35595,2413,108,169,0,2366,3171,"Gratiot County, Michigan",86.00942370424066,5.830614957110064,0.26096411743385284,0.408360517095566,0.0,5.717047239337925,7.662196447988403
31,101,00835872,0500000US31101,31101,Keith,Keith County,NE,Nebraska,06,2749903240,124629167,31101,8219,7190,91,20,59,0,642,749,"Keith County, Nebraska",87.48022873828933,1.1071906557975422,0.24333860566978952,0.717848886725879,0.0,7.811169242000243,9.113030782333617
21,019,00516856,0500000US21019,21019,Boyd,Boyd County,KY,Kentucky,06,414051810,5571591,21019,47911,44517,1124,47,172,8,1659,873,"Boyd County, Kentucky",92.91603180897916,2.3460165723946482,0.09809855774248084,0.35899897727035546,0.016697626849783972,3.4626703679739514,1.8221285299826762
39,137,01074081,0500000US39137,39137,Putnam,Putnam County,OH,Ohio,06,1249783611,4544874,39137,34314,31599,278,133,64,21,1112,2315,"Putnam County, Ohio",92.08777758349362,0.8101649472518506,0.3875968992248062,0.18651279361193682,0.06119951040391676,3.2406597890074025,6.746517456431778
45,041,01248001,0500000US45041,45041,Florence,Florence County,SC,South Carolina,06,2073299561,9766894,45041,137117,68104,59096,214,2230,33,5088,4591,"Florence County, South Carolina",49.66853125433025,43.098959282948144,0.1560710925705784,1.626348301085934,0.02406703763938826,3.7106996214911354,3.34823544855853
48,407,01383989,0500000US48407,48407,San Jacinto,San Jacinto County,TX,Texas,06,1474332269,151949232,48407,28441,20618,2504,164,98,0,3544,5452,"San Jacinto County, Texas",72.49393481241869,8.804191132519954,0.5766323265707957,0.34457297563376815,0.0,12.460883935164023,19.169508807707185
54,049,01718173,0500000US54049,54049,Marion,Marion County,WV,West Virginia,06,799749352,7079302,54049,55909,51194,1428,12,323,1,2711,919,"Marion County, West Virginia",91.56665295390725,2.5541504945536495,0.02146344953406428,0.5777245166252303,0.001788620794505357,4.848950973904023,1.643742510150423
72,075,01804518,0500000US72075,72075,Juana Díaz,Juana Díaz Municipio,PR,Puerto Rico,13,156119306,121326507,72075,46156,3610,1643,9,2,0,39010,46055,"Juana Díaz Municipio, Puerto Rico",7.821301672588612,3.559667215529942,0.019499090042464685,0.004333131120547708,0.0,84.51772250628305,99.78117687841234
53,051,01529157,0500000US53051,53051,Pend Oreille,Pend Oreille County,WA,Washington,06,3626617236,65406812,53051,14050,12038,25,299,71,12,1371,565,"Pend Oreille County, Washington",85.6797153024911,0.1779359430604982,2.1281138790035588,0.5053380782918149,0.08540925266903915,9.758007117437723,4.0213523131672595
31,133,00835888,0500000US31133,31133,Pawnee,Pawnee County,NE,Nebraska,06,1116478173,4852359,31133,2530,2403,3,0,0,0,112,49,"Pawnee County, Nebraska",94.98023715415019,0.11857707509881424,0.0,0.0,0.0,4.426877470355731,1.9367588932806323
19,163,00465270,0500000US19163,19163,Scott,Scott County,IA,Iowa,06,1186463532,26196368,19163,174608,138119,12617,332,4993,92,14978,12902,"Scott County, Iowa",79.1023320810043,7.225900302391643,0.19014019976175203,2.859548245212132,0.05268945294602767,8.578072024191332,7.389123064235316
21,079,00516886,0500000US21079,21079,Garrard,Garrard County,KY,Kentucky,06,595501703,10415371,21079,17568,16144,415,30,9,0,634,524,"Garrard County, Kentucky",91.89435336976321,2.362249544626594,0.17076502732240437,0.05122950819672131,0.0,3.608834244080146,2.982695810564663
13,265,00347654,0500000US13265,13265,Taliaferro,Taliaferro County,GA,Georgia,06,504029143,1917633,13265,1558,658,715,0,1,5,137,68,"Taliaferro County, Georgia",42.23363286264441,45.892169448010264,0.0,0.06418485237483953,0.3209242618741977,8.793324775353016,4.364569961489089
48,211,01383891,0500000US48211,48211,Hemphill,Hemphill County,TX,Texas,06,2347270019,15205586,48211,3234,2552,115,19,0,0,234,1054,"Hemphill County, Texas",78.91156462585033,3.5559678416821274,0.5875077303648732,0.0,0.0,7.235621521335807,32.59121830550402
27,089,00659489,0500000US27089,27089,Marshall,Marshall County,MN,Minnesota,06,4597384200,98012348,27089,8909,8176,33,22,30,0,528,431,"Marshall County, Minnesota",91.7723650241329,0.37041194297901,0.24694129531934,0.3367381299809182,0.0,5.92659108766416,4.837804467392524
51,121,01674630,0500000US51121,51121,Montgomery,Montgomery County,VA,Virginia,06,1001929081,6282286,51121,99101,81034,3878,189,6434,164,5351,4602,"Montgomery County, Virginia",81.76910424718217,3.913179483557179,0.19071452356686613,6.49236637369956,0.16548773473527006,5.399541881514818,4.643747288120201
16,081,00399297,0500000US16081,16081,Teton,Teton County,ID,Idaho,06,1163139970,2868473,16081,12425,10075,0,97,10,0,967,2146,"Teton County, Idaho",81.08651911468813,0.0,0.7806841046277666,0.08048289738430583,0.0,7.782696177062374,17.271629778672033
17,013,00424208,0500000US17013,17013,Calhoun,Calhoun County,IL,Illinois,06,657415184,77051402,17013,4330,4086,64,3,0,0,170,36,"Calhoun County, Illinois",94.364896073903,1.4780600461893765,0.06928406466512702,0.0,0.0,3.9260969976905313,0.8314087759815243
20,035,00484987,0500000US20035,20035,Cowley,Cowley County,KS,Kansas,06,2915648165,17322935,20035,34411,27599,861,480,532,97,3911,4184,"Cowley County, Kansas",80.20400453343409,2.5021068844264915,1.3949027927116329,1.5460172619220598,0.2818866060271425,11.365551713114993,12.158902676469733
23,023,00581297,0500000US23023,23023,Sagadahoc,Sagadahoc County,ME,Maine,06,657801805,300571247,23023,37285,34730,187,40,249,0,1866,754,"Sagadahoc County, Maine",93.14737830226633,0.5015421751374548,0.1072817486925037,0.6678288856108354,0.0,5.004693576505297,2.0222609628536943
28,047,00695747,0500000US28047,28047,Harrison,Harrison County,MS,Mississippi,06,1485708638,1064623409,28047,210891,131066,49653,687,5276,171,18878,14638,"Harrison County, Mississippi",62.14869292667776,23.54439023002404,0.3257607010256483,2.501766315300321,0.0810845413033273,8.95154368844569,6.941026407006463
28,139,00695790,0500000US28139,28139,Tippah,Tippah County,MS,Mississippi,06,1185754676,5522228,28139,21523,16420,3009,24,36,9,1314,1135,"Tippah County, Mississippi",76.2904799516796,13.980393067880872,0.11150861868698603,0.167262928030479,0.04181573200761975,6.105096873112484,5.27342842540538
51,113,01494590,0500000US51113,51113,Madison,Madison County,VA,Virginia,06,830450499,3206844,51113,14044,11856,1245,2,53,6,804,546,"Madison County, Virginia",84.42039305041298,8.864995727712904,0.014240956992309884,0.37738536029621195,0.04272287097692965,5.724864710908573,3.8877812589005982
51,107,01480141,0500000US51107,51107,Loudoun,Loudoun County,VA,Virginia,06,1335753247,14496364,51107,432998,228302,33411,1253,94508,221,54499,61750,"Loudoun County, Virginia",52.72587864147179,7.716201922410727,0.2893777800359355,21.826428759486188,0.051039496718229646,12.586432269895012,14.261035847740636
56,009,01605070,0500000US56009,56009,Converse,Converse County,WY,Wyoming,06,11020385629,26068678,56009,13762,12631,78,4,28,0,834,1127,"Converse County, Wyoming",91.78171777357942,0.5667780845807295,0.02906554279901177,0.20345879959308238,0.0,6.060165673593954,8.189216683621567
21,017,00516855,0500000US21017,21017,Bourbon,Bourbon County,KY,Kentucky,06,750448654,4820688,21017,20240,17230,1001,39,26,0,1457,1569,"Bourbon County, Kentucky",85.12845849802372,4.945652173913043,0.19268774703557312,0.12845849802371542,0.0,7.198616600790514,7.75197628458498
21,007,00516850,0500000US21007,21007,Ballard,Ballard County,KY,Kentucky,06,639972655,69636340,21007,7654,7023,275,12,22,0,318,119,"Ballard County, Kentucky",91.75594460412856,3.5928926051737657,0.1567807682257643,0.28743140841390125,0.0,4.154690357982754,1.5547426182388293
18,059,00450357,0500000US18059,18059,Hancock,Hancock County,IN,Indiana,06,792425266,2769690,18059,84037,74567,2960,73,945,22,4417,2952,"Hancock County, Indiana",88.73115413448838,3.522258053000464,0.08686649928007902,1.1245046824612968,0.02617894498851696,5.256018182467247,3.512738436641003
13,213,01688005,0500000US13213,13213,Murray,Murray County,GA,Georgia,06,892235593,5719192,13213,40562,33973,308,308,148,124,3187,6523,"Murray County, Georgia",83.75573196587939,0.7593313939154873,0.7593313939154873,0.364873526946403,0.3057048469010404,7.85710763769045,16.08155416399586
39,011,01074019,0500000US39011,39011,Auglaize,Auglaize County,OH,Ohio,06,1039590220,1339586,39011,46125,43647,447,12,152,0,1729,868,"Auglaize County, Ohio",94.62764227642276,0.9691056910569106,0.026016260162601623,0.32953929539295396,0.0,3.748509485094851,1.8818428184281841
28,025,00695737,0500000US28025,28025,Clay,Clay County,MS,Mississippi,06,1062082196,15376919,28025,18383,6782,11058,0,20,0,521,36,"Clay County, Mississippi",36.892781374095634,60.15340260022847,0.0,0.10879617037480281,0.0,2.8341402382636134,0.19583310667464507
18,093,00451703,0500000US18093,18093,Lawrence,Lawrence County,IN,Indiana,06,1163282516,7207557,18093,45102,42296,109,27,250,13,1831,900,"Lawrence County, Indiana",93.77854640592435,0.24167442685468493,0.05986430756950911,0.5542991441621214,0.028823555496430314,4.059686931843378,1.995476918983637
20,057,00484997,0500000US20057,20057,Ford,Ford County,KS,Kansas,06,2844508243,2097356,20057,34074,15956,1184,337,424,168,7854,20130,"Ford County, Kansas",46.82749310324588,3.4747901625873103,0.9890238891823678,1.244350531196807,0.49304455009684806,23.049832717027645,59.07730234196161
21,209,00516951,0500000US21209,21209,Scott,Scott County,KY,Kentucky,06,730870979,8350617,21209,59536,51024,2887,153,568,13,3912,3463,"Scott County, Kentucky",85.70276807309864,4.8491668906208005,0.2569873689868315,0.9540446116635314,0.021835528083848428,6.570814297231927,5.816648750335932
22,059,00558049,0500000US22059,22059,LaSalle,LaSalle Parish,LA,Louisiana,15,1618363237,97655624,22059,14789,11556,2174,2,142,85,686,1350,"LaSalle Parish, Louisiana",78.13915748191224,14.700114950300899,0.01352356481168436,0.9601731016295896,0.5747515044965853,4.638582730407736,9.128406247886943
28,089,00695768,0500000US28089,28089,Madison,Madison County,MS,Mississippi,06,1850178077,71698127,28089,111647,61103,41466,83,3347,46,4151,4320,"Madison County, Mississippi",54.72874327120299,37.14027246589698,0.07434145118095425,2.997841410875348,0.041201286196673445,3.717968239182423,3.8693381819484625
31,077,00835860,0500000US31077,31077,Greeley,Greeley County,NE,Nebraska,06,1475804204,2188872,31077,2202,2037,13,9,0,0,88,68,"Greeley County, Nebraska",92.50681198910081,0.5903723887375113,0.4087193460490463,0.0,0.0,3.9963669391462306,3.088101725703906
36,053,00974125,0500000US36053,36053,Madison,Madison County,NY,New York,06,1696054036,16691322,36053,67328,60830,1305,213,817,0,3427,1776,"Madison County, New York",90.34874049429658,1.938272338403042,0.31636169201520914,1.213462452471483,0.0,5.090007129277566,2.637832699619772
21,139,00516916,0500000US21139,21139,Livingston,Livingston County,KY,Kentucky,06,810561761,75614774,21139,8903,8404,75,5,11,0,330,226,"Livingston County, Kentucky",94.39514770302145,0.842412669886555,0.056160844659103676,0.12355385825002808,0.0,3.7066157475008423,2.538470178591486
40,055,01101815,0500000US40055,40055,Greer,Greer County,OK,Oklahoma,06,1655740225,11148547,40055,5489,4446,328,111,10,0,489,712,"Greer County, Oklahoma",80.99836035707779,5.975587538713791,2.022226270723265,0.18218254691200583,0.0,8.908726543997085,12.971397340134816
46,055,01266988,0500000US46055,46055,Haakon,Haakon County,SD,South Dakota,06,4689279882,42452623,46055,1722,1550,22,108,0,0,18,2,"Haakon County, South Dakota",90.01161440185831,1.2775842044134729,6.2717770034843205,0.0,0.0,1.0452961672473868,0.11614401858304298
48,293,01383932,0500000US48293,48293,Limestone,Limestone County,TX,Texas,06,2345053180,71830221,48293,22283,13176,3811,16,219,0,4583,5243,"Limestone County, Texas",59.130278687788895,17.102724049724007,0.07180361710721178,0.9828120091549613,0.0,20.567248575146973,23.52914778081946
51,775,01789074,0500000US51775,51775,Salem,Salem city,VA,Virginia,25,37593968,275156,51775,25618,21128,2217,67,503,0,1148,1227,"Salem city, Virginia",82.47326098836756,8.654071356077758,0.2615348583027559,1.9634631899445703,0.0,4.481224139277071,4.789601061753455
50,007,01461760,0500000US50007,50007,Chittenden,Chittenden County,VT,Vermont,06,1390433438,217071279,50007,169758,146389,3936,194,7430,30,10462,4852,"Chittenden County, Vermont",86.23393301052086,2.3185947054041636,0.11428032846758325,4.376818765536823,0.01767221574240978,6.162890703236372,2.8581863594057424
55,125,01581122,0500000US55125,55125,Vilas,Vilas County,WI,Wisconsin,06,2221459142,414414741,55125,23647,20150,65,2015,91,0,1174,541,"Vilas County, Wisconsin",85.21165475536009,0.2748763056624519,8.521165475536009,0.38482682792743267,0.0,4.9646889668879775,2.2878166363597923
31,181,00835912,0500000US31181,31181,Webster,Webster County,NE,Nebraska,06,1489017943,337241,31181,3360,3072,6,7,28,20,156,196,"Webster County, Nebraska",91.42857142857143,0.17857142857142858,0.20833333333333334,0.8333333333333334,0.5952380952380952,4.642857142857143,5.833333333333333
31,011,00835828,0500000US31011,31011,Boone,Boone County,NE,Nebraska,06,1778138689,1745891,31011,5356,5039,1,46,10,4,189,229,"Boone County, Nebraska",94.08140403286033,0.018670649738610906,0.8588498879761016,0.18670649738610903,0.07468259895444362,3.5287528005974607,4.275578790141897
32,009,00858641,0500000US32009,32009,Esmeralda,Esmeralda County,NV,Nevada,06,9277050177,18552010,32009,1028,730,3,14,12,0,77,324,"Esmeralda County, Nevada",71.01167315175097,0.2918287937743191,1.3618677042801557,1.1673151750972763,0.0,7.490272373540856,31.517509727626457
09,190,02830254,0500000US09190,09190,Western Connecticut,Western Connecticut Planning Region,CT,Connecticut,PL,1378176376,300211454,09190,627071,383219,61269,2169,34370,288,87493,128783,"Western Connecticut Planning Region, Connecticut",61.11253749575407,9.770663928008153,0.34589384615139274,5.48103803237592,0.04592781359686543,13.952646510522731,20.537227841823334
20,161,00485044,0500000US20161,20161,Riley,Riley County,KS,Kansas,06,1579010807,32092080,20161,71946,55289,4714,760,2995,91,6170,7205,"Riley County, Kansas",76.84791371306258,6.552136324465571,1.056347816417869,4.162844355488839,0.1264837517026659,8.575876351708226,10.014455285908875
13,271,00356958,0500000US13271,13271,Telfair,Telfair County,GA,Georgia,06,1132621093,17356399,13271,11831,6075,4381,4,17,0,510,1776,"Telfair County, Georgia",51.34815315696053,37.02983686924182,0.03380948356013862,0.14369030513058914,0.0,4.310709153917673,15.011410700701546
48,331,01383951,0500000US48331,48331,Milam,Milam County,TX,Texas,06,2632349434,11831398,48331,25567,17667,2129,40,129,52,3650,6638,"Milam County, Texas",69.10079399225563,8.327140454492119,0.15645167598857904,0.5045566550631674,0.20338717878515275,14.276215433957837,25.96315563030469
51,155,01501465,0500000US51155,51155,Pulaski,Pulaski County,VA,Virginia,06,828378951,24875979,51155,33687,30325,1576,17,148,9,1400,749,"Pulaski County, Virginia",90.01988897794402,4.678362573099415,0.05046457090272212,0.4393386172707573,0.02671653753673524,4.155905839047704,2.2234096238905217
16,031,00395698,0500000US16031,16031,Cassia,Cassia County,ID,Idaho,06,6644897880,39158534,16031,25483,17679,118,456,67,4,3397,7664,"Cassia County, Idaho",69.37566220617667,0.46305380057293094,1.789428246281835,0.26292037829140996,0.015696739002472235,13.330455597849546,30.074951928736805
17,033,00424218,0500000US17033,17033,Crawford,Crawford County,IL,Illinois,06,1149031260,5744821,17033,18511,16763,636,237,45,0,802,491,"Crawford County, Illinois",90.55696612824808,3.4357949327426938,1.2803198098427961,0.243098698071417,0.0,4.332559018961699,2.652476905623683
49,007,01448018,0500000US49007,49007,Carbon,Carbon County,UT,Utah,06,3831481453,15484604,49007,20517,17971,167,115,51,73,1698,2728,"Carbon County, Utah",87.5907783789053,0.8139591558220014,0.5605107959253303,0.24857435297558125,0.3558025052395574,8.276063752010527,13.29629088073305
08,113,00198172,0500000US08113,08113,San Miguel,San Miguel County,CO,Colorado,06,3332602596,5207582,08113,7968,6767,83,10,51,0,898,931,"San Miguel County, Colorado",84.92720883534136,1.0416666666666665,0.12550200803212852,0.6400602409638554,0.0,11.27008032128514,11.684236947791165
13,149,00347067,0500000US13149,13149,Heard,Heard County,GA,Georgia,06,766567357,13263789,13149,11773,10031,913,4,53,2,740,328,"Heard County, Georgia",85.20343158073558,7.755032701945129,0.03397604688694471,0.4501826212520173,0.016988023443472354,6.28556867408477,2.786035844729466
18,077,00450363,0500000US18077,18077,Jefferson,Jefferson County,IN,Indiana,06,934204259,5992630,18077,32998,30457,343,60,270,11,1356,1148,"Jefferson County, Indiana",92.29953330504878,1.0394569367840474,0.18182920176980422,0.8182314079641191,0.03333535365779744,4.109339959997576,3.4789987271955876
20,199,00485060,0500000US20199,20199,Wallace,Wallace County,KS,Kansas,06,2366348285,140936,20199,1417,1268,12,10,8,0,74,105,"Wallace County, Kansas",89.484827099506,0.8468595624558928,0.7057163020465773,0.5645730416372619,0.0,5.222300635144672,7.410021171489062
26,031,01622958,0500000US26031,26031,Cheboygan,Cheboygan County,MI,Michigan,06,1852564001,440607444,26031,25865,23120,238,580,141,3,1577,440,"Cheboygan County, Michigan",89.38720278368451,0.9201623815967523,2.242412526580321,0.5451382176686642,0.011598685482312004,6.09704233520201,1.7011405374057609
28,141,00695791,0500000US28141,28141,Tishomingo,Tishomingo County,MS,Mississippi,06,1098925142,52373918,28141,18660,16988,222,100,107,0,952,605,"Tishomingo County, Mississippi",91.03965702036442,1.1897106109324758,0.5359056806002144,0.5734190782422294,0.0,5.101822079314041,3.242229367631297
29,031,00758470,0500000US29031,29031,Cape Girardeau,Cape Girardeau County,MO,Missouri,06,1498351220,20284964,29031,82735,69959,6109,255,1361,88,4342,2439,"Cape Girardeau County, Missouri",84.55792590801958,7.383815797425515,0.3082129691182692,1.64501118027437,0.10636369130355956,5.24808122318245,2.9479663987429747
36,117,00974156,0500000US36117,36117,Wayne,Wayne County,NY,New York,06,1563913376,2018184723,36117,90929,79642,2100,233,692,44,6195,4794,"Wayne County, New York",87.587018442961,2.3094942207656524,0.25624388258971287,0.7610333336999198,0.048389402720804144,6.813007951258674,5.272245378262161
40,071,01101823,0500000US40071,40071,Kay,Kay County,OK,Oklahoma,06,2381778879,65545215,40071,43625,32338,864,3240,231,254,5368,3932,"Kay County, Oklahoma",74.12722063037249,1.980515759312321,7.426934097421204,0.5295128939828081,0.5822349570200573,12.30487106017192,9.013180515759313
39,015,01074020,0500000US39015,39015,Brown,Brown County,OH,Ohio,06,1267911780,8879057,39015,43845,41754,298,13,131,0,1570,572,"Brown County, Ohio",95.2309271296613,0.6796670087809329,0.029649903067624588,0.29877979245067854,0.0,3.5807959858592766,1.3045957349754818
54,095,01678706,0500000US54095,54095,Tyler,Tyler County,WV,West Virginia,06,663818560,11382160,54095,8064,7579,71,6,0,0,407,88,"Tyler County, West Virginia",93.98561507936508,0.8804563492063492,0.0744047619047619,0.0,0.0,5.047123015873016,1.0912698412698412
01,109,00161581,0500000US01109,01109,Pike,Pike County,AL,Alabama,06,1740645369,2339145,01109,32987,18356,12275,104,622,34,1348,902,"Pike County, Alabama",55.6461636402219,37.21162882347592,0.3152757146754782,1.8855912935398793,0.10307090672082941,4.086458301755237,2.7344105253584745
05,001,00063755,0500000US05001,05001,Arkansas,Arkansas County,AR,Arkansas,06,2569631425,120698185,05001,16515,11454,4317,82,10,7,415,682,"Arkansas County, Arkansas",69.35513169845595,26.139872842870115,0.49651831668180446,0.060551014229488345,0.042385709960641844,2.5128670905237662,4.129579170451105
08,015,00198123,0500000US08015,08015,Chaffee,Chaffee County,CO,Colorado,06,2624715692,3999975,08015,20178,17618,262,59,108,37,1663,1983,"Chaffee County, Colorado",87.31291505600159,1.2984438497373378,0.29239766081871343,0.535236396074933,0.18336802458122708,8.24164932104272,9.827534939042522
37,051,01026124,0500000US37051,37051,Cumberland,Cumberland County,NC,North Carolina,06,1690118408,15331092,37051,338545,143594,127504,4103,9026,1163,38188,42995,"Cumberland County, North Carolina",42.415040836520994,37.662349170715856,1.2119511438656603,2.6661152874802463,0.343528925253659,11.280036627331668,12.699936492932991
34,031,00882232,0500000US34031,34031,Passaic,Passaic County,NJ,New Jersey,06,482081967,31997851,34031,521012,215130,53332,2084,28629,196,124121,231009,"Passaic County, New Jersey",41.2907956054755,10.236232562781664,0.39999078716037256,5.4948830353235625,0.03761909514560125,23.823059737587617,44.338518114745916
17,189,01785150,0500000US17189,17189,Washington,Washington County,IL,Illinois,06,1457120178,3386079,17189,13627,12968,202,20,32,0,354,217,"Washington County, Illinois",95.16401262200044,1.482351214500624,0.14676744698025979,0.23482791516841567,0.0,2.597783811550598,1.5924267997358184
18,069,00450361,0500000US18069,18069,Huntington,Huntington County,IN,Indiana,06,991062907,13127494,18069,36798,34724,257,64,232,22,1173,1164,"Huntington County, Indiana",94.36382412087613,0.6984075221479428,0.17392249578781455,0.6304690472308278,0.05978585792706125,3.187673243111039,3.163215392140877
26,039,01622962,0500000US26039,26039,Crawford,Crawford County,MI,Michigan,06,1441108421,17887265,26039,13369,12326,53,32,111,0,661,326,"Crawford County, Michigan",92.19836936195676,0.39643952427257084,0.23935971276834467,0.8302790036651957,0.0,4.944274066871119,2.4384770738275114
27,001,00663198,0500000US27001,27001,Aitkin,Aitkin County,MN,Minnesota,06,4717323600,449370012,27001,16056,14989,103,236,38,8,559,244,"Aitkin County, Minnesota",93.35450921773791,0.6415047334329845,1.4698555057299452,0.23667164922770303,0.04982561036372695,3.481564524165421,1.519681116093672
31,151,00835897,0500000US31151,31151,Saline,Saline County,NE,Nebraska,06,1486812316,5821039,31151,14650,10335,61,22,346,4,1484,4321,"Saline County, Nebraska",70.54607508532423,0.416382252559727,0.15017064846416384,2.361774744027304,0.027303754266211604,10.129692832764505,29.494880546075088
20,101,00485015,0500000US20101,20101,Lane,Lane County,KS,Kansas,06,1858080220,551220,20101,1461,1337,17,4,0,0,33,235,"Lane County, Kansas",91.51266255989049,1.163586584531143,0.2737850787132101,0.0,0.0,2.2587268993839835,16.084873374401095
46,095,01267177,0500000US46095,46095,Mellette,Mellette County,SD,South Dakota,06,3385920519,9210222,46095,1943,674,0,1096,0,7,156,17,"Mellette County, South Dakota",34.68862583633556,0.0,56.4076170869789,0.0,0.3602676273803397,8.028821410190428,0.8749356664951106
47,187,01639801,0500000US47187,47187,Williamson,Williamson County,TN,Tennessee,06,1509613353,3011572,47187,260351,213322,10189,595,13977,75,18028,15611,"Williamson County, Tennessee",81.93630905969249,3.9135628440067447,0.22853762804828864,5.368521726438539,0.028807264039700253,6.924498081436214,5.996135985650142
51,143,01480157,0500000US51143,51143,Pittsylvania,Pittsylvania County,VA,Virginia,06,2509705676,23903849,51143,59856,44353,12175,33,185,0,2306,1857,"Pittsylvania County, Virginia",74.09950547981823,20.340483827853514,0.05513231756214916,0.3090751136059877,0.0,3.852579524191393,3.1024458700882116
51,187,01674058,0500000US51187,51187,Warren,Warren County,VA,Virginia,06,555738444,8583334,51187,41531,34270,2160,46,561,0,2661,3064,"Warren County, Virginia",82.5166742914931,5.200934241891599,0.11076063663287665,1.3507981989357347,0.0,6.407262045219234,7.377621535720305
13,009,00345255,0500000US13009,13009,Baldwin,Baldwin County,GA,Georgia,06,670028056,24803189,13009,43642,22800,18040,31,759,153,1263,1255,"Baldwin County, Georgia",52.24325191329453,41.33632739104532,0.07103249163649696,1.7391503597451996,0.35057971678658173,2.894001191512763,2.875670225929151
29,163,00758536,0500000US29163,29163,Pike,Pike County,MO,Missouri,06,1736428525,36976721,29163,17711,15843,878,84,60,30,801,439,"Pike County, Missouri",89.45288238947546,4.957371125289368,0.4742815199593473,0.33877251425667665,0.16938625712833832,4.522613065326634,2.478685562644684
36,057,00974127,0500000US36057,36057,Montgomery,Montgomery County,NY,New York,06,1044052635,18613523,36057,49528,39937,1546,112,424,8,3967,7632,"Montgomery County, New York",80.63519625262478,3.1214666451300275,0.22613471167824262,0.8560814084962043,0.016152479405588758,8.009610725246326,15.409465352931676
37,101,01026327,0500000US37101,37101,Johnston,Johnston County,NC,North Carolina,06,2051314630,9394346,37101,234263,150425,39604,2293,1948,162,19713,39336,"Johnston County, North Carolina",64.21201811639055,16.90578537797262,0.9788144094457938,0.8315440338423054,0.06915304593555106,8.414901200787149,16.791384042721216
20,069,00485001,0500000US20069,20069,Gray,Gray County,KS,Kansas,06,2250356173,1113338,20069,5701,5108,0,10,36,0,407,949,"Gray County, Kansas",89.59831608489739,0.0,0.17540782318891424,0.6314681634800913,0.0,7.139098403788808,16.646202420627958
39,091,01074058,0500000US39091,39091,Logan,Logan County,OH,Ohio,06,1187522538,21594566,39091,46089,42343,789,42,267,0,2230,1084,"Logan County, Ohio",91.87224717394606,1.7119052268437154,0.09112803488901908,0.5793139360801927,0.0,4.838464709583631,2.351971186183254
56,021,01605075,0500000US56021,56021,Laramie,Laramie County,WY,Wyoming,06,6956355037,4348083,56021,101060,81104,2277,1027,1148,130,10387,16004,"Laramie County, Wyoming",80.25331486245794,2.2531169602216505,1.0162279833762122,1.1359588363348505,0.1286364535919256,10.278052641994854,15.836136948347516
21,091,00516892,0500000US21091,21091,Hancock,Hancock County,KY,Kentucky,06,486076270,29131626,21091,9034,8513,114,6,7,0,289,74,"Hancock County, Kentucky",94.23289794111136,1.261899490812486,0.06641576267434138,0.07748505645339827,0.0,3.199025902147443,0.8191277396502104
27,157,00659523,0500000US27157,27157,Wabasha,Wabasha County,MN,Minnesota,06,1354362716,68875490,27157,21565,20437,90,59,154,42,645,742,"Wabasha County, Minnesota",94.7693021099003,0.41734291676327384,0.27359146765592396,0.7141201020171575,0.19476002782286111,2.990957570136796,3.440760491537213
27,163,00659526,0500000US27163,27163,Washington,Washington County,MN,Minnesota,06,996415260,99954117,27163,276238,215812,15355,689,21295,107,16945,14552,"Washington County, Minnesota",78.12538463209262,5.558612500814515,0.2494225993527321,7.708932152708896,0.038734714268131104,6.134203114705436,5.26792114046583
30,011,01688746,0500000US30011,30011,Carter,Carter County,MT,Montana,06,8651796246,19503322,30011,1308,1167,2,2,0,0,126,32,"Carter County, Montana",89.22018348623854,0.1529051987767584,0.1529051987767584,0.0,0.0,9.63302752293578,2.4464831804281344
36,011,00974104,0500000US36011,36011,Cayuga,Cayuga County,NY,New York,06,1791201989,445696708,36011,75102,65756,2551,132,493,0,4972,2731,"Cayuga County, New York",87.55559106282122,3.3967138025618495,0.175760965087481,0.6564405741524859,0.0,6.620329684961786,3.6363878458629593
45,083,01248592,0500000US45083,45083,Spartanburg,Spartanburg County,SC,South Carolina,06,2093691101,29512814,45083,347852,231820,67447,660,8385,159,29174,32322,"Spartanburg County, South Carolina",66.6432850752619,19.389567977185703,0.18973586467808148,2.4105079171601718,0.0457090946724469,8.386900175936892,9.291882754734772
39,087,01074056,0500000US39087,39087,Lawrence,Lawrence County,OH,Ohio,06,1174282178,10029914,39087,56819,53405,960,25,321,13,1812,630,"Lawrence County, Ohio",93.99144652317007,1.6895756701103504,0.04399936640912371,0.5649518646931484,0.02287967053274433,3.189074077333286,1.1087840335099175
55,037,01581078,0500000US55037,55037,Florence,Florence County,WI,Wisconsin,06,1263976516,24111637,55037,4646,4411,12,74,0,0,143,21,"Florence County, Wisconsin",94.94188549289711,0.2582866982350409,1.5927679724494186,0.0,0.0,3.077916487300904,0.4520017219113216
02,150,01419974,0500000US02150,02150,Kodiak Island,Kodiak Island Borough,AK,Alaska,04,17325674226,14147257374,02150,12771,6268,87,1336,2835,18,1984,1064,"Kodiak Island Borough, Alaska",49.07994675436536,0.6812309137890533,10.461201158875577,22.198731501057082,0.14094432699083861,15.535196930545766,8.331375773236239
13,091,00348116,0500000US13091,13091,Dodge,Dodge County,GA,Georgia,06,1284538002,18529136,13091,19805,12758,6133,72,9,0,586,716,"Dodge County, Georgia",64.4180762433729,30.96692754354961,0.36354455945468317,0.045443069931835396,0.0,2.9588487755617265,3.615248674577127
17,167,01785010,0500000US17167,17167,Sangamon,Sangamon County,IL,Illinois,06,2248720954,22731649,17167,194947,152344,24767,135,4464,44,11104,5721,"Sangamon County, Illinois",78.14636798719651,12.704478653172401,0.06924959091445367,2.2898531395712682,0.022570237038784902,5.69590709269699,2.9346437749747367
19,077,00465227,0500000US19077,19077,Guthrie,Guthrie County,IA,Iowa,06,1529656705,6355531,19077,10688,9931,60,15,50,27,437,331,"Guthrie County, Iowa",92.91729041916167,0.561377245508982,0.1403443113772455,0.467814371257485,0.2526197604790419,4.088697604790419,3.096931137724551
21,217,00516955,0500000US21217,21217,Taylor,Taylor County,KY,Kentucky,06,690009231,26953785,21217,26397,23332,1226,43,258,0,1456,810,"Taylor County, Kentucky",88.38883206424973,4.64446717430011,0.1628972989354851,0.9773837936129105,0.0,5.515778308141077,3.068530514831231
22,039,00558551,0500000US22039,22039,Evangeline,Evangeline Parish,LA,Louisiana,15,1715687375,44662183,22039,32060,20895,8168,43,125,0,2090,1586,"Evangeline Parish, Louisiana",65.17467248908298,25.477230193387403,0.13412351840299438,0.38989394884591394,0.0,6.519026824703681,4.946974422956956
31,035,00835839,0500000US31035,31035,Clay,Clay County,NE,Nebraska,06,1482222888,3234876,31035,6095,5383,44,55,2,0,313,594,"Clay County, Nebraska",88.31829368334701,0.7219031993437244,0.9023789991796556,0.03281378178835111,0.0,5.135356849876949,9.745693191140278
35,019,00929111,0500000US35019,35019,Guadalupe,Guadalupe County,NM,New Mexico,06,7847072132,2887948,35019,4381,1769,83,166,72,0,1252,3355,"Guadalupe County, New Mexico",40.37890892490299,1.8945446245149509,3.7890892490299017,1.6434603971695958,0.0,28.577950239671306,76.58068934033325
51,710,01498557,0500000US51710,51710,Norfolk,Norfolk city,VA,Virginia,25,137981431,111701531,51710,233596,100966,92432,1544,8544,225,20946,23691,"Norfolk city, Virginia",43.22248668641586,39.56917070497782,0.6609702220928441,3.6575968766588467,0.09632014246819295,8.966763129505642,10.141868867617596
48,459,01384015,0500000US48459,48459,Upshur,Upshur County,TX,Texas,06,1509910834,24878112,48459,42567,33744,3052,87,251,15,4074,4434,"Upshur County, Texas",79.2726760166326,7.169873376089458,0.20438367749665234,0.5896586557662039,0.03523856508562971,9.570794277257031,10.416519839312144
48,441,01384006,0500000US48441,48441,Taylor,Taylor County,TX,Texas,06,2371228265,9760311,48441,145863,98072,11843,534,3304,116,24187,36641,"Taylor County, Texas",67.23569376743932,8.119262595723384,0.36609695399107384,2.2651392059672433,0.07952667914412839,16.58199817637098,25.120146987241455
53,001,01531601,0500000US53001,53001,Adams,Adams County,WA,Washington,06,4985698852,12464425,53001,20800,8932,40,483,119,29,4810,13423,"Adams County, Washington",42.94230769230769,0.19230769230769232,2.3221153846153846,0.5721153846153846,0.13942307692307693,23.125,64.53365384615385
53,043,01514052,0500000US53043,53043,Lincoln,Lincoln County,WA,Washington,06,5984424965,75262191,53043,11489,10353,68,218,54,32,617,477,"Lincoln County, Washington",90.11228131255984,0.5918704848115588,1.8974671424841154,0.47001479676212027,0.2785272869701454,5.370354251893115,4.151797371398729
55,013,01581066,0500000US55013,55013,Burnett,Burnett County,WI,Wisconsin,06,2127924576,151846353,55013,16916,15226,148,518,92,8,797,333,"Burnett County, Wisconsin",90.00945850082762,0.8749113265547411,3.062189642941594,0.5438637975880822,0.04729250413809411,4.711515724757626,1.9685504847481674
56,015,01605073,0500000US56015,56015,Goshen,Goshen County,WY,Wyoming,06,5764310957,16969725,56015,12605,10975,33,92,119,21,944,1288,"Goshen County, Wyoming",87.06862356207854,0.2618008726695755,0.7298690995636652,0.9440698135660452,0.16660055533518445,7.489091630305435,10.218167393891314
53,015,01529156,0500000US53015,53015,Cowlitz,Cowlitz County,WA,Washington,06,2955587568,65453462,53015,112360,93447,759,1452,1351,461,11560,11775,"Cowlitz County, Washington",83.16749733001068,0.6755072979708081,1.2922748309006764,1.2023851904592382,0.41028835884656456,10.288358846564613,10.479708081167676
17,139,01784885,0500000US17139,17139,Moultrie,Moultrie County,IL,Illinois,06,870127369,22111272,17139,14424,13753,150,0,8,0,389,241,"Moultrie County, Illinois",95.34803105934554,1.0399334442595674,0.0,0.055463117027176934,0.0,2.696894065446478,1.6708264004437048
35,059,00929115,0500000US35059,35059,Union,Union County,NM,New Mexico,06,9906834380,15498790,35059,4013,2559,43,145,0,0,1061,1609,"Union County, New Mexico",63.76775479691005,1.071517567904311,3.613256915026165,0.0,0.0,26.439073012708697,40.094692250186895
37,129,01026329,0500000US37129,37129,New Hanover,New Hanover County,NC,North Carolina,06,497937488,353803887,37129,235229,180170,25672,405,3250,42,16326,18547,"New Hanover County, North Carolina",76.5934472365227,10.91362034443032,0.17217264878055002,1.3816323667575001,0.017854941355020002,6.940470775287061,7.884657078846572
13,011,00349230,0500000US13011,13011,Banks,Banks County,GA,Georgia,06,602473937,4635947,13011,19264,16527,524,27,367,0,1259,1409,"Banks County, Georgia",85.7921511627907,2.7200996677740865,0.1401578073089701,1.9051079734219272,0.0,6.535506644518272,7.314161129568106
54,059,01550036,0500000US54059,54059,Mingo,Mingo County,WV,West Virginia,06,1095926645,2177833,54059,22542,21483,447,3,1,0,495,178,"Mingo County, West Virginia",95.3021027415491,1.982965131754059,0.013308490817141336,0.0044361636057137785,0.0,2.1959009848283206,0.7896371218170526
72,045,01804502,0500000US72045,72045,Comerío,Comerío Municipio,PR,Puerto Rico,13,73558549,318383,72045,18711,2823,1991,66,0,0,10442,18711,"Comerío Municipio, Puerto Rico",15.08738175404842,10.640799529688419,0.3527336860670194,0.0,0.0,55.80674469563358,100.0
48,355,01383963,0500000US48355,48355,Nueces,Nueces County,TX,Texas,06,2173636003,845192062,48355,352955,161750,13625,1665,8171,277,145454,220501,"Nueces County, Texas",45.82737176127269,3.8602654729356436,0.47173152384864925,2.315025994815203,0.07848025952316867,41.21035259452338,62.47283648057118
05,081,00066874,0500000US05081,05081,Little River,Little River County,AR,Arkansas,06,1375943077,83115227,05081,11821,8551,2249,75,46,0,796,474,"Little River County, Arkansas",72.33736570510109,19.025463158785215,0.6344640893325437,0.38913797479062684,0.0,6.733778868116065,4.009813044581676
19,173,00465275,0500000US19173,19173,Taylor,Taylor County,IA,Iowa,06,1377618878,7133363,19173,5868,5293,10,18,9,0,219,476,"Taylor County, Iowa",90.20109066121336,0.17041581458759372,0.3067484662576687,0.15337423312883436,0.0,3.7321063394683023,8.11179277436946
20,187,00485055,0500000US20187,20187,Stanton,Stanton County,KS,Kansas,06,1762103387,178555,20187,2038,1032,2,130,8,0,708,929,"Stanton County, Kansas",50.63788027477919,0.09813542688910697,6.378802747791953,0.39254170755642787,0.0,34.739941118743864,45.58390578999018
24,013,01696228,0500000US24013,24013,Carroll,Carroll County,MD,Maryland,06,1159355858,13112464,24013,175321,150514,7135,382,4207,36,9161,8923,"Carroll County, Maryland",85.85052560731458,4.069677905099788,0.2178860490186572,2.3995984508415993,0.02053376378186298,5.225272500156855,5.08952150626565
28,109,00695777,0500000US28109,28109,Pearl River,Pearl River County,MS,Mississippi,06,2101307249,20783013,28109,57458,45935,6888,103,199,5,3227,2493,"Pearl River County, Mississippi",79.94535138710013,11.987886804274426,0.1792613735250096,0.3463399352570573,0.008702008423544154,5.616276236555397,4.338821399979116
29,197,00758551,0500000US29197,29197,Schuyler,Schuyler County,MO,Missouri,06,795916404,2216011,29197,4038,3833,8,10,22,0,165,29,"Schuyler County, Missouri",94.92322932144626,0.1981178801386825,0.24764735017335313,0.5448241703813769,0.0,4.086181277860327,0.7181773155027241
30,041,01720048,0500000US30041,30041,Hill,Hill County,MT,Montana,06,7509415035,44186124,30041,16155,10970,41,3675,27,7,1238,566,"Hill County, Montana",67.90467347570412,0.2537913958526772,22.748375116063137,0.1671309192200557,0.04333023831631074,7.663262147941814,3.503559269575983
12,123,00295728,0500000US12123,12123,Taylor,Taylor County,FL,Florida,06,2702230203,1213570848,12123,21503,15591,4142,105,132,108,1133,919,"Taylor County, Florida",72.50616193089337,19.262428498349067,0.48830395758731343,0.6138678323954797,0.5022554992326652,5.269032228061201,4.273822257359438
37,095,01008564,0500000US37095,37095,Hyde,Hyde County,NC,North Carolina,06,1585958032,2192938302,37095,4592,2649,1128,67,0,0,702,464,"Hyde County, North Carolina",57.687282229965156,24.56445993031359,1.4590592334494774,0.0,0.0,15.28745644599303,10.104529616724738
01,055,00161553,0500000US01055,01055,Etowah,Etowah County,AL,Alabama,06,1385916764,35022972,01055,103105,79440,15231,526,680,43,4405,5393,"Etowah County, Alabama",77.04766985112265,14.772319480141602,0.5101595460937879,0.6595218466611706,0.04170505795063285,4.272343727268319,5.230590175064255
05,141,00069904,0500000US05141,05141,Van Buren,Van Buren County,AR,Arkansas,06,1837778044,37208242,05141,15998,14811,68,105,63,0,777,551,"Van Buren County, Arkansas",92.58032254031754,0.4250531316414552,0.6563320415051882,0.39379922490311287,0.0,4.856857107138392,3.44418052256532
08,101,00198166,0500000US08101,08101,Pueblo,Pueblo County,CO,Colorado,06,6181242833,28941249,08101,169356,121602,3522,2968,1522,114,26523,71367,"Pueblo County, Colorado",71.80259335364558,2.079642882448806,1.7525213160443092,0.8986985994000803,0.06731382413377736,15.661092609650677,42.14022532416921
18,065,00450359,0500000US18065,18065,Henry,Henry County,IN,Indiana,06,1014957928,7652084,18065,48970,45439,1101,43,245,0,1657,1113,"Henry County, Indiana",92.78946293649173,2.2483152950786196,0.08780886256891975,0.5003063099857055,0.0,3.383704308760466,2.2728200939350622
21,169,00516931,0500000US21169,21169,Metcalfe,Metcalfe County,KY,Kentucky,06,750193212,3985177,21169,10425,9796,261,10,0,0,219,288,"Metcalfe County, Kentucky",93.96642685851319,2.5035971223021583,0.09592326139088729,0.0,0.0,2.1007194244604315,2.762589928057554
24,510,01702381,0500000US24510,24510,Baltimore,Baltimore city,MD,Maryland,25,209649330,28758743,24510,573243,154160,339623,2411,14895,228,34767,47018,"Baltimore city, Maryland",26.89260924250274,59.24590444192079,0.4205895231167236,2.59837451133289,0.039773708531983816,6.064967212857375,8.202106262091295
23,019,00581295,0500000US23019,23019,Penobscot,Penobscot County,ME,Maine,06,8798661092,414021728,23019,154710,141988,1803,1330,1696,82,6483,3223,"Penobscot County, Maine",91.77687285889729,1.1654062439402753,0.8596729364617672,1.096244586645983,0.053002391571326996,4.190420787279426,2.0832525370047184
28,043,00695746,0500000US28043,28043,Grenada,Grenada County,MS,Mississippi,06,1093291104,70659566,28043,21217,10678,9489,8,0,19,854,102,"Grenada County, Mississippi",50.32756751661404,44.72357072159118,0.03770561342319838,0.0,0.08955083188009615,4.025074232926427,0.48074657114577934
28,107,00695776,0500000US28107,28107,Panola,Panola County,MS,Mississippi,06,1774595233,51686997,28107,32808,15293,15844,11,164,104,1332,686,"Panola County, Mississippi",46.61363082175079,48.293099244086804,0.0335284077054377,0.49987807851743477,0.3169958546695928,4.059985369422092,2.09095342599366
37,027,01008541,0500000US37027,37027,Caldwell,Caldwell County,NC,North Carolina,06,1222184253,7052759,37027,80536,69339,3274,115,426,70,4284,5381,"Caldwell County, North Carolina",86.09690076487534,4.065262739644383,0.14279328499056324,0.5289559948346081,0.08691765173338631,5.319360286083243,6.68148405681931
47,023,01639732,0500000US47023,47023,Chester,Chester County,TN,Tennessee,06,740053474,575590,47023,17611,14928,1667,29,29,0,662,593,"Chester County, Tennessee",84.7652035659531,9.46567486230197,0.1646698086423258,0.1646698086423258,0.0,3.7590142524558514,3.3672136732723867
48,091,01383831,0500000US48091,48091,Comal,Comal County,TX,Texas,06,1449171061,39766953,48091,183826,130763,4872,825,2947,15,34703,52232,"Comal County, Texas",71.13411595748154,2.650332379532819,0.4487939682090673,1.603146453711662,0.00815989033107395,18.87817827728395,28.41382611817697
51,145,01674225,0500000US51145,51145,Powhatan,Powhatan County,VA,Virginia,06,673921282,5444168,51145,31555,26832,2306,165,90,0,1777,919,"Powhatan County, Virginia",85.0324829662494,7.307875138646808,0.5228965298684836,0.28521628901917284,0.0,5.631437173189669,2.912375217873554
40,057,01101816,0500000US40057,40057,Harmon,Harmon County,OK,Oklahoma,06,1391491971,3800411,40057,2406,1615,217,45,25,0,289,773,"Harmon County, Oklahoma",67.1238570241064,9.019118869492933,1.8703241895261846,1.0390689941812137,0.0,12.011637572734829,32.128013300083126
42,105,01213684,0500000US42105,42105,Potter,Potter County,PA,Pennsylvania,06,2800422768,558970,42105,16188,15410,72,12,63,12,517,279,"Potter County, Pennsylvania",95.19397084259946,0.4447739065974796,0.07412898443291327,0.3891771682727947,0.07412898443291327,3.19372374598468,1.7234988880652335
05,149,00069908,0500000US05149,05149,Yell,Yell County,AR,Arkansas,06,2409688595,46994485,05149,20134,15775,308,124,281,20,1260,4277,"Yell County, Arkansas",78.35005463395251,1.5297506705075992,0.6158736465679944,1.3956491506903745,0.09933445912387008,6.258070924803814,21.242674083639614
05,137,00069902,0500000US05137,05137,Stone,Stone County,AR,Arkansas,06,1570673294,8145444,05137,12568,11302,11,107,8,0,1003,281,"Stone County, Arkansas",89.92679821769573,0.08752387014640357,0.8513685550604712,0.06365372374283895,0.0,7.980585614258434,2.235837046467218
34,013,00882276,0500000US34013,34013,Essex,Essex County,NJ,New Jersey,06,326552231,8653266,34013,863002,259184,312703,4603,52093,319,114937,217167,"Essex County, New Jersey",30.032838857847377,36.23433085902466,0.5333707221999485,6.036254840660856,0.036963993130954505,13.31827736204551,25.16413635194357
18,031,00450345,0500000US18031,18031,Decatur,Decatur County,IN,Indiana,06,964946130,1955432,18031,26422,24649,178,77,22,0,1217,667,"Decatur County, Indiana",93.28968284005754,0.6736810233895996,0.29142381348875934,0.08326394671107411,0.0,4.6060101430625995,2.524411475285747
20,047,00484993,0500000US20047,20047,Edwards,Edwards County,KS,Kansas,06,1610699245,206413,20047,2779,2152,4,19,2,0,383,633,"Edwards County, Kansas",77.43792731198272,0.1439366678661389,0.6836991723641598,0.07196833393306945,0.0,13.781935948182799,22.77797768981648
27,005,00659448,0500000US27005,27005,Becker,Becker County,MN,Minnesota,06,3405929360,336990104,27005,35343,30134,345,1684,179,17,2702,702,"Becker County, Minnesota",85.26157937922643,0.9761480349715643,4.764734176498883,0.5064652123475653,0.0481000481000481,7.645078233313527,1.9862490450725745
29,219,00758562,0500000US29219,29219,Warren,Warren County,MO,Missouri,06,1110043144,23775471,29219,37177,33419,407,168,159,2,2629,1530,"Warren County, Missouri",89.89159964494176,1.0947628910347795,0.4518922990020712,0.42768378298410303,0.005379670226215133,7.071576512359792,4.115447723054577
29,223,00758564,0500000US29223,29223,Wayne,Wayne County,MO,Missouri,06,1966281378,38535344,29223,10862,10151,46,0,30,0,519,159,"Wayne County, Missouri",93.45424415393113,0.42349475234763395,0.0,0.2761922297919352,0.0,4.7781255754004786,1.4638188178972564
18,129,00450383,0500000US18129,18129,Posey,Posey County,IN,Indiana,06,1060302169,26505383,18129,25116,23472,165,20,85,0,978,386,"Posey County, Indiana",93.45437171524128,0.6569517439082656,0.07963051441312312,0.3384296862557732,0.0,3.89393215480172,1.536868928173276
19,185,00465281,0500000US19185,19185,Wayne,Wayne County,IA,Iowa,06,1360957549,4272458,19185,6532,6145,12,8,6,0,348,77,"Wayne County, Iowa",94.07532149418249,0.1837109614206981,0.1224739742804654,0.09185548071034905,0.0,5.327617881200245,1.1788120024494795
24,005,01695314,0500000US24005,24005,Baltimore,Baltimore County,MD,Maryland,06,1549740652,215957832,24005,850796,447437,260785,2363,52203,348,56621,66062,"Baltimore County, Maryland",52.59039769815561,30.651883647783958,0.27773990474802424,6.13578343104575,0.04090287213386053,6.655061847963554,7.764728560077856
27,045,00659468,0500000US27045,27045,Fillmore,Fillmore County,MN,Minnesota,06,2230843181,2055817,27045,21414,20344,112,17,153,0,592,421,"Fillmore County, Minnesota",95.00326888951153,0.5230223218455217,0.07938731670869524,0.7144858503782573,0.0,2.7645465583263285,1.966003549080041
30,057,01720033,0500000US30057,30057,Madison,Madison County,MT,Montana,06,9293281839,39849039,30057,9223,8474,0,84,42,0,430,337,"Madison County, Montana",91.87899815678196,0.0,0.910766561856229,0.4553832809281145,0.0,4.662257399978316,3.653908706494633
47,115,01639770,0500000US47115,47115,Marion,Marion County,TN,Tennessee,06,1290472798,36484703,47115,29250,26546,871,45,72,0,1398,728,"Marion County, Tennessee",90.75555555555556,2.977777777777778,0.15384615384615385,0.24615384615384617,0.0,4.779487179487179,2.488888888888889
56,033,01605081,0500000US56033,56033,Sheridan,Sheridan County,WY,Wyoming,06,6535475074,7986330,56033,32055,29234,221,282,318,0,1246,1596,"Sheridan County, Wyoming",91.19950085790049,0.689440024957105,0.8797379503977538,0.9920449227889564,0.0,3.887069099984402,4.97894244267665
06,103,01692767,0500000US06103,06103,Tehama,Tehama County,CA,California,06,7638229338,33767224,06103,65167,43477,558,1285,1275,86,10386,18941,"Tehama County, California",66.71628278116223,0.8562616047999754,1.971856921447972,1.9565117313977933,0.13196863443153745,15.937514386115673,29.065324474043614
12,111,00308372,0500000US12111,12111,St. Lucie,St. Lucie County,FL,Florida,06,1481145193,300766786,12111,360500,205243,77974,2001,7097,123,50253,78741,"St. Lucie County, Florida",56.932871012482664,21.629403606102635,0.5550624133148405,1.9686546463245493,0.034119278779472954,13.939805825242718,21.84216366158114
13,223,00349912,0500000US13223,13223,Paulding,Paulding County,GA,Georgia,06,808983871,5212122,13223,178909,111895,41833,529,2627,196,15461,15643,"Paulding County, Georgia",62.54296877183373,23.382278141401493,0.2956810445533763,1.4683442420448385,0.10955290119557988,8.641823496861532,8.743551190828857
20,169,00485047,0500000US20169,20169,Saline,Saline County,KS,Kansas,06,1865429339,2760902,20169,53668,44054,1960,268,927,5,5041,6843,"Saline County, Kansas",82.08615935007826,3.652083178057688,0.4993664753670716,1.727286278601774,0.009316538719534919,9.392934337035106,12.75061489155549
20,203,00485062,0500000US20203,20203,Wichita,Wichita County,KS,Kansas,06,1861078197,61987,20203,2091,1527,4,8,0,0,405,575,"Wichita County, Kansas",73.02725968436154,0.19129603060736491,0.38259206121472983,0.0,0.0,19.368723098995698,27.4988043998087
21,187,00516940,0500000US21187,21187,Owen,Owen County,KY,Kentucky,06,907751566,9741924,21187,11330,10632,33,11,5,0,355,292,"Owen County, Kentucky",93.83936451897617,0.2912621359223301,0.0970873786407767,0.0441306266548985,0.0,3.1332744924977938,2.5772285966460724
30,101,01719566,0500000US30101,30101,Toole,Toole County,MT,Montana,06,4959475392,78025726,30101,5061,4221,85,301,67,0,276,225,"Toole County, Montana",83.40248962655602,1.679509978265165,5.94744121715076,1.3238490416913653,0.0,5.453467694131595,4.445761707172496
31,089,00835866,0500000US31089,31089,Holt,Holt County,NE,Nebraska,06,6247711081,13572143,31089,10102,9279,42,22,17,0,422,576,"Holt County, Nebraska",91.85309839635715,0.4157592555929519,0.21777865769154622,0.1682835082161948,0.0,4.177390615719659,5.701841219560483
40,153,01101864,0500000US40153,40153,Woodward,Woodward County,OK,Oklahoma,06,3218801189,9693573,40153,20158,15975,220,692,78,5,1774,3073,"Woodward County, Oklahoma",79.2489334259351,1.0913781129080267,3.4328802460561567,0.38694314912193667,0.024804048020636967,8.800476237721996,15.24456791348348
47,037,01639737,0500000US47037,47037,Davidson,Davidson County,TN,Tennessee,06,1303999197,56424538,47037,715388,395172,175808,3571,24838,353,79135,99569,"Davidson County, Tennessee",55.23883542916571,24.575195558214563,0.4991696813477442,3.471962068136452,0.04934385256671903,11.061829384893233,13.918181462367274
48,187,01383879,0500000US48187,48187,Guadalupe,Guadalupe County,TX,Texas,06,1842133464,9159634,48187,183642,101276,14514,983,3140,77,48087,71699,"Guadalupe County, Texas",55.14860434976748,7.903420786094683,0.5352806002984067,1.7098485096002005,0.04192940612713868,26.185186395269056,39.04281155726903
51,157,01673976,0500000US51157,51157,Rappahannock,Rappahannock County,VA,Virginia,06,689900919,2142396,51157,7427,6161,267,34,14,0,404,358,"Rappahannock County, Virginia",82.95408644136259,3.594991248148647,0.45778914770432205,0.1885014137606032,0.0,5.4396122256631205,4.820250437592568
54,083,01550048,0500000US54083,54083,Randolph,Randolph County,WV,West Virginia,06,2692810850,667359,54083,27576,24928,397,23,2,0,2114,308,"Randolph County, West Virginia",90.39744705541051,1.4396576733391353,0.08340586016826226,0.00725268349289237,0.0,7.666086451987235,1.116913257905425
53,073,01529224,0500000US53073,53073,Whatcom,Whatcom County,WA,Washington,06,5459626157,1027968988,53073,230503,179852,2213,4102,10078,597,23243,24461,"Whatcom County, Washington",78.0258825264747,0.9600742723522037,1.779586382823651,4.3721773686242695,0.25899879828028266,10.083599779612411,10.612009388164145
29,085,00758497,0500000US29085,29085,Hickory,Hickory County,MO,Missouri,06,1032908447,33454640,29085,8585,8108,16,3,39,0,402,157,"Hickory County, Missouri",94.44379732090856,0.186371578334304,0.034944670937682006,0.45428072218986604,0.0,4.682585905649388,1.828771112405358
41,031,01155132,0500000US41031,41031,Jefferson,Jefferson County,OR,Oregon,06,4614570968,26212115,41031,25203,15628,142,3439,118,35,3785,5372,"Jefferson County, Oregon",62.00849105265246,0.5634249890886006,13.645200968138713,0.46819823036940045,0.13887235646550014,15.018053406340515,21.314922826647624
48,179,01383875,0500000US48179,48179,Gray,Gray County,TX,Texas,06,2398261679,8700790,48179,21045,16229,960,300,225,0,1480,6614,"Gray County, Texas",77.11570444286053,4.5616535994297935,1.4255167498218104,1.069137562366358,0.0,7.032549299120931,31.427892611071513
49,033,01448030,0500000US49033,49033,Rich,Rich County,UT,Utah,06,2664471792,149106409,49033,2631,2417,0,21,2,4,186,142,"Rich County, Utah",91.8662105663246,0.0,0.798175598631699,0.07601672367920942,0.15203344735841884,7.069555302166476,5.397187381223869
49,001,01448015,0500000US49001,49001,Beaver,Beaver County,UT,Utah,06,6689710368,5298466,49001,7273,6465,24,4,0,16,184,1088,"Beaver County, Utah",88.89041660937714,0.3299876254640451,0.05499793757734085,0.0,0.2199917503093634,2.529905128557679,14.95943902103671
51,735,01498436,0500000US51735,51735,Poquoson,Poquoson city,VA,Virginia,25,39773690,163429842,51735,12639,11384,238,86,217,0,617,525,"Poquoson city, Virginia",90.07041696336735,1.8830603687000556,0.6804335786059024,1.7169079832265213,0.0,4.881715325579555,4.153809636838358
55,073,01581096,0500000US55073,55073,Marathon,Marathon County,WI,Wisconsin,06,4002033767,80653069,55073,138403,120384,800,251,7850,30,6769,4893,"Marathon County, Wisconsin",86.98077353814585,0.5780221526990023,0.18135445040931192,5.671842373358959,0.021675830726212583,4.890789939524432,3.535327991445272
28,099,00695772,0500000US28099,28099,Neshoba,Neshoba County,MS,Mississippi,06,1476641121,3830971,28099,28932,16601,6143,4555,190,0,1088,238,"Neshoba County, Mississippi",57.379372321305134,21.232545278584265,15.743813078943731,0.6567122908889811,0.0,3.7605419604590073,0.8226185538504078
35,006,00933051,0500000US35006,35006,Cibola,Cibola County,NM,New Mexico,06,11758505167,5554598,35006,26845,8141,522,12283,211,17,4334,8826,"Cibola County, New Mexico",30.32594524119948,1.9444961817843176,45.75526168746508,0.7859936673495995,0.06332650400447011,16.144533432669025,32.87763084373253
08,021,00198126,0500000US08021,08021,Conejos,Conejos County,CO,Colorado,06,3334423895,9235012,08021,7530,4172,11,213,29,9,2476,3750,"Conejos County, Colorado",55.40504648074369,0.1460823373173971,2.8286852589641436,0.3851261620185923,0.1195219123505976,32.88180610889774,49.800796812749006
20,113,00485021,0500000US20113,20113,McPherson,McPherson County,KS,Kansas,06,2326547428,6003328,20113,30205,27879,558,27,117,0,1425,1689,"McPherson County, Kansas",92.29928819731833,1.8473762622082435,0.08938917397781825,0.3873530872372124,0.0,4.7177619599404075,5.59178943883463
27,119,00659505,0500000US27119,27119,Polk,Polk County,MN,Minnesota,06,5104864821,69390824,27119,30705,26349,604,232,247,2,2671,2122,"Polk County, Minnesota",85.8133854421104,1.9671063344732127,0.7555772675460023,0.8044292460511318,0.006513597134017261,8.698908972480051,6.910926559192314
38,075,01034229,0500000US38075,38075,Renville,Renville County,ND,North Dakota,06,2272050272,40658499,38075,2304,2175,5,5,13,0,100,18,"Renville County, North Dakota",94.40104166666666,0.2170138888888889,0.2170138888888889,0.564236111111111,0.0,4.340277777777778,0.78125
46,137,01266993,0500000US46137,46137,Ziebach,Ziebach County,SD,South Dakota,06,5079608332,24212305,46137,2377,647,0,1659,0,7,60,35,"Ziebach County, South Dakota",27.219183845183004,0.0,69.79385780395457,0.0,0.2944888514934792,2.5241901556583928,1.472444257467396
47,121,01639775,0500000US47121,47121,Meigs,Meigs County,TN,Tennessee,06,505397668,55738399,47121,13343,11901,296,17,52,0,1013,249,"Meigs County, Tennessee",89.192835194484,2.2183916660421197,0.12740762946863524,0.3897174548452372,0.0,7.591995803042793,1.8661470433935397
51,610,01498423,0500000US51610,51610,Falls Church,Falls Church city,VA,Virginia,25,5300262,32,51610,14710,10333,559,17,1344,0,1734,1587,"Falls Church city, Virginia",70.24473147518695,3.8001359619306596,0.11556764106050307,9.136641740312712,0.0,11.787899388171311,10.788579197824609
01,023,00161537,0500000US01023,01023,Choctaw,Choctaw County,AL,Alabama,06,2365900083,19114321,01023,12380,7025,4649,22,3,0,610,144,"Choctaw County, Alabama",56.74474959612278,37.55250403877221,0.1777059773828756,0.024232633279483037,0.0,4.92730210016155,1.1631663974151858
08,095,00198163,0500000US08095,08095,Phillips,Phillips County,CO,Colorado,06,1781724977,301808,08095,4496,3516,0,72,6,0,680,1298,"Phillips County, Colorado",78.20284697508897,0.0,1.601423487544484,0.13345195729537368,0.0,15.12455516014235,28.870106761565832
35,023,00929106,0500000US35023,35023,Hidalgo,Hidalgo County,NM,New Mexico,06,8905761778,23581028,35023,4041,2252,0,16,39,0,1349,2303,"Hidalgo County, New Mexico",55.72878000494927,0.0,0.3959415986142044,0.9651076466221231,0.0,33.38282603316011,56.990843850532045
01,111,00161582,0500000US01111,01111,Randolph,Randolph County,AL,Alabama,06,1503618358,9283013,01111,22510,17027,3496,35,128,0,1584,669,"Randolph County, Alabama",75.64193691692581,15.530875166592626,0.15548645046645934,0.5686361617059086,0.0,7.036872501110618,2.9720124389160376
12,009,00295749,0500000US12009,12009,Brevard,Brevard County,FL,Florida,06,2628767901,1403935673,12009,632780,464606,63258,1401,15575,418,66580,77253,"Brevard County, Florida",73.42299061285122,9.996839343847782,0.22140396346281488,2.461360978539145,0.0660577135813395,10.521824330731059,12.208508486361769
13,181,01688000,0500000US13181,13181,Lincoln,Lincoln County,GA,Georgia,06,544884775,121513274,13181,7854,5401,2139,0,11,0,253,114,"Lincoln County, Georgia",68.76750700280112,27.234530175706645,0.0,0.1400560224089636,0.0,3.221288515406162,1.4514896867838043
20,119,00485024,0500000US20119,20119,Meade,Meade County,KS,Kansas,06,2533222397,3258258,20119,3903,2908,15,78,85,0,535,950,"Meade County, Kansas",74.50678964898796,0.3843197540353574,1.9984627209838586,2.1778119395336923,0.0,13.707404560594414,24.34025108890597
21,147,00516926,0500000US21147,21147,McCreary,McCreary County,KY,Kentucky,06,1105159773,10987658,21147,16867,15183,1069,25,9,13,493,375,"McCreary County, Kentucky",90.01600758878283,6.337819410683583,0.14821841465583685,0.053358629276101265,0.07707357562103516,2.9228671370131023,2.223276219837553
28,059,00695753,0500000US28059,28059,Jackson,Jackson County,MS,Mississippi,06,1872109197,830292614,28059,145249,97625,27543,652,3175,17,10296,11070,"Jackson County, Mississippi",67.21216669305812,18.962609036895262,0.44888432966836256,2.1859014519893423,0.011704039270494118,7.088516960529849,7.6213949837864625
40,025,01101800,0500000US40025,40025,Cimarron,Cimarron County,OK,Oklahoma,06,4752131819,15923999,40025,2218,1513,1,2,0,0,664,561,"Cimarron County, Oklahoma",68.21460775473399,0.045085662759242556,0.09017132551848511,0.0,0.0,29.93688007213706,25.293056807935077
38,103,01034204,0500000US38103,38103,Wells,Wells County,ND,North Dakota,06,3290664846,51166900,38103,3890,3698,0,14,9,0,148,22,"Wells County, North Dakota",95.0642673521851,0.0,0.35989717223650386,0.23136246786632392,0.0,3.8046272493573263,0.5655526992287918
21,051,00516872,0500000US21051,21051,Clay,Clay County,KY,Kentucky,06,1215470276,4754889,21051,19921,18364,790,14,38,0,646,421,"Clay County, Kentucky",92.18412730284624,3.9656643742784,0.07027759650619948,0.19075347623111288,0.0,3.242809095928919,2.1133477235078564
37,007,01008534,0500000US37007,37007,Anson,Anson County,NC,North Carolina,06,1376478141,14603213,37007,22289,9911,10031,129,351,2,1324,932,"Anson County, North Carolina",44.46588003050832,45.004262192112705,0.5787608237247073,1.5747678226928081,0.008973036026739647,5.940149849701647,4.181434788460676
19,007,00465193,0500000US19007,19007,Appanoose,Appanoose County,IA,Iowa,06,1287997902,49093607,19007,12184,11604,100,3,111,0,366,249,"Appanoose County, Iowa",95.23965856861457,0.8207485226526593,0.024622455679579776,0.9110308601444517,0.0,3.0039395929087327,2.0436638214051213
21,205,00516949,0500000US21205,21205,Rowan,Rowan County,KY,Kentucky,06,724888281,16537777,21205,24578,23010,429,124,233,0,742,588,"Rowan County, Kentucky",93.62031084709903,1.7454634225730328,0.5045162340304338,0.9480022784604117,0.0,3.0189600455692083,2.392383432337863
22,017,00558458,0500000US22017,22017,Caddo,Caddo Parish,LA,Louisiana,15,2277812594,149099518,22017,230004,98597,112324,624,2889,182,11906,8793,"Caddo Parish, Louisiana",42.86751534755917,48.8356724230883,0.27129962957165965,1.2560651119110973,0.07912905862506739,5.176431714231057,3.8229769917044925
21,065,00516879,0500000US21065,21065,Estill,Estill County,KY,Kentucky,06,655477009,6549172,21065,14035,13488,10,5,140,0,392,132,"Estill County, Kentucky",96.10260064125401,0.07125044531528321,0.035625222657641606,0.997506234413965,0.0,2.7930174563591024,0.9405058781617385
16,045,00395442,0500000US16045,16045,Gem,Gem County,ID,Idaho,06,1449796224,12491930,16045,20614,17758,2,155,159,0,1803,1992,"Gem County, Idaho",86.14533811972446,0.009702144173862424,0.7519161734743378,0.7713204618220627,0.0,8.746482972736976,9.663335597166974
19,187,00465282,0500000US19187,19187,Webster,Webster County,IA,Iowa,06,1853665899,7269394,19187,36886,31785,1201,96,455,0,2918,2439,"Webster County, Iowa",86.17090495038768,3.2559778777856097,0.26026134576804205,1.233530336713116,0.0,7.9108604890744445,6.612264815919319
13,259,00347360,0500000US13259,13259,Stewart,Stewart County,GA,Georgia,06,1188153054,12598484,13259,4869,1397,3303,72,10,0,73,206,"Stewart County, Georgia",28.691723146436637,67.8373382624769,1.478743068391867,0.20538098172109262,0.0,1.4992811665639763,4.230848223454508
13,245,00358024,0500000US13245,13245,Richmond,Richmond County,GA,Georgia,06,840036611,10995252,13245,206069,67215,115929,227,3433,402,13536,11922,"Richmond County, Georgia",32.61771542541576,56.2573701041884,0.11015727741678757,1.6659468430477171,0.1950802886411833,6.5686735996195456,5.7854407989556895
21,085,00516889,0500000US21085,21085,Grayson,Grayson County,KY,Kentucky,06,1293792165,29767586,21085,26707,25475,218,10,105,0,746,430,"Grayson County, Kentucky",95.38697719698955,0.8162653985846406,0.037443366907552324,0.3931553525292994,0.0,2.793275171303404,1.61006477702475
72,013,01804486,0500000US72013,72013,Arecibo,Arecibo Municipio,PR,Puerto Rico,13,326181952,117203464,72013,86467,10420,1393,167,568,0,50832,86037,"Arecibo Municipio, Puerto Rico",12.050840204933674,1.6110192327708839,0.19313726624029975,0.6568980073322771,0.0,58.78774561393364,99.50270045219564
31,015,00835829,0500000US31015,31015,Boyd,Boyd County,NE,Nebraska,06,1397106495,13211259,31015,1688,1539,3,50,3,0,62,56,"Boyd County, Nebraska",91.17298578199052,0.17772511848341233,2.962085308056872,0.17772511848341233,0.0,3.672985781990521,3.3175355450236967
04,023,00040472,0500000US04023,04023,Santa Cruz,Santa Cruz County,AZ,Arizona,06,3201853238,3068237,04023,48926,13936,119,282,143,144,27981,40367,"Santa Cruz County, Arizona",28.483832726975432,0.2432244614315497,0.5763806565016556,0.2922781343253076,0.29432203736254753,57.190450885010016,82.50623390426358
10,005,00217269,0500000US10005,10005,Sussex,Sussex County,DE,Delaware,06,2424605749,674113743,10005,255626,189534,25415,1765,3244,41,23058,29438,"Sussex County, Delaware",74.14504001940335,9.942259394584276,0.690461846604023,1.2690414903022385,0.016039057059923482,9.020209211895503,11.51604296902506
16,041,00395585,0500000US16041,16041,Franklin,Franklin County,ID,Idaho,06,1717211139,12153472,16041,15056,13658,16,52,9,13,776,1119,"Franklin County, Idaho",90.71466524973432,0.10626992561105207,0.34537725823591925,0.0597768331562168,0.08634431455897981,5.154091392136025,7.432252922422955
20,033,00484986,0500000US20033,20033,Comanche,Comanche County,KS,Kansas,06,2041681089,3604155,20033,1729,1644,7,0,0,0,53,35,"Comanche County, Kansas",95.08386350491614,0.4048582995951417,0.0,0.0,0.0,3.065355696934644,2.0242914979757085
23,027,00581299,0500000US23027,23027,Waldo,Waldo County,ME,Maine,06,1890642743,317988397,23027,40192,37552,218,79,205,6,1797,651,"Waldo County, Maine",93.43152866242038,0.5423964968152866,0.19655652866242038,0.5100517515923566,0.014928343949044586,4.471039012738853,1.6197253184713374
26,019,01622952,0500000US26019,26019,Benzie,Benzie County,MI,Michigan,06,828008634,1398251499,26019,18310,16806,124,167,161,21,802,457,"Benzie County, Michigan",91.78590933915893,0.6772255598033862,0.9120699071545604,0.8793009284543966,0.11469142545057345,4.380120152921901,2.4959038776624793
36,047,00974122,0500000US36047,36047,Kings,Kings County,NY,New York,06,179684484,71158757,36047,2631580,998522,731303,17359,320114,966,272076,498746,"Kings County, New York",37.94382082247167,27.789502884198846,0.6596417361433056,12.164327134269147,0.03670798531680587,10.338883864446455,18.95234041906383
41,009,01135847,0500000US41009,41009,Columbia,Columbia County,OR,Oregon,06,1705984352,78454244,41009,53493,45709,332,481,423,227,5818,3603,"Columbia County, Oregon",85.44856336343074,0.620641953152749,0.8991830706821453,0.7907576692277494,0.42435458845082535,10.87618940795992,6.735460714486008
01,031,00161541,0500000US01031,01031,Coffee,Coffee County,AL,Alabama,06,1758565928,3907189,01031,54920,39036,8909,343,631,25,4806,5396,"Coffee County, Alabama",71.07793153678077,16.221777130371446,0.624544792425346,1.1489439184268027,0.045520757465404224,8.750910415149308,9.825200291332848
48,141,01383855,0500000US48141,48141,El Paso,El Paso County,TX,Texas,06,2624264473,5322143,48141,870779,257683,29487,8239,11128,1460,404585,720158,"El Paso County, Texas",29.59223867364739,3.386278263485913,0.9461642965666375,1.2779361927653285,0.1676659634648975,46.46242043044217,82.70272939517375
56,045,01605086,0500000US56045,56045,Weston,Weston County,WY,Wyoming,06,6210804121,5225499,56045,6826,5819,18,173,48,1,623,365,"Weston County, Wyoming",85.24758277175506,0.2636976267213595,2.5344271901552884,0.7031936712569586,0.01464986815118664,9.126867858189277,5.347201875183123
01,073,00161562,0500000US01073,01073,Jefferson,Jefferson County,AL,Alabama,06,2878876108,32657851,01073,667755,323438,282024,2099,12439,949,29974,36545,"Jefferson County, Alabama",48.436627206086065,42.234651930723096,0.31433684510037363,1.862808964365673,0.14211799237744382,4.488772079580086,5.4728156284864955
02,013,01419964,0500000US02013,02013,Aleutians East,Aleutians East Borough,AK,Alaska,04,18091672533,20799851130,02013,3491,606,108,1395,664,27,490,303,"Aleutians East Borough, Alaska",17.35892294471498,3.093669435691779,39.95989687768547,19.020338012030937,0.7734173589229447,14.03609281008307,8.67946147235749
06,085,00277307,0500000US06085,06085,Santa Clara,Santa Clara County,CA,California,06,3343892723,33595850,06085,1902047,568135,43917,16500,770311,7470,286941,475827,"Santa Clara County, California",29.8696614752422,2.308933480613255,0.8674864501245237,40.49905181102255,0.39273477469273893,15.085904817283696,25.016574248691015
16,013,00395696,0500000US16013,16013,Blaine,Blaine County,ID,Idaho,06,6831709644,44656616,16013,24951,19398,97,332,147,1,2214,5451,"Blaine County, Idaho",77.74437898280631,0.3887619734679973,1.3306079916636606,0.5891547432968619,0.004007855396577291,8.873391848022123,21.84681976674282
37,059,01008549,0500000US37059,37059,Davie,Davie County,NC,North Carolina,06,682977540,7511429,37059,44122,36441,1959,170,317,0,4068,3645,"Davie County, North Carolina",82.59145097683695,4.439961923756856,0.3852953175286705,0.7184624450387562,0.0,9.219890304156657,8.261184896423552
21,201,00516947,0500000US21201,21201,Robertson,Robertson County,KY,Kentucky,06,257938637,1333016,21201,2283,2108,82,4,0,0,83,18,"Robertson County, Kentucky",92.33464739378012,3.591765221200175,0.17520805957074026,0.0,0.0,3.6355672360928604,0.7884362680683311
27,143,00659516,0500000US27143,27143,Sibley,Sibley County,MN,Minnesota,06,1525091344,30329930,27143,15005,13189,179,33,61,10,1075,1390,"Sibley County, Minnesota",87.89736754415195,1.1929356881039652,0.21992669110296567,0.4065311562812396,0.06664445184938354,7.16427857380873,9.263578807064311
31,041,00835842,0500000US31041,31041,Custer,Custer County,NE,Nebraska,06,6670757180,932956,31041,10518,9661,54,56,11,17,441,416,"Custer County, Nebraska",91.85206312987259,0.513405590416429,0.5324206122837042,0.1045826202700133,0.16162768587183873,4.19281232173417,3.955124548393231
28,083,00695765,0500000US28083,28083,Leflore,Leflore County,MS,Mississippi,06,1538645699,31868197,28083,27141,5662,20177,29,62,0,439,874,"Leflore County, Mississippi",20.861427360819423,74.3414023064736,0.10684941601267456,0.22843668250985594,0.0,1.6174790906746253,3.2202203308647435
35,001,01702363,0500000US35001,35001,Bernalillo,Bernalillo County,NM,New Mexico,06,3007611393,15882874,35001,673930,333021,20717,33985,20480,576,181137,330770,"Bernalillo County, New Mexico",49.41477601531316,3.0740581366017246,5.042808600299734,3.038891279509741,0.08546881723621147,26.87771727033965,49.080765064620955
39,059,01074042,0500000US39059,39059,Guernsey,Guernsey County,OH,Ohio,06,1352599522,15666081,39059,38223,35860,754,9,132,0,1297,519,"Guernsey County, Ohio",93.81785835753342,1.972634277790859,0.02354603249352484,0.345341809905031,0.0,3.393244904900191,1.3578212071265992
42,121,01213690,0500000US42121,42121,Venango,Venango County,PA,Pennsylvania,06,1746337768,22149577,42121,49801,46630,628,45,156,9,1863,639,"Venango County, Pennsylvania",93.63265797875545,1.2610188550430714,0.09035963133270417,0.31324672195337444,0.018071926266540833,3.740888737173952,1.2831067649243992
47,179,01639797,0500000US47179,47179,Washington,Washington County,TN,Tennessee,06,845756030,8485270,47179,136261,118236,4835,259,2135,36,8685,6679,"Washington County, Tennessee",86.77171017385751,3.5483373819361375,0.19007639750185304,1.5668459794071672,0.026419885367052934,6.373797344801521,4.90162262129296
55,085,01581103,0500000US55085,55085,Oneida,Oneida County,WI,Wisconsin,06,2885102824,317602311,55085,38167,35797,196,302,178,9,1502,654,"Oneida County, Wisconsin",93.79044724500223,0.5135326329027694,0.7912594649828386,0.4663714727382294,0.023580580082270024,3.9353368092855083,1.7135221526449549
51,045,01673664,0500000US51045,51045,Craig,Craig County,VA,Virginia,06,849770438,2793174,51045,4856,4652,3,0,0,0,105,72,"Craig County, Virginia",95.7990115321252,0.06177924217462932,0.0,0.0,0.0,2.1622734761120266,1.4827018121911038
51,033,01480107,0500000US51033,51033,Caroline,Caroline County,VA,Virginia,06,1365864561,24926638,51033,32098,19782,7628,96,339,27,2496,2464,"Caroline County, Virginia",61.63000810019316,23.764720543336033,0.29908405508131347,1.056140569505888,0.08411739049161941,7.776185432114151,7.676490747087046
53,067,01529226,0500000US53067,53067,Thurston,Thurston County,WA,Washington,06,1871268836,133615762,53067,299067,215637,9947,3375,18347,3085,38751,31748,"Thurston County, Washington",72.10324107975805,3.3260105595067326,1.1285096650583315,6.134745725874135,1.0315414271718377,12.957297194274192,10.615681435932418
42,107,01213685,0500000US42107,42107,Schuylkill,Schuylkill County,PA,Pennsylvania,06,2016509910,10820294,42107,143558,125928,4118,104,697,1,9269,11184,"Schuylkill County, Pennsylvania",87.71924936262695,2.8685270065060813,0.07244458685688016,0.48551804845428326,0.0006965825659315399,6.456623803619443,7.790579417378342
19,153,00465265,0500000US19153,19153,Polk,Polk County,IA,Iowa,06,1482507931,50475974,19153,503175,381269,37401,1562,25053,238,38930,52317,"Polk County, Iowa",75.77264371242609,7.43300044716053,0.31042877726437124,4.978983455060367,0.04729964724002583,7.736870869975656,10.3973766582203
26,085,01622985,0500000US26085,26085,Lake,Lake County,MI,Michigan,06,1470061185,17483127,26085,12563,10038,1005,147,38,0,1165,1163,"Lake County, Michigan",79.90129746079758,7.99968160471225,1.1701026824802994,0.30247552336225425,0.0,9.273262755711215,9.257342991323728
37,017,01026336,0500000US37017,37017,Bladen,Bladen County,NC,North Carolina,06,2266321540,33022256,37017,29566,16119,9569,957,47,21,1100,2752,"Bladen County, North Carolina",54.518703916661025,32.36487857674356,3.2368260840154233,0.15896638030169788,0.07102753162416289,3.720489751741866,9.307988906176012
12,023,00306909,0500000US12023,12023,Columbia,Columbia County,FL,Florida,06,2065197085,10207202,12023,71789,51449,11721,121,697,28,5400,5663,"Columbia County, Florida",71.66696847706473,16.32701388792155,0.16854949922690105,0.9709008343896698,0.0390031899037457,7.522043767150956,7.888395158032567
13,103,00350219,0500000US13103,13103,Effingham,Effingham County,GA,Georgia,06,1240161598,10552453,13103,69143,51883,9995,118,681,95,4599,4572,"Effingham County, Georgia",75.03724165859161,14.45554864556065,0.1706608044198256,0.9849153204228916,0.13739641033799516,6.651432538362524,6.612383032266463
21,231,00516962,0500000US21231,21231,Wayne,Wayne County,KY,Kentucky,06,1186326542,67647953,21231,19602,18055,239,63,6,0,776,882,"Wayne County, Kentucky",92.10794816855423,1.2192633404754616,0.3213957759412305,0.030609121518212427,0.0,3.958779716355474,4.499540863177227
21,069,00516881,0500000US21069,21069,Fleming,Fleming County,KY,Kentucky,06,903057248,6844691,21069,15323,14554,143,0,120,0,421,259,"Fleming County, Kentucky",94.9814005090387,0.9332376166547021,0.0,0.7831364615284213,0.0,2.7475037525288784,1.6902695294655095
47,095,01639762,0500000US47095,47095,Lake,Lake County,TN,Tennessee,06,429381241,72799687,47095,6579,4285,1477,58,34,18,655,206,"Lake County, Tennessee",65.13147894816842,22.450220398236816,0.8815929472564219,0.516795865633075,0.27359781121751026,9.955920352637179,3.1311749506003954
47,153,01652643,0500000US47153,47153,Sequatchie,Sequatchie County,TN,Tennessee,06,688550848,498315,47153,16809,15468,84,5,139,26,676,831,"Sequatchie County, Tennessee",92.02213100124933,0.4997322862752097,0.029745969421143437,0.8269379499077875,0.15467904098994587,4.021655065738592,4.943780117794039
47,053,01639745,0500000US47053,47053,Gibson,Gibson County,TN,Tennessee,06,1561102696,2345193,47053,50869,38272,7406,370,202,8,3915,1714,"Gibson County, Tennessee",75.23639151546129,14.558965185083252,0.7273585091116397,0.397098429298787,0.015726670467278697,7.696239359924512,3.3694391476144605
19,045,00465211,0500000US19045,19045,Clinton,Clinton County,IA,Iowa,06,1799934695,39410955,19045,46268,41393,1434,126,310,0,2726,1668,"Clinton County, Iowa",89.4635601279502,3.099334313132186,0.2723264459237486,0.6700095098123973,0.0,5.891761044350307,3.6050834269905767
48,119,01383846,0500000US48119,48119,Delta,Delta County,TX,Texas,06,665192724,54647564,48119,5438,4419,440,13,24,0,461,499,"Delta County, Texas",81.26149319602796,8.091210003677823,0.23905847738139022,0.4413387274733358,0.0,8.47738139021699,9.17616770871644
48,129,01383850,0500000US48129,48129,Donley,Donley County,TX,Texas,06,2401013585,15564369,48129,3257,2742,168,6,83,0,206,410,"Donley County, Texas",84.1879029782008,5.158120970217992,0.184218606079214,2.5483573840957936,0.0,6.324838808719681,12.588271415412958
48,239,01383905,0500000US48239,48239,Jackson,Jackson County,TX,Texas,06,2148246693,71039573,48239,15152,10216,994,16,214,0,2182,5055,"Jackson County, Texas",67.4234424498416,6.560190073917635,0.10559662090813093,1.4123548046462515,0.0,14.400739176346358,33.361932418162624
26,109,01622997,0500000US26109,26109,Menominee,Menominee County,MI,Michigan,06,2704053651,761798359,26109,23247,21318,101,484,90,0,1106,564,"Menominee County, Michigan",91.70215511678926,0.4344646621069385,2.081989073858993,0.38714672861014326,0.0,4.757603131586871,2.426119499290231
38,069,01034230,0500000US38069,38069,Pierce,Pierce County,ND,North Dakota,06,2637345130,166227811,38069,3928,3571,11,167,17,0,123,32,"Pierce County, North Dakota",90.91140529531569,0.280040733197556,4.25152749490835,0.4327902240325866,0.0,3.131364562118126,0.8146639511201629
30,075,01719584,0500000US30075,30075,Powder River,Powder River County,MT,Montana,06,8542288822,1565958,30075,1815,1642,0,40,17,0,102,26,"Powder River County, Montana",90.46831955922865,0.0,2.203856749311295,0.9366391184573003,0.0,5.619834710743802,1.4325068870523416
13,321,00343365,0500000US13321,13321,Worth,Worth County,GA,Georgia,06,1478083952,10525439,13321,20451,13576,5166,47,158,2,1244,495,"Worth County, Georgia",66.38306195296073,25.260378465600702,0.22981761283066843,0.7725783580265023,0.009779472886411423,6.082832135347905,2.420419539386827
42,071,01209181,0500000US42071,42071,Lancaster,Lancaster County,PA,Pennsylvania,06,2444751632,103368819,42071,557931,455405,22388,1162,13540,454,41851,64326,"Lancaster County, Pennsylvania",81.62389256019114,4.012682571859244,0.20826948135163667,2.4268233885552157,0.08137206930606115,7.501106767682743,11.529382665598433
29,069,00758489,0500000US29069,29069,Dunklin,Dunklin County,MO,Missouri,06,1403538813,13708531,29069,27493,21005,1955,28,96,0,4092,2107,"Dunklin County, Missouri",76.40126577674316,7.110900956607136,0.10184410577237843,0.34917979121958315,0.0,14.883788600734732,7.663768959371477
01,051,00161551,0500000US01051,01051,Elmore,Elmore County,AL,Alabama,06,1601948961,99777799,01051,89526,65175,18939,170,450,8,3905,3034,"Elmore County, Alabama",72.80008042356411,21.15474834126399,0.18988897080177827,0.502647275651766,0.008935951567142506,4.361861358711436,3.388959631838796
13,319,00346824,0500000US13319,13319,Wilkinson,Wilkinson County,GA,Georgia,06,1163459876,7084800,13319,8747,4908,3298,1,47,0,199,290,"Wilkinson County, Georgia",56.11066651423345,37.70435577912427,0.011432491139819366,0.5373270835715103,0.0,2.275065736824054,3.315422430547616
05,123,00083331,0500000US05123,05123,St. Francis,St. Francis County,AR,Arkansas,06,1644082982,20017606,05123,22400,9185,12215,68,30,0,731,821,"St. Francis County, Arkansas",41.004464285714285,54.53125,0.30357142857142855,0.13392857142857142,0.0,3.263392857142857,3.665178571428571
13,025,00351605,0500000US13025,13025,Brantley,Brantley County,GA,Georgia,06,1147972258,10291563,13025,18315,16637,586,0,97,0,505,572,"Brantley County, Georgia",90.83811083811084,3.1995631995631997,0.0,0.5296205296205296,0.0,2.7573027573027575,3.123123123123123
19,029,00465204,0500000US19029,19029,Cass,Cass County,IA,Iowa,06,1461422457,1787165,19029,13096,12384,118,43,68,54,308,357,"Cass County, Iowa",94.56322541233965,0.9010384850335981,0.32834453268173486,0.5192425167990227,0.4123396456933414,2.3518631643249845,2.7260232131948685
27,047,00659469,0500000US27047,27047,Freeborn,Freeborn County,MN,Minnesota,06,1831756444,39305226,27047,30623,25699,479,91,1086,50,2394,3302,"Freeborn County, Minnesota",83.92058256865754,1.5641837834307546,0.29716226365803483,3.5463540476112727,0.16327596904287628,7.817653397772915,10.78274499559155
27,141,00659515,0500000US27141,27141,Sherburne,Sherburne County,MN,Minnesota,06,1121230367,46911209,27141,100560,87245,4085,337,1680,7,5705,3400,"Sherburne County, Minnesota",86.75914876690533,4.06225139220366,0.3351233094669849,1.6706443914081146,0.00696101829753381,5.673229912490055,3.3810660302307083
06,059,00277294,0500000US06059,06059,Orange,Orange County,CA,California,06,2053491982,406263283,06059,3165820,1351830,51497,27023,708219,9480,561581,1082931,"Orange County, California",42.700785262585995,1.626655969069625,0.8535861167090991,22.370791769588923,0.2994484841210176,17.738879658350758,34.20696691536474
13,251,00350204,0500000US13251,13251,Screven,Screven County,GA,Georgia,06,1672668617,26023811,13251,14130,7889,5531,3,0,0,606,375,"Screven County, Georgia",55.83156404812456,39.14366595895258,0.021231422505307858,0.0,0.0,4.288747346072187,2.6539278131634823
13,083,00347465,0500000US13083,13083,Dade,Dade County,GA,Georgia,06,450855116,488463,13083,16165,14866,181,5,196,0,861,465,"Dade County, Georgia",91.9641200123724,1.1197030621713577,0.03093102381688834,1.2124961336220228,0.0,5.326322301268172,2.8765852149706155
26,121,01623003,0500000US26121,26121,Muskegon,Muskegon County,MI,Michigan,06,1305130153,2476314283,26121,175961,135479,21276,920,1147,89,15050,11010,"Muskegon County, Michigan",76.99376566398236,12.091315689272054,0.522843130011764,0.6518489892646666,0.050579389751138036,8.553031637692444,6.257068327640784
39,079,01074052,0500000US39079,39079,Jackson,Jackson County,OH,Ohio,06,1088598926,3167846,39079,32650,31250,250,111,171,0,846,332,"Jackson County, Ohio",95.71209800918837,0.7656967840735069,0.33996937212863704,0.5237366003062788,0.0,2.5911179173047474,1.0168453292496171
48,117,01383845,0500000US48117,48117,Deaf Smith,Deaf Smith County,TX,Texas,06,3876750570,3926557,48117,18460,7469,479,113,12,0,7262,14110,"Deaf Smith County, Texas",40.46045503791983,2.594799566630553,0.6121343445287107,0.06500541711809318,0.0,39.33911159263272,76.43553629469122
48,433,01384002,0500000US48433,48433,Stonewall,Stonewall County,TX,Texas,06,2373238700,10177387,48433,1227,1088,5,0,0,0,102,245,"Stonewall County, Texas",88.67155664221679,0.40749796251018744,0.0,0.0,0.0,8.312958435207824,19.967400162999187
36,065,00974131,0500000US36065,36065,Oneida,Oneida County,NY,New York,06,3140213528,117357246,36065,229124,183822,14093,436,9862,167,14398,16197,"Oneida County, New York",80.22817339082768,6.1508178977322325,0.19028997398788428,4.304219549239713,0.0728862973760933,6.283933590544858,7.069097955692115
37,043,01008546,0500000US37043,37043,Clay,Clay County,NC,North Carolina,06,556804503,15017755,37043,11610,10768,256,43,66,0,292,481,"Clay County, North Carolina",92.74763135228251,2.204995693367786,0.3703703703703704,0.5684754521963824,0.0,2.515073212747631,4.1429801894918175
36,041,00974119,0500000US36041,36041,Hamilton,Hamilton County,NY,New York,06,4447989312,234204425,36041,5089,4664,81,1,17,0,278,106,"Hamilton County, New York",91.64865395952053,1.5916683041854982,0.019650225977598742,0.3340538416191786,0.0,5.462762821772451,2.0829239536254667
36,033,00974115,0500000US36033,36033,Franklin,Franklin County,NY,New York,06,4219857155,176622254,36033,46696,39221,1659,3293,314,37,1148,1350,"Franklin County, New York",83.99220489977728,3.5527668322768546,7.051995888298783,0.672434469761864,0.0792359088572897,2.4584546856261777,2.891039917765976
51,031,01674917,0500000US51031,51031,Campbell,Campbell County,VA,Virginia,06,1303300984,8894442,51031,55312,42771,7860,18,576,26,3531,1924,"Campbell County, Virginia",77.32680069424357,14.210297946196123,0.03254266705235753,1.041365345675441,0.04700607463118311,6.383786520104137,3.4784495227075496
40,095,01101832,0500000US40095,40095,Marshall,Marshall County,OK,Oklahoma,06,962153980,143719930,40095,15792,10429,67,1127,69,24,2839,2866,"Marshall County, Oklahoma",66.03976697061803,0.42426545086119555,7.136524822695035,0.4369300911854103,0.1519756838905775,17.977456940222897,18.1484295845998
40,079,01101827,0500000US40079,40079,Le Flore,Le Flore County,OK,Oklahoma,06,4116561526,49746379,40079,49053,34492,866,5613,367,45,5889,3903,"Le Flore County, Oklahoma",70.3157808900577,1.7654373840539823,11.442725215583145,0.7481703463600595,0.09173750840927161,12.005381933826676,7.956699896030823
45,007,01247981,0500000US45007,45007,Anderson,Anderson County,SC,South Carolina,06,1848876935,108544449,45007,210478,161072,28586,1367,2221,38,13566,10853,"Anderson County, South Carolina",76.52676289208374,13.581466946664259,0.6494740542954608,1.0552171723410524,0.01805414342591625,6.4453292030521,5.156358384249185
46,057,01265766,0500000US46057,46057,Hamlin,Hamlin County,SD,South Dakota,06,1313172143,80426441,46057,6373,5860,9,23,18,0,253,375,"Hamlin County, South Dakota",91.95041581672682,0.14122077514514358,0.3608975364820336,0.28244155029028717,0.0,3.9698729013023697,5.884198964380982
45,037,01247999,0500000US45037,45037,Edgefield,Edgefield County,SC,South Carolina,06,1296814342,16317867,45037,27476,15993,8432,35,111,0,2283,1976,"Edgefield County, South Carolina",58.20716261464551,30.688600960838553,0.12738389867520747,0.4039889357985151,0.0,8.309069733585675,7.1917309652059975
56,023,01605076,0500000US56023,56023,Lincoln,Lincoln County,WY,Wyoming,06,10555073815,49947312,56023,20486,18878,10,57,67,4,1350,1131,"Lincoln County, Wyoming",92.15073708874353,0.048813824074978036,0.27823879722737477,0.3270526213023528,0.019525529629991212,6.589866250122034,5.520843502880016
41,003,01155126,0500000US41003,41003,Benton,Benton County,OR,Oregon,06,1748781825,7670893,41003,96303,76292,1260,1011,6413,196,8507,9031,"Benton County, Oregon",79.2207927063539,1.308370455749042,1.049811532351017,6.659190264062387,0.20352429311651768,8.833577354807224,9.37769332211873
21,151,00516919,0500000US21151,21151,Madison,Madison County,KY,Kentucky,06,1134231010,13798845,21151,95769,85369,3796,56,913,15,4864,3388,"Madison County, Kentucky",89.14053608161305,3.9637043302112374,0.05847403648362205,0.9533356305276238,0.015662688343827336,5.078887740291744,3.537679207259134
42,131,01209192,0500000US42131,42131,Wyoming,Wyoming County,PA,Pennsylvania,06,1028873829,20040006,42131,25967,24372,153,30,63,0,1184,658,"Wyoming County, Pennsylvania",93.85758847768322,0.5892093811375977,0.11553125120345054,0.2426156275272461,0.0,4.559633380829514,2.5339854430623485
17,191,00424296,0500000US17191,17191,Wayne,Wayne County,IL,Illinois,06,1848810381,4224962,17191,15973,15199,64,44,97,0,360,330,"Wayne County, Illinois",95.15432291992738,0.4006761409879171,0.27546484692919304,0.6072747761848118,0.0,2.2538032930570338,2.0659863519689474
51,191,01498359,0500000US51191,51191,Washington,Washington County,VA,Virginia,06,1453483686,12984238,51191,53926,50961,981,42,272,3,1368,1001,"Washington County, Virginia",94.50172458554316,1.8191595890664984,0.07788450840040055,0.5043949115454512,0.005563179171457182,2.536809702184475,1.8562474502095465
38,043,01034206,0500000US38043,38043,Kidder,Kidder County,ND,North Dakota,06,3499233947,211737414,38043,2377,2283,5,0,8,0,73,71,"Kidder County, North Dakota",96.04543542280184,0.2103491796381994,0.0,0.33655868742111905,0.0,3.0710980227177114,2.986958350862432
54,011,01550012,0500000US54011,54011,Cabell,Cabell County,WV,West Virginia,06,727847834,18112163,54011,92739,82935,3947,50,1075,41,4236,1631,"Cabell County, West Virginia",89.42839582052858,4.256030364787199,0.05391474999730426,1.1591671249420417,0.044210094997789495,4.567657619771618,1.758699144912065
54,073,01678557,0500000US54073,54073,Pleasants,Pleasants County,WV,West Virginia,06,337007574,11468023,54073,7521,7149,31,22,0,0,319,158,"Pleasants County, West Virginia",95.0538492221779,0.4121792314851749,0.2925142933120595,0.0,0.0,4.241457253024864,2.1007844701502463
49,029,01448028,0500000US49029,49029,Morgan,Morgan County,UT,Utah,06,1577814087,4437369,49029,12802,12029,12,9,27,57,399,375,"Morgan County, Utah",93.9618809561006,0.0937353538509608,0.07030151538822059,0.21090454616466175,0.4452429307920638,3.116700515544446,2.9292298078425247
27,057,00659474,0500000US27057,27057,Hubbard,Hubbard County,MN,Minnesota,06,2398360043,190330877,27057,21831,19767,113,429,90,0,1077,575,"Hubbard County, Minnesota",90.54555448673905,0.5176125692822134,1.965095506389996,0.4122577985433558,0.0,4.9333516559021575,2.6338692684714395
17,007,00424205,0500000US17007,17007,Boone,Boone County,IL,Illinois,06,727114617,3360626,17007,53230,38201,1623,194,511,0,5797,13651,"Boone County, Illinois",71.76592147285365,3.04903250046966,0.36445613375915836,0.9599849708810821,0.0,10.890475295885778,25.645312793537478
18,057,00450356,0500000US18057,18057,Hamilton,Hamilton County,IN,Indiana,06,1021441615,20942536,18057,365056,292742,16360,341,25107,163,24695,20577,"Hamilton County, Indiana",80.19098439691444,4.481504207573632,0.09341032608695653,6.877574947405329,0.04465068373071528,6.764715550490884,5.636669442496494
48,403,01383987,0500000US48403,48403,Sabine,Sabine County,TX,Texas,06,1273523416,219936062,48403,10023,8590,685,4,71,48,537,165,"Sabine County, Texas",85.70288336825301,6.834281153347301,0.03990821111443679,0.7083707472812532,0.47889853337324156,5.357677342113139,1.646213708470518
05,117,00069176,0500000US05117,05117,Prairie,Prairie County,AR,Arkansas,06,1677059924,72638193,05117,8064,6758,796,13,0,0,391,192,"Prairie County, Arkansas",83.8045634920635,9.871031746031745,0.16121031746031744,0.0,0.0,4.848710317460317,2.380952380952381
08,041,00198135,0500000US08041,08041,El Paso,El Paso County,CO,Colorado,06,5507386922,7070359,08041,742999,522279,43026,7435,21544,2056,109905,139197,"El Paso County, Colorado",70.29336513238914,5.790855707746578,1.0006742943126437,2.899600134051324,0.27671638858194963,14.792079127966526,18.73448012716033
17,091,00424247,0500000US17091,17091,Kankakee,Kankakee County,IL,Illinois,06,1752101354,12458977,17091,106635,78270,15265,487,1067,0,7858,13523,"Kankakee County, Illinois",73.39991559994374,14.315187321235992,0.45669808224316594,1.0006095559619261,0.0,7.3690626904862375,12.681577343273783
21,045,00516869,0500000US21045,21045,Casey,Casey County,KY,Kentucky,06,1150621984,3842017,21045,15914,15040,60,5,11,0,560,546,"Casey County, Kentucky",94.5079803946211,0.37702651753173305,0.031418876460977754,0.06912152821415106,0.0,3.5189141636295087,3.430941309538771
32,029,00858642,0500000US32029,32029,Storey,Storey County,NV,Nevada,06,683238260,1881025,32029,4140,3331,91,2,55,0,644,530,"Storey County, Nevada",80.45893719806763,2.1980676328502415,0.04830917874396135,1.328502415458937,0.0,15.555555555555555,12.80193236714976
39,143,01074084,0500000US39143,39143,Sandusky,Sandusky County,OH,Ohio,06,1057351023,24514231,39143,58778,49588,1861,81,305,6,5260,6430,"Sandusky County, Ohio",84.3648984313859,3.166150600564837,0.13780666235666406,0.5189016298615128,0.010207900915308448,8.948926469087073,10.939467147572222
47,117,01639771,0500000US47117,47117,Marshall,Marshall County,TN,Tennessee,06,972442311,1801922,47117,36049,31052,1347,30,250,0,1978,2542,"Marshall County, Tennessee",86.1383117423507,3.736580765069766,0.08322006158284556,0.6935005131903798,0.0,5.486976060362285,7.051513218119782
48,213,01383892,0500000US48213,48213,Henderson,Henderson County,TX,Texas,06,2263082389,193353703,48213,84862,65819,4308,259,667,75,11333,12555,"Henderson County, Texas",77.56003865098631,5.076477104004148,0.30520138577926514,0.7859819471612736,0.08837877966581038,13.354622799368387,14.794607716056657
34,037,00882236,0500000US34037,34037,Sussex,Sussex County,NJ,New Jersey,06,1342876714,43884322,34037,145807,119960,2701,396,2917,0,13732,17355,"Sussex County, New Jersey",82.27314189305041,1.8524487850377551,0.27159189888002633,2.000589820790497,0.0,9.417929180354854,11.9027207198557
05,041,00066850,0500000US05041,05041,Desha,Desha County,AR,Arkansas,06,1919768424,185180909,05041,10786,4747,5288,19,0,11,517,781,"Desha County, Arkansas",44.01075468199518,49.02651585388467,0.17615427405896533,0.0,0.10198405340255887,4.7932505099202665,7.24086779158168
12,073,00306916,0500000US12073,12073,Leon,Leon County,FL,Florida,06,1731219895,86414547,12073,297542,164417,90396,396,10580,119,24623,24307,"Leon County, Florida",55.25841729907038,30.380921012831802,0.13309045445684978,3.5558005256400778,0.03999435373829577,8.275470353765183,8.169266859804667
12,113,00306914,0500000US12113,12113,Santa Rosa,Santa Rosa County,FL,Florida,06,2622106399,543294939,12113,198472,159336,11140,501,4033,421,18919,13647,"Santa Rosa County, Florida",80.28134951025837,5.612882421701801,0.2524285541537345,2.0320246684670886,0.2121206013946552,9.532326978112781,6.8760328912894515
53,061,01529222,0500000US53061,53061,Snohomish,Snohomish County,WA,Washington,06,5404046467,282924414,53061,844430,541948,31141,8838,114960,4640,98994,102350,"Snohomish County, Washington",64.17915043283635,3.6878130810132275,1.046623165922575,13.613917080160581,0.5494830832632663,11.723174212190472,12.120602062930024
39,145,01074085,0500000US39145,39145,Scioto,Scioto County,OH,Ohio,06,1580270731,16094954,39145,72627,67488,1705,68,361,18,2641,1144,"Scioto County, Ohio",92.92411912924945,2.3476117697275116,0.09362909110936704,0.49706032191884564,0.024784171176008923,3.636388670879976,1.5751717680752337
18,015,00450406,0500000US18015,18015,Carroll,Carroll County,IN,Indiana,06,964057410,7236323,18015,20535,19302,53,96,34,0,873,942,"Carroll County, Indiana",93.99561723886049,0.25809593377160944,0.46749452154857557,0.1655709763817872,0.0,4.2512783053323595,4.587289992695398
29,151,00758530,0500000US29151,29151,Osage,Osage County,MO,Missouri,06,1571034360,17734586,29151,13402,13061,37,24,14,0,262,149,"Osage County, Missouri",97.45560364124758,0.27607819728398747,0.17907774958961348,0.1044620205939412,0.0,1.954932099686614,1.1117743620355172
29,011,00758460,0500000US29011,29011,Barton,Barton County,MO,Missouri,06,1533351028,12152201,29011,11690,10659,27,133,47,0,755,357,"Barton County, Missouri",91.18049615055604,0.2309666381522669,1.1377245508982037,0.40205303678357573,0.0,6.4585115483319075,3.053892215568862
35,029,00933057,0500000US35029,35029,Luna,Luna County,NM,New Mexico,06,7679776933,433660,35029,25611,10264,384,342,291,18,10677,17178,"Luna County, New Mexico",40.076529616180544,1.499355745578072,1.3353637109054703,1.1362305259458825,0.07028230057397211,41.6891179571278,67.07274218109406
35,041,01702369,0500000US35041,35041,Roosevelt,Roosevelt County,NM,New Mexico,06,6335242836,18679734,35041,18928,11756,120,175,121,0,4447,8486,"Roosevelt County, New Mexico",62.109044801352496,0.6339814032121724,0.9245562130177515,0.639264581572274,0.0,23.49429416737109,44.833051563820796
12,061,00307624,0500000US12061,12061,Indian River,Indian River County,FL,Florida,06,1301540085,295514461,12061,166936,125917,13043,669,2600,45,18535,23133,"Indian River County, Florida",75.42830785450711,7.813173910959889,0.4007523841472181,1.5574831072986053,0.026956438395552788,11.10305745914602,13.85740643120717
48,503,01384037,0500000US48503,48503,Young,Young County,TX,Texas,06,2368539759,42371869,48503,18029,14716,142,47,194,0,2027,3692,"Young County, Texas",81.6240501414388,0.7876199456431304,0.26069110876920515,1.0760441510899106,0.0,11.242997393088912,20.478118586721394
39,081,01074053,0500000US39081,39081,Jefferson,Jefferson County,OH,Ohio,06,1057037102,7335056,39081,64518,57670,3288,37,375,0,2657,1243,"Jefferson County, Ohio",89.38590780867355,5.096252208685948,0.057348336898229955,0.5812331442388171,0.0,4.118230571313432,1.9265941287702655
31,155,00835899,0500000US31155,31155,Saunders,Saunders County,NE,Nebraska,06,1939715798,28209422,31155,23048,21415,55,23,189,6,1203,654,"Saunders County, Nebraska",92.914786532454,0.23863241929885456,0.09979173897952101,0.8200277681360638,0.026032627559875045,5.219541825754946,2.8375564040263797
02,020,01416061,0500000US02020,02020,Anchorage,Anchorage Municipality,AK,Alaska,12,4420814008,621079537,02020,288976,164037,14485,21074,28797,9050,42229,27445,"Anchorage Municipality, Alaska",56.76492165439344,5.012526991860916,7.292647140246941,9.965187420408615,3.131747965228946,14.61332428990643,9.497328497868335
06,057,01682927,0500000US06057,06057,Nevada,Nevada County,CA,California,06,2480587300,41531993,06057,102481,86049,387,449,1827,22,11023,11001,"Nevada County, California",83.96580829617197,0.37763097549789715,0.4381299948283096,1.782769488978445,0.02146739395595281,10.75614016256672,10.734672768610768
29,015,00758462,0500000US29015,29015,Benton,Benton County,MO,Missouri,06,1823437752,125605711,29015,20151,18542,193,86,32,46,1097,411,"Benton County, Missouri",92.01528460126049,0.9577688452185996,0.4267778274031065,0.15880105205696987,0.2282765123318942,5.443898565827999,2.039601012356707
08,031,00198131,0500000US08031,08031,Denver,Denver County,CO,Colorado,06,396460127,4275563,08031,718877,426585,64967,7263,26665,1164,130051,201140,"Denver County, Colorado",59.34047131845921,9.03729010665246,1.010325827645063,3.7092576337815784,0.161919215665545,18.090855598384703,27.979751751690486
29,133,00758521,0500000US29133,29133,Mississippi,Mississippi County,MO,Missouri,06,1066029407,44515175,29133,11902,8467,2257,4,76,0,1096,96,"Mississippi County, Missouri",71.13930431860192,18.96319946227525,0.033607797008906065,0.6385481431692153,0.0,9.208536380440261,0.8065871282137457
31,031,00835837,0500000US31031,31031,Cherry,Cherry County,NE,Nebraska,06,15437325491,127452902,31031,5498,4613,55,286,95,0,253,193,"Cherry County, Nebraska",83.90323754092397,1.000363768643143,5.2018915969443436,1.7279010549290652,0.0,4.601673335758457,3.5103674063295744
26,009,01622947,0500000US26009,26009,Antrim,Antrim County,MI,Michigan,06,1232002675,326536774,26009,24127,22399,149,125,74,0,1126,525,"Antrim County, Michigan",92.83789944875036,0.6175653831806689,0.518091764413313,0.3067103245326812,0.0,4.666970613835122,2.175985410535914
72,151,01804556,0500000US72151,72151,Yabucoa,Yabucoa Municipio,PR,Puerto Rico,13,143005188,72592515,72151,29400,1477,580,42,13,0,1220,29264,"Yabucoa Municipio, Puerto Rico",5.023809523809524,1.9727891156462583,0.14285714285714285,0.04421768707482993,0.0,4.149659863945578,99.53741496598639
28,095,00695771,0500000US28095,28095,Monroe,Monroe County,MS,Mississippi,06,1981578016,18140832,28095,33747,22638,10034,89,107,16,754,535,"Monroe County, Mississippi",67.0815183571873,29.733013304886356,0.26372714611669185,0.31706522061220255,0.0474116217737873,2.2342726760897267,1.5853261030610128
29,221,00758563,0500000US29221,29221,Washington,Washington County,MO,Missouri,06,1968043965,6791224,29221,23470,21617,416,6,31,0,1265,266,"Washington County, Missouri",92.10481465700894,1.7724755006391135,0.025564550489987216,0.13208351086493395,0.0,5.389859394972305,1.1333617383894334
18,079,00450364,0500000US18079,18079,Jennings,Jennings County,IN,Indiana,06,975382325,4528274,18079,27562,25744,96,93,125,0,1065,957,"Jennings County, Indiana",93.40396197663449,0.3483056381975183,0.3374210870038459,0.4535229664030187,0.0,3.864015673753719,3.4721718307815106
12,089,00295730,0500000US12089,12089,Nassau,Nassau County,FL,Florida,06,1680075563,200050173,12089,97859,83225,5447,256,1315,23,5674,5570,"Nassau County, Florida",85.04583124699823,5.566171736886745,0.26160087472792487,1.3437701182313329,0.023503203588837,5.798138137524397,5.691862782166178
55,049,01581084,0500000US55049,55049,Iowa,Iowa County,WI,Wisconsin,06,1975379650,13870580,55049,23867,22162,181,21,209,0,1052,545,"Iowa County, Wisconsin",92.85624502451083,0.7583692965182051,0.08798759793857627,0.8756860937696401,0.0,4.407759668161059,2.283487660786861
51,101,01480138,0500000US51101,51101,King William,King William County,VA,Virginia,06,709424849,31090165,51101,18593,14420,2795,208,116,10,893,612,"King William County, Virginia",77.55606948851718,15.032539127628677,1.118700586242134,0.6238907115581133,0.053783682030871825,4.802882805356854,3.2915613402893564
12,099,00295761,0500000US12099,12099,Palm Beach,Palm Beach County,FL,Florida,06,5087491660,1084969380,12099,1533806,819376,283334,4132,43784,741,261134,374740,"Palm Beach County, Florida",53.42109758339711,18.47260996501513,0.26939521686575746,2.854598299915374,0.048311194505693676,17.02523004865022,24.43203377741383
31,109,00835876,0500000US31109,31109,Lancaster,Lancaster County,NE,Nebraska,06,2169272978,22847034,31109,326696,263393,12246,2194,13336,242,27373,27767,"Lancaster County, Nebraska",80.6232705634596,3.7484389156892033,0.6715723486054314,4.082082425251611,0.0740749810221123,8.378737419497025,8.499338834880135
28,155,00695798,0500000US28155,28155,Webster,Webster County,MS,Mississippi,06,1090793736,5364867,28155,9972,7816,1861,6,29,0,175,193,"Webster County, Mississippi",78.37946249498596,18.662254312073806,0.060168471720818295,0.2908142799839551,0.0,1.754913758523867,1.9354191736863215
51,540,01789068,0500000US51540,51540,Charlottesville,Charlottesville city,VA,Virginia,25,26534611,46120,51540,45437,30209,7103,30,3207,0,3854,3132,"Charlottesville city, Virginia",66.4854633888681,15.632634196799966,0.06602548583753329,7.058124436032307,0.0,8.48207408059511,6.893060721438475
13,127,01671513,0500000US13127,13127,Glynn,Glynn County,GA,Georgia,06,1086851551,429106784,13127,85447,54821,20747,266,1106,3,5737,6637,"Glynn County, Georgia",64.15789904853301,24.280548176062354,0.31130408323288117,1.2943696092314534,0.0035109483071377578,6.714103479349773,7.767387971491099
01,121,00161586,0500000US01121,01121,Talladega,Talladega County,AL,Alabama,06,1908347120,60873859,01121,81021,50485,24143,118,480,15,4516,1947,"Talladega County, Alabama",62.311005788622694,29.79844731612792,0.14564125350217844,0.592438997296997,0.018513718665531156,5.573863566235914,2.4030806827859443
21,155,00516921,0500000US21155,21155,Marion,Marion County,KY,Kentucky,06,889793041,8563275,21155,19749,17389,1493,22,125,0,493,723,"Marion County, Kentucky",88.05002784951137,7.559876449440478,0.11139804547065674,0.632943440174186,0.0,2.4963289280469896,3.6609448579674924
51,075,01674271,0500000US51075,51075,Goochland,Goochland County,VA,Virginia,06,730451417,21934893,51075,26410,20703,3611,16,501,0,1102,1004,"Goochland County, Virginia",78.39076107535024,13.672851192730025,0.0605831124574025,1.8970087088224157,0.0,4.172661870503598,3.8015903067020065
53,011,01531820,0500000US53011,53011,Clark,Clark County,WA,Washington,06,1627806032,70187041,53011,516959,388754,11253,3943,26084,4383,60137,63672,"Clark County, Washington",75.20016094119649,2.1767683704123537,0.7627297329188581,5.04566126133794,0.8478428656818046,11.632837420375697,12.316644066550731
56,013,01605072,0500000US56013,56013,Fremont,Fremont County,WY,Wyoming,06,23785388834,212768588,56013,39533,28031,216,7233,130,33,2864,2745,"Fremont County, Wyoming",70.90531960640477,0.5463789745276099,18.29610704980649,0.3288391976323578,0.08347456555282928,7.24458047706979,6.943566134621708
18,173,00450335,0500000US18173,18173,Warrick,Warrick County,IN,Indiana,06,996739078,16078776,18173,65261,58989,1297,182,1139,0,3091,1630,"Warrick County, Indiana",90.38935964818191,1.9874044222429936,0.27888018878043547,1.745299642972066,0.0,4.7363662830787145,2.497663229187417
20,153,00485040,0500000US20153,20153,Rawlins,Rawlins County,KS,Kansas,06,2769775708,415527,20153,2516,2320,0,29,20,0,105,194,"Rawlins County, Kansas",92.20985691573927,0.0,1.152623211446741,0.7949125596184419,0.0,4.17329093799682,7.710651828298887
19,129,00465253,0500000US19129,19129,Mills,Mills County,IA,Iowa,06,1132940500,8316363,19129,14568,13605,59,16,82,0,744,563,"Mills County, Iowa",93.38962108731467,0.4049972542559033,0.10982976386600769,0.5628775398132894,0.0,5.107084019769357,3.864634816035146
13,161,01687999,0500000US13161,13161,Jeff Davis,Jeff Davis County,GA,Georgia,06,857075892,11600966,13161,14924,10151,1789,186,76,41,2085,2095,"Jeff Davis County, Georgia",68.01795765210399,11.987402841061376,1.2463146609488072,0.5092468507102653,0.27472527472527475,13.970785312248726,14.037791476815867
48,197,01383884,0500000US48197,48197,Hardeman,Hardeman County,TX,Texas,06,1800337387,4548860,48197,3501,2575,118,39,48,0,585,897,"Hardeman County, Texas",73.55041416738075,3.3704655812624966,1.113967437874893,1.371036846615253,0.0,16.709511568123396,25.621251071122536
42,133,01209193,0500000US42133,42133,York,York County,PA,Pennsylvania,06,2342295974,16503210,42133,462924,375793,29054,644,6866,119,33987,44412,"York County, Pennsylvania",81.17811995057505,6.276192204335917,0.13911570797798342,1.4831808244981897,0.025706163430714326,7.341809886720066,9.593799414158696
48,479,01384025,0500000US48479,48479,Webb,Webb County,TX,Texas,06,8706187276,36554554,48479,269294,55703,1282,909,1339,3,181773,255830,"Webb County, Texas",20.68482773474344,0.4760596225686424,0.3375492955654415,0.49722608004634344,0.0011140240777737342,67.49983289638834,95.00025993895149
26,159,01623020,0500000US26159,26159,Van Buren,Van Buren County,MI,Michigan,06,1574177247,1248660328,26159,75795,60819,2689,592,400,6,7804,9498,"Van Buren County, Michigan",80.24144072828024,3.5477274226532094,0.7810541592453328,0.5277392967873871,0.007916089451810805,10.29619368032192,12.531169602216504
51,095,01480135,0500000US51095,51095,James City,James City County,VA,Virginia,06,368550683,95239463,51095,81013,59107,10046,22,2063,64,7684,5793,"James City County, Virginia",72.9598953254416,12.40047893547949,0.027156135435053637,2.5465048819325293,0.07899966672015603,9.484897485588732,7.150704207966623
37,105,01008567,0500000US37105,37105,Lee,Lee County,NC,North Carolina,06,660607457,10725294,37105,65816,41846,11685,155,579,8,7161,14286,"Lee County, North Carolina",63.5802844293181,17.7540415704388,0.23550504436611158,0.8797252947611522,0.012155099064057373,10.880333049714356,21.705968153640452
41,059,01156673,0500000US41059,41059,Umatilla,Umatilla County,OR,Oregon,06,8327976998,41618632,41059,79940,53277,582,2326,560,175,11219,23747,"Umatilla County, Oregon",66.64623467600701,0.7280460345258944,2.9096822616962723,0.7005253940455342,0.21891418563922943,14.034275706780086,29.70602952214161
29,093,00758501,0500000US29093,29093,Iron,Iron County,MO,Missouri,06,1425174278,4665920,29093,9446,8723,48,26,126,9,458,210,"Iron County, Missouri",92.34596654668643,0.5081515985602372,0.27524878255346175,1.3338979462206226,0.09527842473004446,4.8486131695955965,2.2231632437010376
28,057,00695752,0500000US28057,28057,Itawamba,Itawamba County,MS,Mississippi,06,1379933000,19825536,28057,24036,21328,1240,19,111,13,980,446,"Itawamba County, Mississippi",88.73356631719088,5.158928274255284,0.07904809452487935,0.46180728906640045,0.05408553835912797,4.077217507072724,1.8555500083208518
18,007,00450403,0500000US18007,18007,Benton,Benton County,IN,Indiana,06,1052616458,236033,18007,8735,7919,62,52,4,0,576,638,"Benton County, Indiana",90.65827132226674,0.7097882083571838,0.5953062392673154,0.04579278763594734,0.0,6.594161419576416,7.3039496279336005
21,057,00516875,0500000US21057,21057,Cumberland,Cumberland County,KY,Kentucky,06,790326358,14920717,21057,5948,5536,90,39,16,0,244,120,"Cumberland County, Kentucky",93.07330195023538,1.5131136516476125,0.6556825823806322,0.26899798251513113,0.0,4.10221923335575,2.0174848688634834
27,031,00659461,0500000US27031,27031,Cook,Cook County,MN,Minnesota,06,3762130687,4887924296,27031,5635,4742,76,347,32,3,311,176,"Cook County, Minnesota",84.15261756876664,1.3487133984028394,6.157941437444543,0.5678793256433008,0.05323868677905945,5.51907719609583,3.1233362910381546
35,007,00929117,0500000US35007,35007,Colfax,Colfax County,NM,New Mexico,06,9733113274,26296498,35007,12322,7741,84,338,28,0,2984,5867,"Colfax County, New Mexico",62.82259373478332,0.6817075150137965,2.743061191365038,0.22723583833793218,0.0,24.216847914299628,47.614023697451714
37,055,01026133,0500000US37055,37055,Dare,Dare County,NC,North Carolina,06,992558550,3000513281,37055,37875,32699,964,47,185,10,2551,2788,"Dare County, North Carolina",86.33399339933993,2.545214521452145,0.12409240924092409,0.4884488448844884,0.0264026402640264,6.7353135313531345,7.361056105610561
01,043,00161547,0500000US01043,01043,Cullman,Cullman County,AL,Alabama,06,1902965932,52529994,01043,90566,82079,882,341,498,18,5241,4563,"Cullman County, Alabama",90.628933595389,0.9738754057814192,0.3765209902170793,0.5498752291146788,0.01987500828125345,5.786939911224962,5.03831459929775
13,273,00352238,0500000US13273,13273,Terrell,Terrell County,GA,Georgia,06,869695791,4951325,13273,8850,3246,5311,0,13,2,83,234,"Terrell County, Georgia",36.67796610169491,60.011299435028256,0.0,0.14689265536723162,0.022598870056497175,0.9378531073446328,2.6440677966101696
56,041,01605084,0500000US56041,56041,Uinta,Uinta County,WY,Wyoming,06,5391631764,16625817,56041,20644,18343,116,40,49,0,1620,2087,"Uinta County, Wyoming",88.85390428211586,0.5619066072466576,0.1937608990505716,0.23735710133695023,0.0,7.8473164115481495,10.109474907963573
18,143,00450386,0500000US18143,18143,Scott,Scott County,IN,Indiana,06,493140260,6074951,18143,24526,23142,118,2,0,16,852,644,"Scott County, Indiana",94.35700888852647,0.4811220745331485,0.008154611432765229,0.0,0.06523689146212183,3.4738644703579875,2.6257848813504037
31,073,00835858,0500000US31073,31073,Gosper,Gosper County,NE,Nebraska,06,1186616216,11831826,31073,2040,1869,0,7,12,0,149,151,"Gosper County, Nebraska",91.61764705882352,0.0,0.3431372549019608,0.5882352941176471,0.0,7.303921568627452,7.401960784313726
72,123,01804542,0500000US72123,72123,Salinas,Salinas Municipio,PR,Puerto Rico,13,179755401,115816412,72123,25079,1141,1001,40,0,0,21452,24814,"Salinas Municipio, Puerto Rico",4.549623190717334,3.991387216396188,0.15949599266318434,0.0,0.0,85.53770086526576,98.9433390486064
17,009,00424206,0500000US17009,17009,Brown,Brown County,IL,Illinois,06,791828626,4144346,17009,6322,4711,1132,11,3,0,229,424,"Brown County, Illinois",74.51755773489403,17.905726036064536,0.17399557102182853,0.04745333755140778,0.0,3.6222714330907944,6.7067383739323
36,015,00974106,0500000US36015,36015,Chemung,Chemung County,NY,New York,06,1054988439,8875327,36015,82147,69816,5355,261,1271,20,4559,3085,"Chemung County, New York",84.98910489731823,6.518801660437995,0.31772310613899474,1.5472263138033038,0.024346598171570477,5.5498070532094905,3.7554627679647465
01,035,00161543,0500000US01035,01035,Conecuh,Conecuh County,AL,Alabama,06,2202213384,6426488,01035,11275,5660,5101,22,9,0,448,117,"Conecuh County, Alabama",50.19955654101995,45.24168514412417,0.1951219512195122,0.07982261640798226,0.0,3.9733924611973395,1.0376940133037695
20,195,00485058,0500000US20195,20195,Trego,Trego County,KS,Kansas,06,2303727352,26281951,20195,2777,2646,0,14,45,0,46,31,"Trego County, Kansas",95.28267915016204,0.0,0.5041411595246669,1.620453727043572,0.0,1.6564638098667626,1.1163125675189054
48,337,01383954,0500000US48337,48337,Montague,Montague County,TX,Texas,06,2411034611,19087359,48337,21046,18901,14,105,35,4,1293,2586,"Montague County, Texas",89.80803953245272,0.06652095410054168,0.4989071557540625,0.16630238525135418,0.01900598688586905,6.14368526085717,12.28737052171434
05,119,00069177,0500000US05119,05119,Pulaski,Pulaski County,AR,Arkansas,06,1964159855,126989203,05119,399818,197634,146972,1170,8927,164,29207,33418,"Pulaski County, Arkansas",49.43099110095093,36.75972567518221,0.2926331480823775,2.232765908488362,0.041018663491888804,7.305073808582906,8.358303027877684
28,143,00695792,0500000US28143,28143,Tunica,Tunica County,MS,Mississippi,06,1176191638,57012297,28143,9475,1724,7566,0,0,0,83,171,"Tunica County, Mississippi",18.195250659630606,79.85224274406333,0.0,0.0,0.0,0.8759894459102903,1.804749340369393
50,015,01461764,0500000US50015,50015,Lamoille,Lamoille County,VT,Vermont,06,1194643959,12744800,50015,26148,24169,233,58,261,0,1132,661,"Lamoille County, Vermont",92.43154352149304,0.8910815358727244,0.22181428789964816,0.9981642955484167,0.0,4.329202998317271,2.5279180052011627
19,127,00465252,0500000US19127,19127,Marshall,Marshall County,IA,Iowa,06,1482776070,1803080,19127,40114,28330,824,506,1652,0,5513,9875,"Marshall County, Iowa",70.62372239118511,2.054145684798325,1.261404995762078,4.118262950590816,0.0,13.743331505210152,24.617340579348856
38,089,01035618,0500000US38089,38089,Stark,Stark County,ND,North Dakota,06,3457408933,14023939,38089,33302,28513,786,315,374,170,2103,2429,"Stark County, North Dakota",85.61948231337458,2.36021860548916,0.9458891357876404,1.123055672331992,0.5104798510599964,6.314936039877485,7.29385622485136
05,113,00069175,0500000US05113,05113,Polk,Polk County,AR,Arkansas,06,2219200782,12520929,05113,19361,17029,24,154,17,34,1414,1352,"Polk County, Arkansas",87.95516760497908,0.12396053922834563,0.7954134600485512,0.0878053819534115,0.175610763906823,7.303341769536697,6.9831103765301386
72,103,01804532,0500000US72103,72103,Naguabo,Naguabo Municipio,PR,Puerto Rico,13,133801410,53350090,72103,23054,1001,207,0,0,0,1782,22873,"Naguabo Municipio, Puerto Rico",4.34197969983517,0.8978919059599202,0.0,0.0,0.0,7.729678146959312,99.21488678754228
72,095,01804528,0500000US72095,72095,Maunabo,Maunabo Municipio,PR,Puerto Rico,13,54816716,44549509,72095,10399,760,379,0,0,0,1116,10366,"Maunabo Municipio, Puerto Rico",7.308395037984422,3.644581209731705,0.0,0.0,0.0,10.731801134724494,99.6826617944033
18,053,00450355,0500000US18053,18053,Grant,Grant County,IN,Indiana,06,1072484435,2101803,18053,66295,56104,3222,359,593,28,5310,3674,"Grant County, Indiana",84.62779998491591,4.860095029791085,0.5415189682479825,0.8944867637076702,0.04223546270457802,8.009653820046761,5.541896070593559
08,077,00198154,0500000US08077,08077,Mesa,Mesa County,CO,Colorado,06,8621348059,31991710,08077,158601,130703,995,1327,1424,76,19016,24519,"Mesa County, Colorado",82.40994697385263,0.6273604832252003,0.8366908153164231,0.8978505810177742,0.04791899168353289,11.989836129658702,15.459549435375566
01,015,00161533,0500000US01015,01015,Calhoun,Calhoun County,AL,Alabama,06,1569248376,16534047,01015,116090,81706,25450,450,986,151,4958,5388,"Calhoun County, Alabama",70.38160048238436,21.922646222758203,0.38763028684641226,0.849341028512361,0.13007149625290723,4.270824360410027,4.641226634507709
12,125,00306913,0500000US12125,12125,Union,Union County,FL,Florida,06,630804542,16049423,12125,15701,11211,2337,0,38,7,1965,846,"Union County, Florida",71.4030953442456,14.884402267371504,0.0,0.24202280109547164,0.04458314757021846,12.515126425068468,5.3881918349149736
21,011,00516852,0500000US21011,21011,Bath,Bath County,KY,Kentucky,06,719997080,15570646,21011,12851,12231,90,5,5,0,362,235,"Bath County, Kentucky",95.17547272585792,0.7003346043109485,0.03890747801727492,0.03890747801727492,0.0,2.8169014084507045,1.8286514668119214
27,121,00659506,0500000US27121,27121,Pope,Pope County,MN,Minnesota,06,1747086656,109712781,27121,11418,10750,71,51,84,5,381,236,"Pope County, Minnesota",94.14958836924154,0.6218251882991768,0.44666316342616924,0.7356805044666317,0.04379050621825188,3.3368365738307935,2.066911893501489
18,181,00450338,0500000US18181,18181,White,White County,IN,Indiana,06,1308303892,9169176,18181,24717,21486,113,84,77,0,1786,2657,"White County, Indiana",86.92802524578227,0.4571752235303637,0.33984706881903143,0.3115264797507788,0.0,7.22579601084274,10.74968645062103
31,019,00835831,0500000US31019,31019,Buffalo,Buffalo County,NE,Nebraska,06,2507679106,18593340,31019,50579,43775,467,259,827,76,2812,5385,"Buffalo County, Nebraska",86.54777674528955,0.9233080922912671,0.5120702267739575,1.6350659364558415,0.15025998932363233,5.5596196049743964,10.646711085628423
46,067,01265771,0500000US46067,46067,Hutchinson,Hutchinson County,SD,South Dakota,06,2105694664,3644220,46067,7404,6747,8,75,27,0,446,200,"Hutchinson County, South Dakota",91.12641815235008,0.10804970286331712,1.012965964343598,0.3646677471636953,0.0,6.02377093462993,2.7012425715829282
48,125,01383848,0500000US48125,48125,Dickens,Dickens County,TX,Texas,06,2335454676,9057848,48125,1747,1303,24,22,27,8,120,573,"Dickens County, Texas",74.58500286204924,1.3737836290784202,1.2593016599885518,1.5455065827132226,0.45792787635947335,6.868918145392102,32.79908414424728
55,135,01581127,0500000US55135,55135,Waupaca,Waupaca County,WI,Wisconsin,06,1936521056,45270534,55135,51569,48037,285,109,139,1,2341,2006,"Waupaca County, Wisconsin",93.15092400473152,0.5526576043747212,0.21136729430471796,0.2695417789757413,0.0019391494890341097,4.5395489538288505,3.8899338750024244
19,135,00465256,0500000US19135,19135,Monroe,Monroe County,IA,Iowa,06,1123299101,1522790,19135,7513,7146,90,11,35,3,211,156,"Monroe County, Iowa",95.11513376813522,1.1979235990949022,0.14641288433382138,0.4658591774257953,0.03993078663649674,2.8084653267669375,2.0764009050978305
21,021,00516857,0500000US21021,21021,Boyle,Boyle County,KY,Kentucky,06,467067863,6486676,21021,30941,26082,2222,0,282,71,1942,1457,"Boyle County, Kentucky",84.29591803755535,7.181409779903687,0.0,0.9114120422740053,0.22946898936685953,6.276461652823115,4.708962218415694
26,087,01622986,0500000US26087,26087,Lapeer,Lapeer County,MI,Michigan,06,1675677869,41080674,26087,88837,80733,920,330,259,0,5025,4476,"Lapeer County, Michigan",90.87767484268942,1.0356045341468083,0.3714668437700508,0.2915451895043732,0.0,5.656426939225773,5.038441190044689
31,171,00835907,0500000US31171,31171,Thomas,Thomas County,NE,Nebraska,06,1845591359,2001976,31171,564,503,11,0,0,0,50,28,"Thomas County, Nebraska",89.18439716312056,1.950354609929078,0.0,0.0,0.0,8.865248226950355,4.964539007092199
48,067,01383819,0500000US48067,48067,Cass,Cass County,TX,Texas,06,2426683491,60494144,48067,28568,21831,4640,180,210,0,1522,1548,"Cass County, Texas",76.41767012041444,16.241949033884065,0.6300756090730888,0.7350882105852702,0.0,5.327639316718006,5.4186502380285635
51,195,01496656,0500000US51195,51195,Wise,Wise County,VA,Virginia,06,1044904290,5247907,51195,35448,31982,1724,102,112,0,1169,509,"Wise County, Virginia",90.2222974497856,4.863461972466712,0.2877454299255247,0.315955766192733,0.0,3.297788309636651,1.4359061160009028
51,023,01674418,0500000US51023,51023,Botetourt,Botetourt County,VA,Virginia,06,1401898974,12126225,51023,34004,30833,872,70,244,59,1324,850,"Botetourt County, Virginia",90.6746265145277,2.5644041877426185,0.20585813433713682,0.7175626396894482,0.17350899894130103,3.8936595694624163,2.4997059169509472
72,025,01804492,0500000US72025,72025,Caguas,Caguas Municipio,PR,Puerto Rico,13,151783112,1201073,72025,125586,43948,10200,395,372,27,37392,123318,"Caguas Municipio, Puerto Rico",34.99434650359117,8.121924418326884,0.31452550443520777,0.29621136113898044,0.02149921169557116,29.774019397066553,98.19406621757201
49,027,01448027,0500000US49027,49027,Millard,Millard County,UT,Utah,06,17574316025,133292861,49027,13315,11250,15,164,273,7,666,1805,"Millard County, Utah",84.49117536612843,0.11265490048817123,1.2316935786706722,2.0503191888847168,0.05257228689447991,5.001877581674803,13.556139692076604
19,083,00465230,0500000US19083,19083,Hardin,Hardin County,IA,Iowa,06,1474498036,1783759,19083,16639,15160,180,152,149,0,565,911,"Hardin County, Iowa",91.11124466614581,1.081795780996454,0.9135164372858946,0.8954865076026204,0.0,3.3956367570166477,5.475088647154276
39,121,01074073,0500000US39121,39121,Noble,Noble County,OH,Ohio,06,1030846430,16984489,39121,14282,13161,620,17,60,0,218,247,"Noble County, Ohio",92.15095924940483,4.3411286934603,0.1190309480464921,0.4201092283993838,0.0,1.526396863184428,1.7294496569107969
17,149,01784941,0500000US17149,17149,Pike,Pike County,IL,Illinois,06,2153190724,45251530,17149,14469,13808,87,1,41,54,381,298,"Pike County, Illinois",95.4316124127445,0.6012855069458843,0.006911327666044647,0.28336443430783054,0.3732116939664109,2.6332158407630106,2.059575644481305
39,135,01074080,0500000US39135,39135,Preble,Preble County,OH,Ohio,06,1098741137,6062721,39135,40765,38918,268,8,96,0,1308,465,"Preble County, Ohio",95.46915245921747,0.6574267140929719,0.019624678032626026,0.23549613639151235,0.0,3.2086348583343556,1.1406844106463878
48,443,01384007,0500000US48443,48443,Terrell,Terrell County,TX,Texas,06,6107081791,259482,48443,835,583,0,0,0,0,213,335,"Terrell County, Texas",69.82035928143713,0.0,0.0,0.0,0.0,25.508982035928145,40.119760479041915
17,195,01785167,0500000US17195,17195,Whiteside,Whiteside County,IL,Illinois,06,1771808919,31883751,17195,54947,46769,691,206,291,3,5273,7319,"Whiteside County, Illinois",85.11656687353268,1.2575754818279434,0.3749067283018181,0.5296012521156751,0.005459806722842011,9.596520283181976,13.320108468160226
17,015,00424209,0500000US17015,17015,Carroll,Carroll County,IL,Illinois,06,1153597400,55881822,17015,15576,14027,628,44,125,0,526,820,"Carroll County, Illinois",90.0552131484335,4.031843862352337,0.2824858757062147,0.8025166923472007,0.0,3.3769902413970208,5.2645095017976375
19,057,00465217,0500000US19057,19057,Des Moines,Des Moines County,IA,Iowa,06,1077769233,35341938,19057,38487,32890,1830,126,464,1,2951,1415,"Des Moines County, Iowa",85.45742718320471,4.754852287785486,0.32738327227375474,1.2056018915477953,0.0025982799386805935,7.667524099046432,3.6765661132330396
20,117,00485023,0500000US20117,20117,Marshall,Marshall County,KS,Kansas,06,2331450540,12735557,20117,9993,9456,71,31,33,0,354,280,"Marshall County, Kansas",94.6262383668568,0.7104973481437006,0.3102171520064045,0.3302311618132693,0.0,3.5424797358150704,2.8019613729610726
48,215,01383893,0500000US48215,48215,Hidalgo,Hidalgo County,TX,Texas,06,4068758840,30739605,48215,891977,247551,6207,3751,9202,301,528958,819984,"Hidalgo County, Texas",27.753069866151257,0.6958699607725312,0.42052653824033576,1.0316409503832498,0.033745264732162376,59.30175329632939,91.92882776125393
40,031,01101803,0500000US40031,40031,Comanche,Comanche County,OK,Oklahoma,06,2769531009,37661894,40031,121825,70201,18006,5918,3351,730,19557,17883,"Comanche County, Oklahoma",57.62446131746357,14.780217525138518,4.857787810383747,2.7506669402831934,0.5992201928996511,16.053355222655448,14.679253026882824
34,003,00882271,0500000US34003,34003,Bergen,Bergen County,NJ,New Jersey,06,602918746,35387155,34003,962316,530150,56128,2737,162461,253,130192,218856,"Bergen County, New Jersey",55.09105117237997,5.832595529950661,0.2844180082218315,16.88229230315198,0.02629074025579955,13.529027886889548,22.742633396929907
40,143,01101859,0500000US40143,40143,Tulsa,Tulsa County,OK,Oklahoma,06,1476917124,42925549,40143,680794,412418,64684,33596,25746,1242,109382,107129,"Tulsa County, Oklahoma",60.57897102500903,9.501258824255208,4.934826100112516,3.781760708819408,0.1824340402529987,16.066827851009265,15.735890739342592
39,013,01065575,0500000US39013,39013,Belmont,Belmont County,OH,Ohio,06,1378201569,23693388,39013,65473,59509,2035,57,379,14,3026,885,"Belmont County, Ohio",90.89090159302307,3.108151451743467,0.08705878759183175,0.5788645701281445,0.021382860110274463,4.621752478120752,1.351702228399493
72,117,01804539,0500000US72117,72117,Rincón,Rincón Municipio,PR,Puerto Rico,13,37005461,103924382,72117,15378,3010,377,21,0,0,10913,14665,"Rincón Municipio, Puerto Rico",19.573416569124724,2.4515541682923656,0.13655872024970736,0.0,0.0,70.96501495643126,95.36350630771231
23,021,00581296,0500000US23021,23021,Piscataquis,Piscataquis County,ME,Maine,06,10258545866,1080517302,23021,17263,16093,164,22,143,0,672,320,"Piscataquis County, Maine",93.22249898627122,0.9500086891038638,0.1274401900017378,0.8283612350112959,0.0,3.8927185309621732,1.8536754909343682
02,170,01419976,0500000US02170,02170,Matanuska-Susitna,Matanuska-Susitna Borough,AK,Alaska,04,63991523362,1445856740,02170,112988,87162,1308,6317,1885,467,14080,6074,"Matanuska-Susitna Borough, Alaska",77.1427054200446,1.1576450596523524,5.590859206287393,1.6683187595142848,0.41331822848444083,12.4615003363189,5.375792119517117
54,069,01717163,0500000US54069,54069,Ohio,Ohio County,WV,West Virginia,06,274098976,8274294,54069,41582,37521,1390,31,203,0,2220,699,"Ohio County, West Virginia",90.23375499013997,3.3427925544706847,0.07455148862488577,0.48819200615651,0.0,5.338848540233755,1.6810158241546822
17,003,00424203,0500000US17003,17003,Alexander,Alexander County,IL,Illinois,06,609667767,44639203,17003,4875,3069,1616,0,21,0,169,33,"Alexander County, Illinois",62.95384615384615,33.14871794871795,0.0,0.43076923076923074,0.0,3.4666666666666663,0.676923076923077
51,017,01673638,0500000US51017,51017,Bath,Bath County,VA,Virginia,06,1370626043,14039993,51017,4100,3766,140,0,10,0,74,125,"Bath County, Virginia",91.85365853658537,3.414634146341464,0.0,0.24390243902439024,0.0,1.8048780487804876,3.048780487804878
12,017,00295752,0500000US12017,12017,Citrus,Citrus County,FL,Florida,06,1507169420,981139562,12017,162472,142299,2912,439,2204,69,12040,11303,"Citrus County, Florida",87.58370673100596,1.7923088285981585,0.270200403761879,1.3565414348318479,0.04246885617214043,7.410507656703924,6.956891033531932
18,083,00450366,0500000US18083,18083,Knox,Knox County,IN,Indiana,06,1335995222,20908206,18083,36007,32307,604,20,310,4,2386,1076,"Knox County, Indiana",89.72422029049906,1.6774516066320437,0.05554475518649151,0.8609437053906185,0.011108951037298304,6.626489293748437,2.9883078290332437
20,021,00484980,0500000US20021,20021,Cherokee,Cherokee County,KS,Kansas,06,1521791029,8951464,20021,19151,16629,156,388,100,43,1552,566,"Cherokee County, Kansas",86.83097488381807,0.8145788731658922,2.026003864027988,0.5221659443371104,0.22453135606495747,8.104015456111952,2.9554592449480444
28,045,00711756,0500000US28045,28045,Hancock,Hancock County,MS,Mississippi,06,1227561217,204095552,28045,46167,38845,3352,185,464,0,2827,1943,"Hancock County, Mississippi",84.14018671345333,7.26059739640869,0.40071912838174456,1.0050468949682674,0.0,6.123421491541578,4.208633872679619
72,023,01804491,0500000US72023,72023,Cabo Rojo,Cabo Rojo Municipio,PR,Puerto Rico,13,182247776,277245345,72023,46876,26995,2622,244,168,0,7678,46468,"Cabo Rojo Municipio, Puerto Rico",57.58810478709787,5.593480672412322,0.5205222288591177,0.3583923542964417,0.0,16.37938390647666,99.12961856813722
01,019,00161535,0500000US01019,01019,Cherokee,Cherokee County,AL,Alabama,06,1433620850,120310807,01019,25443,23091,970,62,60,0,1055,469,"Cherokee County, Alabama",90.75580709821955,3.8124435011594544,0.24368195574421256,0.23582124749439923,0.0,4.14652360177652,1.8433360845812208
18,051,00450354,0500000US18051,18051,Gibson,Gibson County,IN,Indiana,06,1262302951,30891646,18051,33000,29840,606,11,189,35,1512,767,"Gibson County, Indiana",90.42424242424244,1.8363636363636364,0.03333333333333333,0.5727272727272728,0.10606060606060608,4.581818181818182,2.324242424242424
18,167,00450398,0500000US18167,18167,Vigo,Vigo County,IN,Indiana,06,1045400270,17661310,18167,106109,89923,6106,254,2202,53,6059,3411,"Vigo County, Indiana",84.74587452525233,5.754460036377687,0.23937649021289428,2.0752245332629657,0.049948637721588175,5.710165961417033,3.2146189295912695
39,025,01074025,0500000US39025,39025,Clermont,Clermont County,OH,Ohio,06,1172125417,19874912,39025,211181,193358,3218,100,2566,0,9736,5441,"Clermont County, Ohio",91.56032029396583,1.5238113277236116,0.04735274480185244,1.2150714316155335,0.0,4.610263233908354,2.576462844668791
13,195,01688004,0500000US13195,13195,Madison,Madison County,GA,Georgia,06,731214550,8448220,13195,31528,24992,2972,49,637,0,1994,2326,"Madison County, Georgia",79.26922100989596,9.426541486932251,0.15541740674955595,2.020426287744227,0.0,6.324536919563563,7.377569144887085
51,197,01501379,0500000US51197,51197,Wythe,Wythe County,VA,Virginia,06,1196450498,7232493,51197,28188,26248,644,4,225,95,869,449,"Wythe County, Virginia",93.11763871150845,2.2846601390662693,0.014190435646374344,0.7982120051085568,0.33702284660139065,3.0828721441748264,1.59287640130552
29,161,00758535,0500000US29161,29161,Phelps,Phelps County,MO,Missouri,06,1739919007,6567069,29161,45194,39059,1100,197,1744,15,2730,1390,"Phelps County, Missouri",86.425189184405,2.4339514094791346,0.4358985706067177,3.8589193255741914,0.03319024649289729,6.040624861707307,3.0756295083418155
51,620,01498424,0500000US51620,51620,Franklin,Franklin city,VA,Virginia,25,21438217,227442,51620,8250,3141,4601,0,3,0,484,261,"Franklin city, Virginia",38.07272727272728,55.769696969696966,0.0,0.03636363636363636,0.0,5.866666666666666,3.1636363636363636
20,013,00484976,0500000US20013,20013,Brown,Brown County,KS,Kansas,06,1478550074,3196147,20013,9343,7772,148,677,29,2,570,435,"Brown County, Kansas",83.18527239644654,1.5840736380177671,7.246066573905598,0.3103928074494274,0.02140640051375361,6.10082414641978,4.6558921117414105
01,127,00161589,0500000US01127,01127,Walker,Walker County,AL,Alabama,06,2048757702,36683003,01127,64841,56363,4076,77,299,0,2533,2435,"Walker County, Alabama",86.92493946731234,6.286146111256767,0.11875202418223038,0.46112799000632315,0.0,3.906478925371293,3.755339985503
28,159,00695800,0500000US28159,28159,Winston,Winston County,MS,Mississippi,06,1572773194,7341897,28159,17536,8702,8260,208,18,0,319,105,"Winston County, Mississippi",49.62363138686132,47.10310218978102,1.1861313868613137,0.10264598540145986,0.0,1.8191149635036497,0.5987682481751825
30,091,01677577,0500000US30091,30091,Sheridan,Sheridan County,MT,Montana,06,4343256745,75111952,30091,3669,3321,0,71,24,5,230,145,"Sheridan County, Montana",90.51512673753066,0.0,1.9351321886072497,0.6541291905151267,0.1362769146906514,6.268738075769964,3.952030526028891
08,069,00198150,0500000US08069,08069,Larimer,Larimer County,CO,Colorado,06,6722952763,99045889,08069,367368,302769,3962,1914,8205,371,40134,47521,"Larimer County, Colorado",82.41572483177632,1.0784826114413886,0.5210034624681518,2.2334552818971716,0.10098865442825723,10.924740314888613,12.935530585135341
54,039,01550026,0500000US54039,54039,Kanawha,Kanawha County,WV,West Virginia,06,2335428419,24054880,54039,176537,152605,8657,122,2046,195,12086,2789,"Kanawha County, West Virginia",86.4436350453446,4.903787874496564,0.06910732594300345,1.158963843273648,0.1104584308105383,6.84615689628803,1.5798387873363655
05,093,00069899,0500000US05093,05093,Mississippi,Mississippi County,AR,Arkansas,06,2336409932,72224609,05093,39126,22227,13466,72,203,3,2610,1911,"Mississippi County, Arkansas",56.808771660788224,34.4170117057711,0.18402085569697899,0.5188365792567602,0.007667535654040791,6.670756019015489,4.884220211623984
17,133,01784865,0500000US17133,17133,Monroe,Monroe County,IL,Illinois,06,997924032,33755285,17133,35036,33641,207,34,209,0,751,683,"Monroe County, Illinois",96.01838109373216,0.5908208699623244,0.09704304144308712,0.596529284164859,0.0,2.143509533051718,1.9494234501655439
25,015,00606934,0500000US25015,25015,Hampshire,Hampshire County,MA,Massachusetts,06,1365533874,46625893,25015,162028,132861,4236,333,8612,45,12480,11964,"Hampshire County, Massachusetts",81.99879033253512,2.614362949613647,0.20552003357444393,5.315130718147481,0.02777297751005999,7.702372429456637,7.383908954007949
36,035,00974116,0500000US36035,36035,Fulton,Fulton County,NY,New York,06,1283234687,96916403,36035,52487,46574,785,2,479,38,3606,2294,"Fulton County, New York",88.73435326842836,1.4956084363747215,0.0038104673538209457,0.9126069312401166,0.07239887972259798,6.870272638939166,4.370606054832625
54,015,01550014,0500000US54015,54015,Clay,Clay County,WV,West Virginia,06,885617417,4862288,54015,7835,7587,4,4,0,0,240,18,"Clay County, West Virginia",96.83471601786854,0.05105296745373325,0.05105296745373325,0.0,0.0,3.063178047223995,0.2297383535417996
51,630,01498425,0500000US51630,51630,Fredericksburg,Fredericksburg city,VA,Virginia,25,27066499,178344,51630,28873,16428,5733,34,1154,0,3469,3628,"Fredericksburg city, Virginia",56.897447442247085,19.85592075641603,0.11775707408305339,3.996813632113047,0.0,12.014684999826827,12.565372493332871
40,039,01101807,0500000US40039,40039,Custer,Custer County,OK,Oklahoma,06,2560924945,34326632,40039,28259,19436,806,1492,268,21,4461,5623,"Custer County, Oklahoma",68.77808839661701,2.8521886832513537,5.279733890088114,0.9483704306592591,0.07431260837255388,15.786121235712516,19.898085565660498
48,313,01383939,0500000US48313,48313,Madison,Madison County,TX,Texas,06,1207103458,16493254,48313,13648,8080,2111,36,155,19,2369,3573,"Madison County, Texas",59.20281359906213,15.46746776084408,0.2637749120750293,1.1356975381008205,0.1392145369284877,17.35785463071512,26.17966002344666
31,125,00835884,0500000US31125,31125,Nance,Nance County,NE,Nebraska,06,1143745449,17166724,31125,3324,3138,5,19,5,0,132,85,"Nance County, Nebraska",94.40433212996389,0.15042117930204574,0.5716004813477737,0.15042117930204574,0.0,3.9711191335740073,2.5571600481347776
28,077,00695762,0500000US28077,28077,Lawrence,Lawrence County,MS,Mississippi,06,1115254005,13188412,28077,11786,7519,3737,45,37,0,344,251,"Lawrence County, Mississippi",63.79602918717122,31.7071101306635,0.381808925844222,0.31393178347191586,0.0,2.9187171220091632,2.1296453419311048
13,069,00347456,0500000US13069,13069,Coffee,Coffee County,GA,Georgia,06,1533913422,26942696,13069,43347,25735,12170,160,319,4,3741,5861,"Coffee County, Georgia",59.36973723671765,28.075760721618565,0.3691143562414931,0.7359217477564768,0.009227858906037325,8.63035504187141,13.521120262071193
20,015,00484977,0500000US20015,20015,Butler,Butler County,KS,Kansas,06,3702946933,43541269,20015,68287,59618,1329,415,1159,82,4212,3992,"Butler County, Kansas",87.30505074172244,1.9461976657343272,0.6077291431751285,1.6972483781686118,0.12008142106110972,6.168084701334076,5.8459150350725615
72,021,01804490,0500000US72021,72021,Bayamón,Bayamón Municipio,PR,Puerto Rico,13,115097577,314191,72021,182469,21831,8640,213,365,16,73721,180846,"Bayamón Municipio, Puerto Rico",11.964224059977312,4.735050885355869,0.11673215724314816,0.2000339783744088,0.008768612750659016,40.40193128695833,99.11053384410503
17,029,00424216,0500000US17029,17029,Coles,Coles County,IL,Illinois,06,1316418028,4650074,17029,46777,41961,1670,20,624,3,1919,1809,"Coles County, Illinois",89.70434187741839,3.570130619749022,0.04275605532633559,1.3339889261816704,0.006413408298950339,4.1024435085619,3.8672852042670542
26,059,01622972,0500000US26059,26059,Hillsdale,Hillsdale County,MI,Michigan,06,1549207166,22939100,26059,45654,42662,318,31,117,0,2186,1283,"Hillsdale County, Michigan",93.44635738379988,0.6965435668287554,0.067902045822929,0.2562754632671836,0.0,4.78818942480396,2.8102685416392865
37,099,01008566,0500000US37099,37099,Jackson,Jackson County,NC,North Carolina,06,1271968590,9746824,37099,43771,34741,982,2907,446,186,3442,3500,"Jackson County, North Carolina",79.36990244682552,2.243494551186859,6.6413835644604875,1.018939480477942,0.424938886477348,7.8636540175001715,7.996161842315688
47,103,01639766,0500000US47103,47103,Lincoln,Lincoln County,TN,Tennessee,06,1477179214,971039,47103,35946,30704,1998,88,227,0,2441,1482,"Lincoln County, Tennessee",85.41701441050465,5.558337506259389,0.24481166193735046,0.6315028097702109,0.0,6.790741668057643,4.122850943081289
42,125,01209190,0500000US42125,42125,Washington,Washington County,PA,Pennsylvania,06,2219644653,9945723,42125,210042,189198,6683,178,2711,12,9698,4335,"Washington County, Pennsylvania",90.07627046019367,3.1817446034602606,0.08474495577075061,1.2906942421039602,0.00571314308566858,4.617171803734491,2.0638729396977746
01,085,00161568,0500000US01085,01085,Lowndes,Lowndes County,AL,Alabama,06,1854651875,23271196,01085,9833,2428,7258,11,0,0,136,16,"Lowndes County, Alabama",24.69236245296451,73.81267161598699,0.11186819892199736,0.0,0.0,1.3830977321265128,0.16271738025017796
37,067,01008552,0500000US37067,37067,Forsyth,Forsyth County,NC,North Carolina,06,1056284390,11652284,37067,389977,217688,98404,1613,9311,318,35900,58888,"Forsyth County, North Carolina",55.820727889080636,25.233282988483936,0.4136141362182898,2.387576703241473,0.08154327050056799,9.205671103680475,15.100377714583168
17,175,00424288,0500000US17175,17175,Stark,Stark County,IL,Illinois,06,746189903,684784,17175,5308,4869,66,5,45,0,289,152,"Stark County, Illinois",91.72946495855314,1.2434061793519218,0.09419743782969103,0.8477769404672193,0.0,5.444611906556142,2.8636021100226077
20,205,00485063,0500000US20205,20205,Wilson,Wilson County,KS,Kansas,06,1477385742,12048762,20205,8505,7912,15,65,2,0,497,327,"Wilson County, Kansas",93.02763080540858,0.1763668430335097,0.7642563198118754,0.023515579071134628,0.0,5.843621399176955,3.8447971781305115
21,229,00516961,0500000US21229,21229,Washington,Washington County,KY,Kentucky,06,769962860,10138826,21229,12140,10614,563,0,71,0,878,19,"Washington County, Kentucky",87.42998352553542,4.637561779242175,0.0,0.5848434925864909,0.0,7.2322899505766065,0.15650741350906094
30,105,01678923,0500000US30105,30105,Valley,Valley County,MT,Montana,06,12758579872,351382239,30105,7519,6356,30,626,2,0,391,194,"Valley County, Montana",84.5325176220242,0.39898922729086317,8.325575209469346,0.026599281819390877,0.0,5.200159595690916,2.5801303364809147
39,051,01074038,0500000US39051,39051,Fulton,Fulton County,OH,Ohio,06,1050103237,4586248,39051,42240,37678,158,116,183,5,2676,3938,"Fulton County, Ohio",89.19981060606061,0.3740530303030303,0.2746212121212121,0.43323863636363635,0.011837121212121212,6.335227272727273,9.322916666666666
13,065,00351285,0500000US13065,13065,Clinch,Clinch County,GA,Georgia,06,2110829175,23303279,13065,6759,4376,1734,125,20,0,263,448,"Clinch County, Georgia",64.74330522266607,25.65468264536174,1.849386003846723,0.2959017606154757,0.0,3.8911081520935054,6.628199437786655
55,127,01581123,0500000US55127,55127,Walworth,Walworth County,WI,Wisconsin,06,1438464471,54912925,55127,105657,90011,853,392,916,43,8594,12821,"Walworth County, Wisconsin",85.19170523486376,0.8073293771354477,0.3710118591290686,0.8669562830669051,0.04069772944528049,8.133867136110243,12.134548586463746
32,019,00858645,0500000US32019,32019,Lyon,Lyon County,NV,Nevada,06,5187884294,59489121,32019,61680,45797,836,1134,804,55,8694,12034,"Lyon County, Nevada",74.2493514915694,1.3553826199740597,1.8385214007782102,1.3035019455252919,0.08916990920881972,14.09533073929961,19.510376134889754
72,135,01804548,0500000US72135,72135,Toa Alta,Toa Alta Municipio,PR,Puerto Rico,13,69972567,1405465,72135,66320,13005,2030,0,92,45,35190,66011,"Toa Alta Municipio, Puerto Rico",19.60946924004825,3.060916767189385,0.0,0.13872135102533173,0.06785283474065139,53.06091676718938,99.53407720144753
28,015,00695732,0500000US28015,28015,Carroll,Carroll County,MS,Mississippi,06,1627517127,16050556,28015,9686,6049,3335,0,75,0,212,0,"Carroll County, Mississippi",62.45096014866818,34.4311377245509,0.0,0.7743134420813546,0.0,2.1887259962832957,0.0
12,063,00295734,0500000US12063,12063,Jackson,Jackson County,FL,Florida,06,2378205369,94103479,12063,48250,31631,12190,148,276,33,3257,2598,"Jackson County, Florida",65.55647668393783,25.26424870466321,0.3067357512953368,0.572020725388601,0.06839378238341969,6.750259067357513,5.384455958549223
13,067,01686112,0500000US13067,13067,Cobb,Cobb County,GA,Georgia,06,880018859,12407750,13067,775208,379724,207116,3827,42571,396,80882,116854,"Cobb County, Georgia",48.98349862230524,26.717474535866504,0.49367395589312807,5.491558394650211,0.051083064158264614,10.433586856688786,15.073889846338014
02,230,02339479,0500000US02230,02230,Skagway,Skagway Municipality,AK,Alaska,12,1123881121,28784118,02230,1244,872,10,69,100,0,151,80,"Skagway Municipality, Alaska",70.09646302250803,0.8038585209003215,5.546623794212219,8.038585209003216,0.0,12.138263665594854,6.430868167202572
06,003,01675840,0500000US06003,06003,Alpine,Alpine County,CA,California,06,1912292607,12557304,06003,1616,986,0,426,36,0,146,216,"Alpine County, California",61.01485148514851,0.0,26.361386138613863,2.2277227722772275,0.0,9.034653465346535,13.366336633663368
19,041,00465625,0500000US19041,19041,Clay,Clay County,IA,Iowa,06,1469139465,13866648,19041,16461,15285,45,26,124,0,659,781,"Clay County, Iowa",92.8558410789138,0.2733734281027884,0.15794909179272218,0.7532956685499058,0.0,4.003401980438612,4.744547718850617
22,089,01629449,0500000US22089,22089,St. Charles,St. Charles Parish,LA,Louisiana,15,719347894,308635080,22089,51396,32857,11356,486,429,8,4140,4229,"St. Charles Parish, Louisiana",63.9290995408203,22.095104677406802,0.9455988792902171,0.8346953070277843,0.015565413650867773,8.05510156432407,8.228266791189975
46,117,01266998,0500000US46117,46117,Stanley,Stanley County,SD,South Dakota,06,3741060758,188383651,46117,3015,2655,3,78,0,0,247,66,"Stanley County, South Dakota",88.05970149253731,0.09950248756218905,2.587064676616915,0.0,0.0,8.192371475953566,2.1890547263681595
55,101,01581111,0500000US55101,55101,Racine,Racine County,WI,Wisconsin,06,861537604,1190103013,55101,197532,142655,20827,920,2370,161,23315,29754,"Racine County, Wisconsin",72.21867849259867,10.543608124253286,0.46574732195289875,1.1998056011177936,0.08150578134175729,11.803150881882429,15.062875888463642
31,175,00835909,0500000US31175,31175,Valley,Valley County,NE,Nebraska,06,1471402764,6076916,31175,4066,3876,7,42,6,0,44,119,"Valley County, Nebraska",95.32710280373831,0.1721593703885883,1.0329562223315296,0.14756517461878996,0.0,1.0821446138711266,2.9267092966060013
26,101,01622993,0500000US26101,26101,Manistee,Manistee County,MI,Michigan,06,1404616367,1912438858,26101,25350,22442,859,324,104,14,1515,904,"Manistee County, Michigan",88.52859960552269,3.388560157790927,1.2781065088757397,0.41025641025641024,0.055226824457593686,5.976331360946745,3.5660749506903353
39,077,01074051,0500000US39077,39077,Huron,Huron County,OH,Ohio,06,1274903645,8628942,39077,58319,53468,477,21,239,0,3328,4297,"Huron County, Ohio",91.68195613779386,0.8179152591779695,0.036008847888338275,0.40981498311013564,0.0,5.706545036780466,7.368096160770932
48,051,01383811,0500000US48051,48051,Burleson,Burleson County,TX,Texas,06,1707015413,46043534,48051,18857,13131,2002,128,180,0,2636,4276,"Burleson County, Texas",69.63461844407912,10.616747096568915,0.6787930211592512,0.9545526860051969,0.0,13.97889377949833,22.675929363101236
18,147,00450388,0500000US18147,18147,Spencer,Spencer County,IN,Indiana,06,1027934786,11968675,18147,19955,18688,113,31,49,0,818,721,"Spencer County, Indiana",93.65071410674017,0.5662741167627161,0.15534953645702831,0.2455524931094964,0.0,4.0992232523177154,3.613129541468304
28,103,00695774,0500000US28103,28103,Noxubee,Noxubee County,MS,Mississippi,06,1800451921,12487951,28103,10025,2552,7374,14,8,0,70,38,"Noxubee County, Mississippi",25.45635910224439,73.55610972568579,0.1396508728179551,0.07980049875311722,0.0,0.6982543640897756,0.3790523690773067
36,021,00974109,0500000US36021,36021,Columbia,Columbia County,NY,New York,06,1643770716,35071400,36021,61100,50909,2208,119,1323,7,4681,3827,"Columbia County, New York",83.32078559738135,3.613747954173486,0.19476268412438627,2.165302782324059,0.011456628477905073,7.661211129296236,6.263502454991817
38,035,01034218,0500000US38035,38035,Grand Forks,Grand Forks County,ND,North Dakota,06,3719806622,8267352,38035,72923,60573,2820,1347,2020,28,5200,3919,"Grand Forks County, North Dakota",83.0643281269284,3.8670926868066315,1.8471538472086997,2.770045116081346,0.038396664975385,7.130809209714356,5.374161787090493
13,017,00351606,0500000US13017,13017,Ben Hill,Ben Hill County,GA,Georgia,06,647802123,9814374,13017,17089,9595,6497,32,74,0,691,1162,"Ben Hill County, Georgia",56.147229211773656,38.018608461583476,0.18725495933056352,0.43302709345192814,0.0,4.043536778044356,6.799695710691088
29,095,00758502,0500000US29095,29095,Jackson,Jackson County,MO,Missouri,06,1565698756,30621016,29095,719976,442912,159603,2949,13214,1783,71124,82126,"Jackson County, Missouri",61.51760614242697,22.167822260742025,0.4095969865662189,1.8353389557429691,0.24764714379368202,9.878662622087402,11.40676911452604
35,021,00933055,0500000US35021,35021,Harding,Harding County,NM,New Mexico,06,5504963122,1162620,35021,741,396,13,1,0,0,145,270,"Harding County, New Mexico",53.441295546558706,1.7543859649122806,0.1349527665317139,0.0,0.0,19.568151147098515,36.43724696356275
37,187,01026331,0500000US37187,37187,Washington,Washington County,NC,North Carolina,06,897456201,195282199,37187,10812,4901,5182,10,5,0,427,436,"Washington County, North Carolina",45.32926378098409,47.92822789493156,0.0924898261191269,0.04624491305956345,0.0,3.9493155752867186,4.0325564187939325
47,145,01639785,0500000US47145,47145,Roane,Roane County,TN,Tennessee,06,934385981,88599487,47145,55208,50301,1409,153,359,0,2705,1357,"Roane County, Tennessee",91.11179539197218,2.552166352702507,0.2771337487320678,0.6502680770902768,0.0,4.899652224315316,2.457977104767425
55,041,01581080,0500000US55041,55041,Forest,Forest County,WI,Wisconsin,06,2626936100,83536591,55041,9369,7314,39,1061,8,10,753,206,"Forest County, Wisconsin",78.06596221581812,0.4162664105027218,11.324581065215071,0.08538798164158394,0.10673497705197994,8.03714377201409,2.1987405272707865
51,147,01492359,0500000US51147,51147,Prince Edward,Prince Edward County,VA,Virginia,06,906356801,10079281,51147,21996,13675,6549,86,242,251,1043,1078,"Prince Edward County, Virginia",62.17039461720313,29.77359519912711,0.39098017821422076,1.100200036370249,1.1411165666484817,4.741771231132933,4.900891071103837
40,115,01101845,0500000US40115,40115,Ottawa,Ottawa County,OK,Oklahoma,06,1219410535,35714103,40115,30341,19188,343,5712,255,227,3676,1859,"Ottawa County, Oklahoma",63.24115882798853,1.130483504169276,18.826011008206716,0.8404469200092284,0.7481625523219406,12.115619129231074,6.127022840381002
26,015,01622950,0500000US26015,26015,Barry,Barry County,MI,Michigan,06,1432533268,61999481,26015,63409,58772,214,176,379,46,2992,2337,"Barry County, Michigan",92.68715797442003,0.33749152328533805,0.27756312195429667,0.5977069501174912,0.07254490687441846,4.718573073223044,3.685596681859042
26,113,01622999,0500000US26113,26113,Missaukee,Missaukee County,MI,Michigan,06,1462793670,23588781,26113,15207,13946,44,27,72,0,985,521,"Missaukee County, Michigan",91.7077661603209,0.2893404353258368,0.17754981258630895,0.47346616689682386,0.0,6.477280199907937,3.4260537910172943
25,007,00606930,0500000US25007,25007,Dukes,Dukes County,MA,Massachusetts,06,267292993,1004291414,25007,20933,16860,574,222,309,0,2250,682,"Dukes County, Massachusetts",80.54268380069746,2.742081880284718,1.0605264415038456,1.4761381550661634,0.0,10.748578799025463,3.25801366263794
20,209,00485065,0500000US20209,20209,Wyandotte,Wyandotte County,KS,Kansas,06,392739381,11801597,20209,167654,69718,30971,2911,8846,344,28953,57135,"Wyandotte County, Kansas",41.5844536963031,18.473164970713494,1.7363140754172284,5.27634294439739,0.20518448709842893,17.269495508607015,34.07911532083935
38,071,01034215,0500000US38071,38071,Ramsey,Ramsey County,ND,North Dakota,06,3070086478,299504065,38071,11556,9415,114,1105,99,11,754,328,"Ramsey County, North Dakota",81.47282796815507,0.9865005192107996,9.562132225683627,0.8566978193146416,0.09518864659051575,6.524749048113534,2.8383523710626513
47,035,01639736,0500000US47035,47035,Cumberland,Cumberland County,TN,Tennessee,06,1764575268,9098322,47035,63553,59603,544,49,221,178,2499,2250,"Cumberland County, Tennessee",93.7847151196639,0.8559784746589462,0.07710100231303006,0.34774125533019684,0.28008119207590515,3.932151117964534,3.5403521470268906
51,043,01690562,0500000US51043,51043,Clarke,Clarke County,VA,Virginia,06,455729731,5685740,51043,15216,12754,964,48,149,0,751,1184,"Clarke County, Virginia",83.81966351209253,6.335436382754994,0.31545741324921134,0.9792323869610936,0.0,4.9355941114616195,7.781282860147214
49,055,01448041,0500000US49055,49055,Wayne,Wayne County,UT,Utah,06,6374203167,14660837,49055,2584,2379,9,0,0,0,193,78,"Wayne County, Utah",92.06656346749226,0.348297213622291,0.0,0.0,0.0,7.469040247678019,3.018575851393189
30,097,01719569,0500000US30097,30097,Sweet Grass,Sweet Grass County,MT,Montana,06,4805816390,17455905,30097,3720,3376,39,63,7,0,178,45,"Sweet Grass County, Montana",90.75268817204301,1.0483870967741937,1.6935483870967745,0.1881720430107527,0.0,4.78494623655914,1.2096774193548387
30,043,01720045,0500000US30043,30043,Jefferson,Jefferson County,MT,Montana,06,4291603026,6256292,30043,12774,11717,4,188,50,0,698,380,"Jefferson County, Montana",91.72537967746986,0.03131360576170346,1.4717394708000626,0.39142007202129325,0.0,5.464224205417254,2.9747925473618286
39,175,01074099,0500000US39175,39175,Wyandot,Wyandot County,OH,Ohio,06,1053812244,1783532,39175,21598,20440,52,2,25,0,767,674,"Wyandot County, Ohio",94.63839244374479,0.24076303361422355,0.009260116677470136,0.1157514584683767,0.0,3.5512547458097976,3.1206593203074355
72,027,01804493,0500000US72027,72027,Camuy,Camuy Municipio,PR,Puerto Rico,13,120058676,40429657,72027,32734,22755,623,105,0,0,3742,32559,"Camuy Municipio, Puerto Rico",69.51487749740332,1.9032198936885194,0.32076739781267183,0.0,0.0,11.431539072523982,99.46538767031221
51,077,01501196,0500000US51077,51077,Grayson,Grayson County,VA,Virginia,06,1144218747,9792929,51077,15287,13405,841,0,157,0,773,641,"Grayson County, Virginia",87.68888598155296,5.501406423758749,0.0,1.027016419179695,0.0,5.056584025642703,4.193105252829201
13,215,00357428,0500000US13215,13215,Muscogee,Muscogee County,GA,Georgia,06,560731675,11683933,13215,203711,77525,95710,355,5550,363,16447,17357,"Muscogee County, Georgia",38.05636416295635,46.983226237169326,0.1742664853640697,2.724447869776301,0.1781936174286121,8.073692633191138,8.520403905532838
42,083,01210235,0500000US42083,42083,McKean,McKean County,PA,Pennsylvania,06,2537395974,13034578,42083,39904,37055,902,19,285,0,1379,784,"McKean County, Pennsylvania",92.86036487570169,2.2604250200481157,0.04761427425821973,0.7142141138732959,0.0,3.4557939053728948,1.9647153167602245
21,223,00516958,0500000US21223,21223,Trimble,Trimble County,KY,Kentucky,06,382723828,21257574,21223,8550,7879,97,9,24,0,407,254,"Trimble County, Kentucky",92.15204678362574,1.1345029239766082,0.10526315789473684,0.2807017543859649,0.0,4.760233918128655,2.9707602339181287
45,075,01248014,0500000US45075,45075,Orangeburg,Orangeburg County,SC,South Carolina,06,2865498666,55708305,45075,83253,28290,50605,232,832,16,2434,2231,"Orangeburg County, South Carolina",33.980757450181976,60.784596350882246,0.2786686365656493,0.9993633863043975,0.01921852665969995,2.923618368106855,2.679783311111912
02,185,01419978,0500000US02185,02185,North Slope,North Slope Borough,AK,Alaska,04,230052127560,15551055437,02185,10810,3401,194,5413,598,210,884,583,"North Slope Borough, Alaska",31.461609620721553,1.7946345975948197,50.07400555041628,5.531914893617021,1.942645698427382,8.177613320999075,5.393154486586494
21,137,00516915,0500000US21137,21137,Lincoln,Lincoln County,KY,Kentucky,06,862215215,9037597,21137,24504,22651,495,1,23,0,1021,523,"Lincoln County, Kentucky",92.43796931113287,2.0200783545543586,0.004080966372837088,0.09386222657525302,0.0,4.166666666666666,2.1343454129937967
50,023,01461768,0500000US50023,50023,Washington,Washington County,VT,Vermont,06,1779477072,21517931,50023,60017,55238,524,24,518,0,3123,1664,"Washington County, Vermont",92.03725611076862,0.8730859589782894,0.03998866987686822,0.8630887915090724,0.0,5.203525667727478,2.77254777812953
08,091,00198161,0500000US08091,08091,Ouray,Ouray County,CO,Colorado,06,1400332623,3986292,08091,5087,4563,77,0,25,0,385,308,"Ouray County, Colorado",89.69923333988599,1.5136622763908,0.0,0.491448791035974,0.0,7.568311381954,6.0546491055632
27,095,00659493,0500000US27095,27095,Mille Lacs,Mille Lacs County,MN,Minnesota,06,1482264580,282932408,27095,27125,24099,123,1196,257,8,1188,625,"Mille Lacs County, Minnesota",88.84423963133641,0.45345622119815665,4.409216589861751,0.9474654377880185,0.029493087557603687,4.379723502304148,2.3041474654377883
48,049,01383810,0500000US48049,48049,Brown,Brown County,TX,Texas,06,2446120248,32375524,48049,38347,28670,1408,69,228,11,6599,8617,"Brown County, Texas",74.76464912509454,3.6717344251180015,0.1799358489581975,0.594570631340131,0.028685425196234387,17.208647351813703,22.471118992359244
20,109,00485019,0500000US20109,20109,Logan,Logan County,KS,Kansas,06,2779039723,274632,20109,2707,2405,0,25,17,0,178,200,"Logan County, Kansas",88.84373845585519,0.0,0.9235315847801995,0.6280014776505356,0.0,6.57554488363502,7.388252678241596
20,061,00484999,0500000US20061,20061,Geary,Geary County,KS,Kansas,06,996243013,51658044,20061,35815,21186,5237,241,1110,390,5969,6050,"Geary County, Kansas",59.15398576015636,14.622364930894877,0.6729024151891665,3.0992600865559123,1.0889292196007259,16.666201312299318,16.892363534831777
38,099,01034214,0500000US38099,38099,Walsh,Walsh County,ND,North Dakota,06,3319346400,32181390,38099,10396,8657,85,134,94,0,1150,1363,"Walsh County, North Dakota",83.27241246633321,0.8176221623701423,1.2889572912658713,0.9041939207387457,0.0,11.061946902654867,13.110811850711812
13,183,00326719,0500000US13183,13183,Long,Long County,GA,Georgia,06,1037028629,8862019,13183,18374,10025,4413,13,134,99,2435,2405,"Long County, Georgia",54.5607924240775,24.017633612713617,0.0707521497768586,0.7292913900076194,0.5388048329160771,13.252421900511594,13.089147708718842
46,091,01265759,0500000US46091,46091,Marshall,Marshall County,SD,South Dakota,06,2170620943,124689684,46091,4344,3670,19,255,8,0,279,278,"Marshall County, South Dakota",84.48434622467772,0.43738489871086556,5.870165745856354,0.1841620626151013,0.0,6.422651933701657,6.39963167587477
47,155,01639789,0500000US47155,47155,Sevier,Sevier County,TN,Tennessee,06,1534599867,13427921,47155,99652,85838,1184,161,1295,36,6258,9577,"Sevier County, Tennessee",86.13775940272147,1.1881347087865772,0.16156223658330993,1.2995223377353189,0.03612571749688917,6.279853891542568,9.610444346325211
54,075,01550044,0500000US54075,54075,Pocahontas,Pocahontas County,WV,West Virginia,06,2435206742,4094092,54075,7784,7295,42,77,10,0,323,131,"Pocahontas County, West Virginia",93.71788283658788,0.539568345323741,0.9892086330935251,0.12846865364850976,0.0,4.149537512846865,1.682939362795478
39,083,01074054,0500000US39083,39083,Knox,Knox County,OH,Ohio,06,1361036418,10721050,39083,63142,59106,606,9,506,1,2228,1288,"Knox County, Ohio",93.60805802793703,0.9597415349529632,0.01425358715276678,0.8013683443666656,0.0015837319058629755,3.5285546862627095,2.0398466947515126
51,183,01690257,0500000US51183,51183,Sussex,Sussex County,VA,Virginia,06,1269679003,6740704,51183,10765,4382,5823,17,58,0,432,120,"Sussex County, Virginia",40.705991639572694,54.09196470041802,0.1579191825359963,0.538783093358105,0.0,4.013005109150023,1.1147236414305621
51,097,01480136,0500000US51097,51097,King and Queen,King and Queen County,VA,Virginia,06,816232770,28929275,51097,6695,4504,1463,47,5,0,563,221,"King and Queen County, Virginia",67.2740851381628,21.8521284540702,0.70201643017177,0.07468259895444362,0.0,8.40926064227035,3.300970873786408
29,057,00758483,0500000US29057,29057,Dade,Dade County,MO,Missouri,06,1269120978,42072597,29057,7641,7077,32,31,10,1,476,175,"Dade County, Missouri",92.61876717707106,0.4187933516555425,0.40570605941630683,0.130872922392357,0.013087292239235703,6.229551105876195,2.290276141866248
50,027,01461770,0500000US50027,50027,Windsor,Windsor County,VT,Vermont,06,2510071977,19366112,50027,57990,53730,291,44,596,3,3148,1327,"Windsor County, Vermont",92.6539058458355,0.5018106570098293,0.07587515088808415,1.0277634074840492,0.005173305742369374,5.42852215899293,2.2883255733747196
25,005,00606929,0500000US25005,25005,Bristol,Bristol County,MA,Massachusetts,06,1432549560,357457333,25005,582270,447540,25982,1323,14233,161,57826,59389,"Bristol County, Massachusetts",76.86124993559689,4.46219107973964,0.22721417898912874,2.4443986466759404,0.02765040273412678,9.931131605612517,10.199563776255003
29,105,00758507,0500000US29105,29105,Laclede,Laclede County,MO,Missouri,06,1980373787,8720826,29105,36390,33231,209,118,275,101,2126,1086,"Laclede County, Missouri",91.31904369332234,0.5743336081341027,0.32426490794174223,0.7557021159659247,0.277548777136576,5.842264358340203,2.9843363561417973
22,117,00559557,0500000US22117,22117,Washington,Washington Parish,LA,Louisiana,15,1734352072,16140411,22117,45120,28473,12151,224,37,132,3762,1508,"Washington Parish, Louisiana",63.10505319148936,26.930407801418436,0.4964539007092199,0.08200354609929078,0.2925531914893617,8.337765957446809,3.3421985815602837
31,087,00835865,0500000US31087,31087,Hitchcock,Hitchcock County,NE,Nebraska,06,1838742669,22103381,31087,2569,2422,1,7,17,0,96,108,"Hitchcock County, Nebraska",94.27792915531336,0.038925652004671074,0.2724795640326975,0.6617360840794083,0.0,3.7368625924484236,4.203970416504477
39,085,01074055,0500000US39085,39085,Lake,Lake County,OH,Ohio,06,593807527,1942301385,39085,232216,198440,11492,302,3443,101,13690,12314,"Lake County, Ohio",85.4549212801874,4.94884073448858,0.13005133151893067,1.4826713060254246,0.04349398835566886,5.895373273159472,5.302821511006994
15,001,00365280,0500000US15001,15001,Hawaii,Hawaii County,HI,Hawaii,06,10433586969,2739520971,15001,205769,63553,1678,921,42748,25749,66905,24003,"Hawaii County, Hawaii",30.885604731519322,0.8154775500682804,0.4475892870160228,20.77475227075021,12.513546744164572,32.514615904242135,11.665022428062537
48,347,01383959,0500000US48347,48347,Nacogdoches,Nacogdoches County,TX,Texas,06,2450966942,89731149,48347,65162,40377,10903,299,554,26,9081,14101,"Nacogdoches County, Texas",61.964028114545286,16.73214450139652,0.4588563886927964,0.8501887603204321,0.03990055553850404,13.936036340198275,21.639912832632515
45,065,01248012,0500000US45065,45065,McCormick,McCormick County,SC,South Carolina,06,929457508,89976619,45065,9760,5477,3913,4,16,10,276,80,"McCormick County, South Carolina",56.11680327868852,40.0922131147541,0.040983606557377046,0.16393442622950818,0.10245901639344263,2.8278688524590163,0.819672131147541
46,121,01266989,0500000US46121,46121,Todd,Todd County,SD,South Dakota,06,3596439524,5855476,46121,9244,747,41,7739,287,5,398,224,"Todd County, South Dakota",8.08091735179576,0.44353093898745133,83.71916919082648,3.1047165729121593,0.05408913890090869,4.3054954565123325,2.4231934227607095
17,019,00424211,0500000US17019,17019,Champaign,Champaign County,IL,Illinois,06,2579898018,6110542,17019,208741,134024,28079,381,23898,43,18298,17249,"Champaign County, Illinois",64.2058819302389,13.451597913203445,0.182522839308042,11.448637306518604,0.020599690525579546,8.76588691248964,8.263350276179573
30,061,01720030,0500000US30061,30061,Mineral,Mineral County,MT,Montana,06,3158799812,9897218,30061,4959,4556,9,71,14,0,280,185,"Mineral County, Montana",91.87336156483163,0.18148820326678766,1.4317402702157693,0.28231498285944745,0.0,5.646299657188949,3.730590844928413
46,031,01265811,0500000US46031,46031,Corson,Corson County,SD,South Dakota,06,6396478610,155287098,46031,3806,1138,0,2538,0,0,116,20,"Corson County, South Dakota",29.900157645822382,0.0,66.68418286915396,0.0,0.0,3.047819232790331,0.5254860746190226
21,143,00516918,0500000US21143,21143,Lyon,Lyon County,KY,Kentucky,06,553700579,110705475,21143,8900,7860,602,36,48,0,308,194,"Lyon County, Kentucky",88.31460674157303,6.764044943820224,0.40449438202247195,0.5393258426966292,0.0,3.460674157303371,2.1797752808988764
21,093,00516893,0500000US21093,21093,Hardin,Hardin County,KY,Kentucky,06,1615891721,16123680,21093,111942,84992,12535,238,2471,128,9851,7273,"Hardin County, Kentucky",75.92503260617104,11.197763127333799,0.2126101016597881,2.2073931142913295,0.11434492862375159,8.800092905254507,6.497114577191759
31,173,00835908,0500000US31173,31173,Thurston,Thurston County,NE,Nebraska,06,1019377275,6458648,31173,6627,2418,18,3630,93,0,363,322,"Thurston County, Nebraska",36.48709823449525,0.2716161158895428,54.77591670439112,1.403349932095971,0.0,5.4775916704391125,4.858910517579599
13,305,00350608,0500000US13305,13305,Wayne,Wayne County,GA,Georgia,06,1662287070,17768149,13305,30949,21989,6091,24,402,12,1364,1937,"Wayne County, Georgia",71.04914536818637,19.680765129729554,0.07754693204950079,1.2989111118291383,0.038773466024750396,4.407250638146628,6.258683640828459
48,115,01383843,0500000US48115,48115,Dawson,Dawson County,TX,Texas,06,2331781562,4720730,48115,12134,6001,815,23,63,4,3336,6770,"Dawson County, Texas",49.456073842096586,6.716663919564859,0.18955002472391627,0.519202241635075,0.032965221691115876,27.492994890390637,55.79363771221362
22,031,00558521,0500000US22031,22031,De Soto,De Soto Parish,LA,Louisiana,15,2269992650,46989193,22031,27026,16065,9388,125,94,0,1226,863,"De Soto Parish, Louisiana",59.44275882483534,34.73692000296011,0.4625175756678754,0.3478132169022423,0.0,4.536372382150522,3.1932213424110114
24,017,01676992,0500000US24017,24017,Charles,Charles County,MD,Maryland,06,1185763588,479433084,24017,170527,56930,83988,1053,5699,141,18490,13500,"Charles County, Maryland",33.3847425920822,49.252024606074116,0.6174975223864843,3.341992763609282,0.08268485342497083,10.842857729274543,7.916634902390824
17,131,01784750,0500000US17131,17131,Mercer,Mercer County,IL,Illinois,06,1453604388,19411909,17131,15495,14589,93,14,56,0,569,534,"Mercer County, Illinois",94.15295256534367,0.6001936108422072,0.09035172636334302,0.36140690545337206,0.0,3.6721523071958693,3.446272991287512
19,011,00465195,0500000US19011,19011,Benton,Benton County,IA,Iowa,06,1854696288,5857896,19011,25724,24375,107,26,60,0,837,507,"Benton County, Iowa",94.7558700046649,0.4159539729435547,0.10107292800497589,0.2332452184730213,0.0,3.253770797698647,1.97092209609703
46,041,01266994,0500000US46041,46041,Dewey,Dewey County,SD,South Dakota,06,5963127471,370089902,46041,5205,1094,27,3862,3,0,219,54,"Dewey County, South Dakota",21.01825168107589,0.5187319884726225,74.19788664745437,0.05763688760806917,0.0,4.207492795389049,1.037463976945245
47,031,01639735,0500000US47031,47031,Coffee,Coffee County,TN,Tennessee,06,1111010401,14479480,47031,59710,51977,2526,14,764,18,3460,3770,"Coffee County, Tennessee",87.04907050745268,4.230447161279518,0.023446658851113716,1.2795176687322056,0.030145704237146208,5.794674258918104,6.313850276335622
47,189,01639802,0500000US47189,47189,Wilson,Wilson County,TN,Tennessee,06,1479109875,29878235,47189,158805,128404,11470,426,3618,21,9725,10359,"Wilson County, Tennessee",80.85639620918737,7.222694499543465,0.2682535184660433,2.2782657976763954,0.01322376499480495,6.123862598784673,6.523094361008784
32,011,00858640,0500000US32011,32011,Eureka,Eureka County,NV,Nevada,06,10814982421,11058701,32011,1585,1323,2,76,43,0,120,86,"Eureka County, Nevada",83.47003154574134,0.12618296529968456,4.794952681388013,2.7129337539432177,0.0,7.570977917981073,5.425867507886435
37,199,01008598,0500000US37199,37199,Yancey,Yancey County,NC,North Carolina,06,809610024,1524558,37199,18797,17315,157,38,86,0,720,1091,"Yancey County, North Carolina",92.11576315369474,0.8352396659041337,0.20215991913603237,0.45751981699207317,0.0,3.830398467840613,5.804117678352929
42,097,01209186,0500000US42097,42097,Northumberland,Northumberland County,PA,Pennsylvania,06,1185380649,50638539,42097,90560,81389,2372,91,382,0,4099,4702,"Northumberland County, Pennsylvania",89.87301236749117,2.6192579505300353,0.10048586572438162,0.4218197879858657,0.0,4.526280918727915,5.192137809187279
09,150,02830250,0500000US09150,09150,Northeastern Connecticut,Northeastern Connecticut Planning Region,CT,Connecticut,PL,1434573470,23995619,09150,96312,84078,1391,236,1300,58,7222,5051,"Northeastern Connecticut Planning Region, Connecticut",87.2975330176925,1.4442644737935044,0.24503696320292384,1.3497798820500042,0.06022094858376941,7.498546390896253,5.244413987872747
42,109,01213686,0500000US42109,42109,Snyder,Snyder County,PA,Pennsylvania,06,851547200,7158854,42109,39668,37487,259,6,258,118,1300,1035,"Snyder County, Pennsylvania",94.50186548351316,0.6529192296057276,0.015125541998588284,0.6503983059392962,0.29746899263890286,3.2772007663607945,2.609155994756479
29,149,00758529,0500000US29149,29149,Oregon,Oregon County,MO,Missouri,06,2045687598,4528441,29149,8673,8061,7,15,52,3,521,132,"Oregon County, Missouri",92.94361812521619,0.08071025020177562,0.17295053614666206,0.5995618586417618,0.03459010722933241,6.007148622160729,1.5219647180906262
21,189,00516941,0500000US21189,21189,Owsley,Owsley County,KY,Kentucky,06,511268801,2299985,21189,3971,3794,0,0,7,0,170,3,"Owsley County, Kentucky",95.54268446235206,0.0,0.0,0.17627801561319567,0.0,4.281037522034752,0.07554772097708386
17,051,00424227,0500000US17051,17051,Fayette,Fayette County,IL,Illinois,06,1855578065,22920396,17051,21315,18936,692,71,33,12,1506,650,"Fayette County, Illinois",88.83884588318087,3.246539995308468,0.33309875674407696,0.15482054890921887,0.05629838142153413,7.0654468684025336,3.0494956603330987
19,183,00465280,0500000US19183,19183,Washington,Washington County,IA,Iowa,06,1473258541,5339036,19183,22561,20337,236,2,87,4,1181,1749,"Washington County, Iowa",90.14228092726387,1.046052923186029,0.008864855281237535,0.3856212047338327,0.01772971056247507,5.234697043570764,7.752315943442223
51,730,01498435,0500000US51730,51730,Petersburg,Petersburg city,VA,Virginia,25,58845730,577678,51730,33537,5094,25663,22,433,31,1742,2183,"Petersburg city, Virginia",15.189194024510241,76.52145391656975,0.065599188955482,1.2911113098965321,0.09243522080090646,5.194263052747711,6.5092286131735095
48,391,01383981,0500000US48391,48391,Refugio,Refugio County,TX,Texas,06,1995545557,123688759,48391,6707,3799,480,19,0,0,2020,3382,"Refugio County, Texas",56.6423140002982,7.156701953183241,0.28328611898017,0.0,0.0,30.117787386312806,50.42492917847026
18,097,00450371,0500000US18097,18097,Marion,Marion County,IN,Indiana,06,1027084080,16703563,18097,975809,506230,267690,5651,39759,224,93959,134243,"Marion County, Indiana",51.87798021948967,27.432622572655102,0.5791092314172138,4.074465392305257,0.022955311951416722,9.628831051978409,13.757097956669801
39,071,01074048,0500000US39071,39071,Highland,Highland County,OH,Ohio,06,1432479979,12194983,39071,43517,41415,515,34,58,0,1401,531,"Highland County, Ohio",95.16970379391961,1.1834455500149368,0.07813038582622883,0.1332812464094492,0.0,3.2194314865454885,1.2202127904037503
21,031,00516862,0500000US21031,21031,Butler,Butler County,KY,Kentucky,06,1103624033,13891042,21031,12393,11481,2,0,31,0,732,656,"Butler County, Kentucky",92.64100702009199,0.016138142499798273,0.0,0.25014120874687323,0.0,5.906560154926168,5.293310739933833
20,107,00485018,0500000US20107,20107,Linn,Linn County,KS,Kansas,06,1538662702,31893232,20107,9767,9136,142,20,24,11,361,303,"Linn County, Kansas",93.5394696426743,1.4538752943585542,0.2047711682195147,0.2457254018634176,0.11262414252073308,3.6961195863622405,3.1022831985256474
55,059,01581089,0500000US55059,55059,Kenosha,Kenosha County,WI,Wisconsin,06,704044387,1248872159,55059,168438,126687,10300,663,3108,12,21338,25582,"Kenosha County, Wisconsin",75.21283795818046,6.115009677151237,0.39361664232536603,1.8451893278238878,0.007124283119011149,12.668162766121661,15.187784229211934
24,011,00595737,0500000US24011,24011,Caroline,Caroline County,MD,Maryland,06,827350253,16777065,24011,33669,24605,4340,358,251,7,2863,3122,"Caroline County, Maryland",73.07909352817131,12.89019572900888,1.0632926430841427,0.7454928866316196,0.02079063827259497,8.503371053491342,9.272624669577356
17,049,00424226,0500000US17049,17049,Effingham,Effingham County,IL,Illinois,06,1240005910,3174585,17049,34522,33062,101,25,297,0,759,955,"Effingham County, Illinois",95.77081281501651,0.29256705868721394,0.07241758878396384,0.8603209547534905,0.0,2.1985979954811423,2.7663518915474192
26,155,01623018,0500000US26155,26155,Shiawassee,Shiawassee County,MI,Michigan,06,1375198040,25833543,26155,67991,63964,294,151,304,0,2808,2144,"Shiawassee County, Michigan",94.07715727081526,0.4324101719345208,0.22208821755820624,0.4471180009118854,0.0,4.129958376843994,3.153358532746981
13,263,00326757,0500000US13263,13263,Talbot,Talbot County,GA,Georgia,06,1013662778,8766848,13263,5742,2319,3083,1,4,0,267,36,"Talbot County, Georgia",40.38662486938349,53.692093347265754,0.017415534656913968,0.06966213862765587,0.0,4.649947753396029,0.6269592476489028
47,001,01639722,0500000US47001,47001,Anderson,Anderson County,TN,Tennessee,06,873359909,19657734,47001,79153,68854,2662,248,1112,10,5152,3226,"Anderson County, Tennessee",86.98849064470076,3.3631068942427955,0.3133172463456849,1.4048741045822648,0.012633759933293746,6.508913117632939,4.075650954480563
72,001,01804480,0500000US72001,72001,Adjuntas,Adjuntas Municipio,PR,Puerto Rico,13,172726407,1051110,72001,17960,14390,243,0,0,0,1849,17895,"Adjuntas Municipio, Puerto Rico",80.12249443207126,1.3530066815144766,0.0,0.0,0.0,10.29510022271715,99.6380846325167
01,087,00161569,0500000US01087,01087,Macon,Macon County,AL,Alabama,06,1576435599,11765503,01087,18691,3218,14498,6,59,0,793,408,"Macon County, Alabama",17.21684233053341,77.5667433524156,0.032101011181852226,0.31565994328821356,0.0,4.242683644534803,2.1828687603659516
08,085,00198158,0500000US08085,08085,Montrose,Montrose County,CO,Colorado,06,5804023556,4923260,08085,43807,33994,215,527,206,1,7044,9427,"Montrose County, Colorado",77.59947040427329,0.4907891432876024,1.2030040861049605,0.4702444814755633,0.002282740201337686,16.079621978222658,21.519391878010364
48,003,01383787,0500000US48003,48003,Andrews,Andrews County,TX,Texas,06,3886850258,957039,48003,18610,10736,298,64,75,0,4703,10707,"Andrews County, Texas",57.68941429339065,1.601289629231596,0.34390112842557763,0.4030091348737238,0.0,25.27135948414831,57.53358409457281
40,133,01101854,0500000US40133,40133,Seminole,Seminole County,OK,Oklahoma,06,1638991327,19963269,40133,23494,15117,842,4445,103,12,2745,1331,"Seminole County, Oklahoma",64.3440878522176,3.583893760108964,18.91972418489827,0.43840980675917257,0.051076870690389034,11.683834170426492,5.665276240742317
35,053,01702371,0500000US35053,35053,Socorro,Socorro County,NM,New Mexico,06,17214061665,4843011,35053,16200,6842,64,1722,294,0,6110,8155,"Socorro County, New Mexico",42.23456790123456,0.39506172839506176,10.62962962962963,1.8148148148148149,0.0,37.71604938271605,50.339506172839506
20,059,00484998,0500000US20059,20059,Franklin,Franklin County,KS,Kansas,06,1480882204,13893465,20059,26106,23647,279,161,160,33,1603,1264,"Franklin County, Kansas",90.58070941546005,1.0687198345207998,0.6167164636482034,0.6128859266069103,0.12640772236267525,6.140350877192982,4.841798820194591
21,161,00516924,0500000US21161,21161,Mason,Mason County,KY,Kentucky,06,621926398,16274514,21161,16956,14739,997,147,158,0,845,402,"Mason County, Kentucky",86.92498230714791,5.879924510497759,0.8669497523000707,0.9318235432885115,0.0,4.98348667138476,2.3708421797593773
27,043,00659467,0500000US27043,27043,Faribault,Faribault County,MN,Minnesota,06,1845313229,24410688,27043,13914,12369,90,27,90,5,920,1128,"Faribault County, Minnesota",88.89607589478223,0.646830530401035,0.19404915912031048,0.646830530401035,0.03593502946672417,6.612045421877245,8.106942647692971
21,193,00516943,0500000US21193,21193,Perry,Perry County,KY,Kentucky,06,879880331,7473919,21193,27499,25765,470,34,165,71,987,67,"Perry County, Kentucky",93.69431615695116,1.7091530601112768,0.12364085966762428,0.6000218189752354,0.25819120695298015,3.589221426233681,0.2436452234626714
37,153,01008581,0500000US37153,37153,Richmond,Richmond County,NC,North Carolina,06,1226849522,15575098,37153,42344,23733,13279,846,418,0,1542,3297,"Richmond County, North Carolina",56.048082372945395,31.359814849801626,1.9979217834876253,0.9871528433780465,0.0,3.6416021160022667,7.786227092386171
33,017,00873182,0500000US33017,33017,Strafford,Strafford County,NH,New Hampshire,06,951743429,39154072,33017,132575,116964,1534,34,3618,25,8919,4248,"Strafford County, New Hampshire",88.2247784273053,1.1570808976051292,0.025645860833490478,2.7290213086931923,0.018857250612860643,6.727512728644164,3.204224024137281
42,057,01213671,0500000US42057,42057,Fulton,Fulton County,PA,Pennsylvania,06,1133252799,1305486,42057,14531,13601,187,6,33,0,484,188,"Fulton County, Pennsylvania",93.59988989057875,1.2869038607115821,0.04129103296400798,0.22710068130204392,0.0,3.3308099924299777,1.2937856995389168
26,045,01622965,0500000US26045,26045,Eaton,Eaton County,MI,Michigan,06,1489783241,10942073,26045,109130,88615,7502,302,2416,29,7722,6891,"Eaton County, Michigan",81.20131952716943,6.874370017410428,0.2767341702556584,2.213873362045267,0.026573811051040043,7.07596444607349,6.3144873087143765
17,067,00424235,0500000US17067,17067,Hancock,Hancock County,IL,Illinois,06,2055798714,53563360,17067,17281,16283,128,23,62,15,586,397,"Hancock County, Illinois",94.22487124587697,0.7406978762803078,0.1330941496441178,0.3587755338232741,0.08680053237659857,3.391007464845784,2.2973207569006426
46,011,01265779,0500000US46011,46011,Brookings,Brookings County,SD,South Dakota,06,2051833298,32942236,46011,35353,31063,401,460,1160,0,1572,1609,"Brookings County, South Dakota",87.86524481656437,1.1342743190111166,1.30116256046163,3.2811925437728053,0.0,4.446581619664526,4.551240347353831
47,163,01639793,0500000US47163,47163,Sullivan,Sullivan County,TN,Tennessee,06,1071072985,41861227,47163,160624,148461,3307,178,1204,0,6331,4217,"Sullivan County, Tennessee",92.42765713716506,2.058845502540094,0.11081781053889829,0.7495766510608627,0.0,3.941503137762725,2.625385994620978
45,051,01248005,0500000US45051,45051,Horry,Horry County,SC,South Carolina,06,2934866247,314858214,45051,383016,293496,45064,1034,5250,330,28607,28001,"Horry County, South Carolina",76.6276082461307,11.765565929360653,0.2699626125279362,1.370699918541262,0.08615828059402218,7.468878584706644,7.310660651252167
26,021,01622953,0500000US26021,26021,Berrien,Berrien County,MI,Michigan,06,1470545554,2625448034,26021,153288,113353,20232,409,2761,33,11988,9697,"Berrien County, Michigan",73.94773237304942,13.198684828558008,0.2668180157611816,1.8011846980846509,0.02152810396117113,7.820573038985438,6.326000730650801
13,233,00343585,0500000US13233,13233,Polk,Polk County,GA,Georgia,06,803775591,4664760,13233,43785,31770,5214,312,301,0,3366,6087,"Polk County, Georgia",72.55909558067832,11.908187735525864,0.7125727989037342,0.6874500399680256,0.0,7.687564234326824,13.902021240150736
18,149,00450389,0500000US18149,18149,Starke,Starke County,IN,Indiana,06,800679821,7929143,18149,23365,21565,126,81,77,0,1063,1016,"Starke County, Indiana",92.29616948427135,0.5392681361010058,0.34667237320778943,0.3295527498395035,0.0,4.549539910121977,4.348384335544618
38,059,01034207,0500000US38059,38059,Morton,Morton County,ND,North Dakota,06,4988026145,49931487,38059,33777,29426,548,1376,46,50,1392,1486,"Morton County, North Dakota",87.11845338543979,1.6224057790804394,4.073778014625336,0.13618734641916097,0.14802972436865322,4.1211475264233055,4.399443408236374
21,037,00516865,0500000US21037,21037,Campbell,Campbell County,KY,Kentucky,06,391916807,20943964,21037,93426,84891,2631,47,891,25,4183,2449,"Campbell County, Kentucky",90.86442746130628,2.8161325541069937,0.050307194999250744,0.9536959732836683,0.026759146276197205,4.4773403549333155,2.621325969216278
21,049,00516871,0500000US21049,21049,Clark,Clark County,KY,Kentucky,06,653924827,6943411,21049,37192,32968,1064,265,367,0,1988,1534,"Clark County, Kentucky",88.64271886427188,2.860830286083029,0.7125188212518822,0.9867713486771349,0.0,5.345235534523553,4.124542912454291
19,145,00465261,0500000US19145,19145,Page,Page County,IA,Iowa,06,1385497642,1359014,19145,15131,13840,259,83,99,2,723,505,"Page County, Iowa",91.46784746546824,1.7117176657193838,0.5485427268521579,0.6542859031128148,0.013217897032582115,4.778269777278435,3.337519000726984
51,131,01480151,0500000US51131,51131,Northampton,Northampton County,VA,Virginia,06,548331040,1511369142,51131,12059,6840,3618,10,129,0,1241,1124,"Northampton County, Virginia",56.72112115432457,30.00248776847168,0.08292561572269674,1.069740442822788,0.0,10.291068911186665,9.320839207231113
22,083,00559481,0500000US22083,22083,Richland,Richland Parish,LA,Louisiana,15,1439031396,22771218,22083,19822,12014,7095,19,12,6,481,455,"Richland Parish, Louisiana",60.60942387246494,35.79356270810211,0.09585309252345878,0.06053879527797396,0.03026939763898698,2.4265967107254567,2.295429320956513
48,159,01383865,0500000US48159,48159,Franklin,Franklin County,TX,Texas,06,736569934,26875120,48159,10632,8261,578,18,33,0,1407,1567,"Franklin County, Texas",77.69939804364184,5.436418359668925,0.16930022573363432,0.31038374717832956,0.0,13.233634311512416,14.738525206922498
36,113,00974154,0500000US36113,36113,Warren,Warren County,NY,New York,06,2246093480,166839689,36113,65517,60511,849,22,621,32,3083,1944,"Warren County, New York",92.35923500770792,1.2958468794358717,0.03357907108078819,0.9478455973258849,0.04884228520841919,4.705648915548636,2.967168826411466
06,101,00277315,0500000US06101,06101,Sutter,Sutter County,CA,California,06,1560975504,14811541,06101,98857,44686,1804,1900,17555,375,17700,32532,"Sutter County, California",45.20266647784173,1.8248581284077001,1.9219680953296174,17.75797363869023,0.3793358082887403,17.904650151228545,32.9081400406648
13,061,00344805,0500000US13061,13061,Clay,Clay County,GA,Georgia,06,506093894,56546964,13061,2850,1063,1725,1,0,0,61,0,"Clay County, Georgia",37.29824561403509,60.526315789473685,0.03508771929824561,0.0,0.0,2.1403508771929824,0.0
39,149,01074087,0500000US39149,39149,Shelby,Shelby County,OH,Ohio,06,1055922235,7802978,39149,47929,44104,1073,41,271,16,2022,835,"Shelby County, Ohio",92.0194454296981,2.238728118675541,0.0855431993156544,0.5654196832815206,0.033382711928060256,4.218740219908615,1.7421602787456445
48,191,01383881,0500000US48191,48191,Hall,Hall County,TX,Texas,06,2288233615,53366403,48191,2820,1698,116,31,12,0,652,1002,"Hall County, Texas",60.21276595744681,4.113475177304964,1.099290780141844,0.425531914893617,0.0,23.120567375886523,35.53191489361702
29,029,00758469,0500000US29029,29029,Camden,Camden County,MO,Missouri,06,1699124111,136304759,29029,43667,40534,386,54,274,0,1735,1526,"Camden County, Missouri",92.82524560881214,0.8839627178418485,0.12366317814367829,0.6274761261364418,0.0,3.973252112579293,3.4946298119861683
39,039,01074032,0500000US39039,39039,Defiance,Defiance County,OH,Ohio,06,1065623072,7100811,39039,38343,33256,633,50,124,109,3103,4270,"Defiance County, Ohio",86.7329108311817,1.6508880369298176,0.13040189865164437,0.323396708656078,0.28427613906058474,8.09274183032105,11.136322144850428
48,027,01383799,0500000US48027,48027,Bell,Bell County,TX,Texas,06,2729408715,94385069,48027,386897,190153,88557,3317,11766,2485,62356,101713,"Bell County, Texas",49.14822291204119,22.88903765084764,0.8573341225183964,3.0411194710736966,0.6422898083986177,16.116951023140523,26.28942586786664
32,021,00858644,0500000US32021,32021,Mineral,Mineral County,NV,Nevada,06,9715777470,155864513,32021,4542,2639,144,954,4,0,593,789,"Mineral County, Nevada",58.10215763980625,3.1704095112285335,21.003963011889034,0.08806693086745927,0.0,13.055922501100836,17.37120211360634
05,127,00069179,0500000US05127,05127,Scott,Scott County,AR,Arkansas,06,2312470680,14373451,05127,9816,8212,110,49,297,5,632,777,"Scott County, Arkansas",83.6593317033415,1.1206193969030154,0.49918500407497957,3.0256723716381417,0.05093724531377343,6.438467807660962,7.915647921760391
06,087,00277308,0500000US06087,06087,Santa Cruz,Santa Cruz County,CA,California,06,1152818088,419720203,06087,264926,159010,2200,3172,12961,442,41912,93346,"Santa Cruz County, California",60.02053403591946,0.8304205702724535,1.1973154767746466,4.892309550591486,0.16683904184564746,15.820266791481394,35.2347447966602
39,101,01074063,0500000US39101,39101,Marion,Marion County,OH,Ohio,06,1045855303,908577,39101,65020,56588,3195,146,395,0,3771,2098,"Marion County, Ohio",87.03168255921256,4.913872654567825,0.2245462934481698,0.6075053829590895,0.0,5.799753921870194,3.226699477083974
17,099,00422247,0500000US17099,17099,LaSalle,LaSalle County,IL,Illinois,06,2940059885,33708940,17099,108714,92952,2796,210,911,10,7736,12161,"LaSalle County, Illinois",85.50140736243722,2.5718858656658754,0.19316739334400354,0.8379785492208915,0.009198447302095406,7.115918832901007,11.186231764078224
12,071,00295758,0500000US12071,12071,Lee,Lee County,FL,Florida,06,2022848995,1900537643,12071,817666,545381,64421,5333,13934,355,151062,202269,"Lee County, Florida",66.69972825089951,7.878644825637853,0.6522223010373428,1.70411879667248,0.043416260429074954,18.474780656160338,24.737362199235385
48,321,01383943,0500000US48321,48321,Matagorda,Matagorda County,TX,Texas,06,2831173987,1345214023,48321,36329,19089,3750,128,650,16,6717,15889,"Matagorda County, Texas",52.54479892097223,10.322332021250242,0.3523355996586749,1.7892042170167086,0.04404194995733436,18.48936111646343,43.73640892950535
05,013,00063758,0500000US05013,05013,Calhoun,Calhoun County,AR,Arkansas,06,1628067843,9887802,05013,4704,3458,809,30,8,0,399,140,"Calhoun County, Arkansas",73.51190476190477,17.19812925170068,0.6377551020408163,0.17006802721088435,0.0,8.482142857142858,2.976190476190476
38,105,01035306,0500000US38105,38105,Williams,Williams County,ND,North Dakota,06,5380959390,181836633,38105,39555,31591,1858,1218,481,50,3078,4028,"Williams County, North Dakota",79.86600935406396,4.697256983946404,3.079256731133864,1.2160283150044242,0.12640626975097966,7.781569965870307,10.18328909113892
38,051,01034211,0500000US38051,38051,McIntosh,McIntosh County,ND,North Dakota,06,2524106808,51795568,38051,2497,2307,2,41,21,0,42,82,"McIntosh County, North Dakota",92.39086904285142,0.08009611533840609,1.6419703644373247,0.841009211053264,0.0,1.682018422106528,3.2839407288746494
05,039,00066849,0500000US05039,05039,Dallas,Dallas County,AR,Arkansas,06,1728358298,1731378,05039,6242,3289,2657,0,8,0,265,71,"Dallas County, Arkansas",52.691445049663564,42.56648510092919,0.0,0.12816404998397948,0.0,4.2454341557193205,1.137455943607818
01,069,00161560,0500000US01069,01069,Houston,Houston County,AL,Alabama,06,1501742235,4795415,01069,108140,69848,29442,303,1157,45,5813,4984,"Houston County, Alabama",64.59034584797485,27.225818383576843,0.2801923432587387,1.0699093767338634,0.04161272424634733,5.3754392454226005,4.6088403920843355
48,505,01384038,0500000US48505,48505,Zapata,Zapata County,TX,Texas,06,2585876042,154371160,48505,13841,2924,20,0,84,0,9749,12999,"Zapata County, Texas",21.125641210895164,0.14449822989668376,0.0,0.6068925655660717,0.0,70.4356621631385,93.91662452134962
41,067,01155137,0500000US41067,41067,Washington,Washington County,OR,Oregon,06,1875855586,6118186,41067,603947,383443,13996,5533,69474,3240,83241,112182,"Washington County, Oregon",63.48951149686975,2.3174218929806756,0.9161399924165531,11.503327278718166,0.5364709154942404,13.782831937239525,18.57480871665891
51,141,01497999,0500000US51141,51141,Patrick,Patrick County,VA,Virginia,06,1250846155,7141128,51141,17512,15670,884,8,90,0,498,615,"Patrick County, Virginia",89.48149840109639,5.047967108268616,0.04568296025582458,0.5139333028780265,0.0,2.84376427592508,3.5118775696665145
40,121,01101848,0500000US40121,40121,Pittsburg,Pittsburg County,OK,Oklahoma,06,3381261537,187443330,40121,43561,30277,1075,3569,215,73,7970,2495,"Pittsburg County, Oklahoma",69.50483230412526,2.467803769426781,8.193108514496911,0.49356075388535614,0.1675810931796791,18.29618236495948,5.727600376483552
72,111,01804536,0500000US72111,72111,Peñuelas,Peñuelas Municipio,PR,Puerto Rico,13,115560336,60208304,72111,19853,15603,596,0,58,0,1272,19751,"Peñuelas Municipio, Puerto Rico",78.59265602175994,3.002065179066136,0.0,0.2921472825265703,0.0,6.407092127134438,99.48622374452223
26,017,01622951,0500000US26017,26017,Bay,Bay County,MI,Michigan,06,1145834939,487713370,26017,103008,93440,1234,230,525,60,6449,6117,"Bay County, Michigan",90.71140105622865,1.1979652065858963,0.22328362845604222,0.5096691519105312,0.05824790307548928,6.260678782230507,5.938373718546132
29,049,00758479,0500000US29049,29049,Clinton,Clinton County,MO,Missouri,06,1085049760,11764909,29049,21414,19862,178,25,35,0,1107,567,"Clinton County, Missouri",92.75240496871206,0.8312319043616326,0.11674605398337536,0.1634444755767255,0.0,5.169515270383862,2.6478005043429533
08,011,00198121,0500000US08011,08011,Bent,Bent County,CO,Colorado,06,3918255148,73141518,08011,5549,3737,179,128,52,9,866,1801,"Bent County, Colorado",67.34546765182915,3.225806451612903,2.306721931879618,0.9371057848260947,0.16219138583528564,15.60641557037304,32.456298432149936
55,019,01581069,0500000US55019,55019,Clark,Clark County,WI,Wisconsin,06,3133102389,23238613,55019,34739,31688,299,69,136,3,2013,2232,"Clark County, Wisconsin",91.21736376982642,0.860704107775123,0.19862402487118228,0.3914908316301563,0.00863582716831227,5.794640029937534,6.42505541322433
18,155,00450392,0500000US18155,18155,Switzerland,Switzerland County,IN,Indiana,06,571526242,7531847,18155,9909,9410,27,26,30,0,393,61,"Switzerland County, Indiana",94.96417398324756,0.2724795640326975,0.26238772832778284,0.3027550711474417,0.0,3.966091432031486,0.6156019779997981
51,570,01498420,0500000US51570,51570,Colonial Heights,Colonial Heights city,VA,Virginia,25,19475360,709877,51570,18352,12149,3542,150,686,0,1039,1528,"Colonial Heights city, Virginia",66.19986922406277,19.300348735832607,0.8173496076721883,3.738012205754141,0.0,5.661508282476024,8.326068003487357
13,315,00345499,0500000US13315,13315,Wilcox,Wilcox County,GA,Georgia,06,978525378,11147628,13315,8798,5222,2830,25,0,14,506,331,"Wilcox County, Georgia",59.354398726983405,32.16640145487611,0.2841554898840646,0.0,0.15912707433507614,5.751307115253466,3.762218686065015
17,119,00424258,0500000US17119,17119,Madison,Madison County,IL,Illinois,06,1853175882,63522162,17119,264238,219413,20666,500,2245,67,18528,11399,"Madison County, Illinois",83.03612652230187,7.820979571446954,0.18922335167538357,0.8496128490224722,0.025355929124501398,7.0118605196830135,4.313913971495395
21,173,00516933,0500000US21173,21173,Montgomery,Montgomery County,KY,Kentucky,06,511202049,3786799,21173,28395,26051,382,206,151,0,1403,983,"Montgomery County, Kentucky",91.7450255326642,1.345307272407114,0.7254798379996479,0.5317837647473147,0.0,4.941010741327698,3.461877091037154
23,001,00581286,0500000US23001,23001,Androscoggin,Androscoggin County,ME,Maine,06,1211995417,75541706,23001,113423,99336,6347,189,1359,16,5304,2495,"Androscoggin County, Maine",87.58012043412712,5.595866799502747,0.16663286987648007,1.1981696833975473,0.014106486338749636,4.676300221295505,2.1997302134487713
48,249,01383910,0500000US48249,48249,Jim Wells,Jim Wells County,TX,Texas,06,2240795374,8723372,48249,38850,26412,548,204,197,48,8843,30899,"Jim Wells County, Texas",67.98455598455598,1.4105534105534105,0.525096525096525,0.5070785070785071,0.12355212355212356,22.76190476190476,79.53410553410554
18,169,00450399,0500000US18169,18169,Wabash,Wabash County,IN,Indiana,06,1068471086,21851089,18169,30844,28833,284,21,130,0,1256,982,"Wabash County, Indiana",93.48009337310336,0.9207625470107639,0.06808455453248606,0.42147581377253274,0.0,4.072104785371547,3.1837634548048244
48,207,01383889,0500000US48207,48207,Haskell,Haskell County,TX,Texas,06,2339103809,18465208,48207,5421,4152,321,9,10,0,530,1432,"Haskell County, Texas",76.59103486441616,5.9214167127836195,0.16602102933038185,0.18446781036709095,0.0,9.77679394945582,26.41579044456742
51,009,01480095,0500000US51009,51009,Amherst,Amherst County,VA,Virginia,06,1227554631,12898694,51009,31485,23348,5358,67,217,18,1973,926,"Amherst County, Virginia",74.15594727648086,17.017627441638876,0.21279974591075115,0.6892170875019851,0.05717008099094807,6.2664760997300295,2.9410830554232175
29,087,00758498,0500000US29087,29087,Holt,Holt County,MO,Missouri,06,1198369593,19839053,29087,4240,4000,18,0,16,0,169,79,"Holt County, Missouri",94.33962264150944,0.42452830188679247,0.0,0.37735849056603776,0.0,3.985849056603773,1.8632075471698113
27,035,00659463,0500000US27035,27035,Crow Wing,Crow Wing County,MN,Minnesota,06,2585738269,409712718,27035,67686,63439,320,456,272,7,2678,1089,"Crow Wing County, Minnesota",93.72543805218213,0.4727713264190527,0.67369914014715,0.4018556274561948,0.010341872765416777,3.9565050379694475,1.6088999202198386
17,153,01784966,0500000US17153,17153,Pulaski,Pulaski County,IL,Illinois,06,516100615,9768333,17153,5015,3106,1694,0,8,0,195,52,"Pulaski County, Illinois",61.93419740777667,33.778664007976076,0.0,0.15952143569292124,0.0,3.8883349950149553,1.036889332003988
33,005,00873176,0500000US33005,33005,Cheshire,Cheshire County,NH,New Hampshire,06,1830367250,57589052,33005,77297,71103,591,65,672,0,4365,2010,"Cheshire County, New Hampshire",91.98675239660012,0.7645833602856514,0.08409123251872647,0.8693739731166797,0.0,5.647049691449863,2.6003596517329264
37,119,01008570,0500000US37119,37119,Mecklenburg,Mecklenburg County,NC,North Carolina,06,1356132970,58206612,37119,1154681,518746,346988,5349,73448,433,112190,184569,"Mecklenburg County, North Carolina",44.92548158322515,30.050550758174772,0.4632448269262246,6.360891016653085,0.03749953450346892,9.716103408647063,15.98441474311953
29,089,00758499,0500000US29089,29089,Howard,Howard County,MO,Missouri,06,1201239501,19855699,29089,10147,8779,561,151,21,5,542,229,"Howard County, Missouri",86.5181827141027,5.528727702769292,1.4881245688380802,0.20695772149403766,0.04927564797477087,5.341480240465162,2.2568246772445058
13,307,00352287,0500000US13307,13307,Webster,Webster County,GA,Georgia,06,543010089,2338844,13307,2381,986,1336,0,0,0,59,105,"Webster County, Georgia",41.41117177656447,56.11087778244435,0.0,0.0,0.0,2.4779504409911803,4.409911801763965
06,065,00277297,0500000US06065,06065,Riverside,Riverside County,CA,California,06,18671846195,242807981,06065,2478600,932298,157724,33504,175644,8027,546805,1270563,"Riverside County, California",37.613894940692326,6.363430969095457,1.3517308157831034,7.08641975308642,0.32385217461470184,22.061042524005487,51.26131687242798
27,167,00659528,0500000US27167,27167,Wilkin,Wilkin County,MN,Minnesota,06,1945179855,480470,27167,6371,5869,28,51,2,0,265,254,"Wilkin County, Minnesota",92.1205462250824,0.43949144561293363,0.8005022759378434,0.03139224611520954,0.0,4.159472610265264,3.9868152566316124
45,005,01247980,0500000US45005,45005,Allendale,Allendale County,SC,South Carolina,06,1056960693,11194313,45005,7661,1877,5081,72,313,11,196,585,"Allendale County, South Carolina",24.500717921942304,66.3229343427751,0.9398250881086021,4.085628508027673,0.1435843884610364,2.558412739851194,7.636078840882392
41,053,01135862,0500000US41053,41053,Polk,Polk County,OR,Oregon,06,1918983624,8313041,41053,89662,69670,791,1460,1703,519,10201,13990,"Polk County, Oregon",77.70292877696237,0.8822020476902145,1.6283375342954653,1.8993553567843677,0.5788405344516072,11.377172046128795,15.603042537529834
13,193,00346957,0500000US13193,13193,Macon,Macon County,GA,Georgia,06,1037709945,13841916,13193,11864,3932,6938,26,191,0,311,561,"Macon County, Georgia",33.14227916385705,58.47943358057991,0.2191503708698584,1.6099123398516522,0.0,2.621375590020229,4.728590694538099
04,011,00042807,0500000US04011,04011,Greenlee,Greenlee County,AZ,Arizona,06,4772938110,11936413,04011,9409,5409,134,196,134,0,2909,4396,"Greenlee County, Arizona",57.48751195663726,1.4241683494526516,2.0831119141247743,1.4241683494526516,0.0,30.917206929535553,46.72122435965565
06,029,02054176,0500000US06029,06029,Kern,Kern County,CA,California,06,21068705437,78332288,06029,915075,402035,46662,12240,48277,1463,227398,516662,"Kern County, California",43.934650165286996,5.099254159495124,1.3375952790754855,5.27574242548425,0.1598776056607382,24.850203535229355,56.46116438543288
37,019,01026340,0500000US37019,37019,Brunswick,Brunswick County,NC,North Carolina,06,2201668728,516634770,37019,152568,124657,12809,505,1020,24,9323,8583,"Brunswick County, North Carolina",81.70586230402182,8.395600650201878,0.33099994756436474,0.6685543495359446,0.015730690577316343,6.110717843846678,5.625688217712757
09,170,02830252,0500000US09170,09170,South Central Connecticut,South Central Connecticut Planning Region,CT,Connecticut,PL,950963144,653739738,09170,570598,351364,79061,1652,26087,234,60752,111540,"South Central Connecticut Planning Region, Connecticut",61.57820391939685,13.855814426268582,0.28952081850970385,4.571870213355112,0.04100960746444957,10.647075524274532,19.547912891387632
13,037,00344074,0500000US13037,13037,Calhoun,Calhoun County,GA,Georgia,06,726191502,8271470,13037,5498,1878,3209,12,24,0,301,303,"Calhoun County, Georgia",34.15787559112404,58.366678792288106,0.21826118588577662,0.43652237177155323,0.0,5.474718079301564,5.51109494361586
30,077,01720021,0500000US30077,30077,Powell,Powell County,MT,Montana,06,6024421103,16247901,30077,7053,6148,28,356,107,0,341,190,"Powell County, Montana",87.16858074578194,0.3969941868708351,5.047497518786332,1.5170849283992627,0.0,4.834822061534099,2.6938891251949526
35,013,00929109,0500000US35013,35013,Doña Ana,Doña Ana County,NM,New Mexico,06,9863163862,17594250,35013,224266,91627,3907,2749,2728,308,72706,152201,"Doña Ana County, New Mexico",40.8563937467115,1.7421276519846967,1.2257765332239394,1.2164126528319048,0.1373369124165054,32.41953751348844,67.86628378800175
40,123,01101849,0500000US40123,40123,Pontotoc,Pontotoc County,OK,Oklahoma,06,1865705448,12725534,40123,38235,24372,960,6978,416,38,5113,2503,"Pontotoc County, Oklahoma",63.742644174185955,2.5107885445272657,18.250294233032562,1.0880083692951485,0.09938537988753761,13.372564404341572,6.546358048908068
01,029,00161540,0500000US01029,01029,Cleburne,Cleburne County,AL,Alabama,06,1450666452,2352217,01029,15426,14309,562,48,18,0,350,325,"Cleburne County, Alabama",92.75897834824323,3.643199792558019,0.31116297160637885,0.11668611435239205,0.0,2.268896667963179,2.1068326202515237
17,001,00424202,0500000US17001,17001,Adams,Adams County,IL,Illinois,06,2214826163,41754318,17001,64754,58671,1839,79,435,9,3372,1350,"Adams County, Illinois",90.60598573061124,2.839978997436452,0.12200018531673719,0.6717731723136795,0.01389875528924854,5.207400315038453,2.084813293387281
05,075,00066865,0500000US05075,05075,Lawrence,Lawrence County,AR,Arkansas,06,1521690358,12395693,05075,16238,14969,151,9,14,19,961,362,"Lawrence County, Arkansas",92.18499815248184,0.9299174775218623,0.055425545017859346,0.08621751447222564,0.11700948392659194,5.918216529129204,2.22933858849612
16,029,00395406,0500000US16029,16029,Caribou,Caribou County,ID,Idaho,06,4569240776,89216879,16029,7162,6575,11,10,0,0,266,406,"Caribou County, Idaho",91.80396537280089,0.15358838313320303,0.13962580284836637,0.0,0.0,3.7140463557665453,5.668807595643675
35,037,00929110,0500000US35037,35037,Quay,Quay County,NM,New Mexico,06,7443508559,18554572,35037,8564,5295,59,179,0,7,2343,3844,"Quay County, New Mexico",61.82858477347034,0.6889304063521718,2.0901447921531995,0.0,0.08173750583839327,27.358710882765063,44.88556749182625
39,045,01074035,0500000US39045,39045,Fairfield,Fairfield County,OH,Ohio,06,1306299936,10869534,39045,163453,133228,15064,255,4961,139,7752,4508,"Fairfield County, Ohio",81.50844585293632,9.216104935363683,0.15600814913155464,3.0351232464378137,0.0850397361932788,4.742647733599261,2.757979357980582
47,127,01648579,0500000US47127,47127,Moore,Moore County,TN,Tennessee,06,334684850,3093435,47127,6674,6181,144,3,39,1,234,140,"Moore County, Tennessee",92.61312556188193,2.1576266107281987,0.04495055439017081,0.5843572070722206,0.014983518130056939,3.506143242433323,2.0976925382079714
20,019,00484979,0500000US20019,20019,Chautauqua,Chautauqua County,KS,Kansas,06,1654694134,15243776,20019,3370,2737,28,168,3,0,338,167,"Chautauqua County, Kansas",81.2166172106825,0.830860534124629,4.985163204747774,0.08902077151335311,0.0,10.029673590504451,4.955489614243323
32,017,00863992,0500000US32017,32017,Lincoln,Lincoln County,NV,Nevada,06,27540342252,9802713,32017,4405,3761,123,155,2,4,338,292,"Lincoln County, Nevada",85.38024971623156,2.7922814982973896,3.5187287173666286,0.04540295119182747,0.09080590238365494,7.673098751418843,6.628830874006811
02,050,01419966,0500000US02050,02050,Bethel,Bethel Census Area,AK,Alaska,05,105223804364,12764675308,02050,18394,1529,228,15445,289,0,841,270,"Bethel Census Area, Alaska",8.312493204305751,1.2395346308578885,83.96759812982494,1.5711645101663587,0.0,4.572143090138089,1.467869957594868
45,029,01247991,0500000US45029,45029,Colleton,Colleton County,SC,South Carolina,06,2736331638,198865069,45029,38783,22225,13094,126,172,21,2336,1767,"Colleton County, South Carolina",57.30603614985947,33.76221540365624,0.3248846143929041,0.4434932831395199,0.05414743573215068,6.023257612871619,4.556119949462394
39,129,01074077,0500000US39129,39129,Pickaway,Pickaway County,OH,Ohio,06,1298084349,13880987,39129,60131,54799,1899,93,49,0,2856,1165,"Pickaway County, Ohio",91.13269361893201,3.1581048045101525,0.15466232060002327,0.08148874956345313,0.0,4.749629974555554,1.9374365967637326
26,147,01625033,0500000US26147,26147,St. Clair,St. Clair County,MI,Michigan,06,1868725515,297817403,26147,160221,146136,3491,271,865,15,7697,5905,"St. Clair County, Michigan",91.20901754451664,2.1788654421080884,0.16914137347788366,0.5398792917283003,0.009362068642687288,4.803989489517604,3.6855343556712294
72,125,01804543,0500000US72125,72125,San Germán,San Germán Municipio,PR,Puerto Rico,13,141145285,29099,72125,31305,20279,608,0,45,0,3219,31006,"San Germán Municipio, Puerto Rico",64.77878933077783,1.9421817601022202,0.0,0.1437470052707235,0.0,10.282702443699089,99.04488100942342
05,009,00069897,0500000US05009,05009,Boone,Boone County,AR,Arkansas,06,1527375337,31797989,05009,38138,35826,96,144,121,30,1762,1202,"Boone County, Arkansas",93.93780481409618,0.25171744716555666,0.377576170748335,0.31726886569825374,0.07866170223923645,4.620063978184488,3.151712203052074
31,131,00835887,0500000US31131,31131,Otoe,Otoe County,NE,Nebraska,06,1594561689,8689332,31131,16241,14064,169,75,34,0,1419,1456,"Otoe County, Nebraska",86.59565297703344,1.040576319192168,0.46179422449356566,0.20934671510374975,0.0,8.737146727418263,8.964965211501754
17,109,01784729,0500000US17109,17109,McDonough,McDonough County,IL,Illinois,06,1526339605,2012552,17109,26920,23246,1562,17,566,24,1269,944,"McDonough County, Illinois",86.35215453194651,5.802377414561664,0.06315007429420505,2.1025260029717683,0.08915304606240713,4.713967310549777,3.5066864784546805
36,099,00974147,0500000US36099,36099,Seneca,Seneca County,NY,New York,06,838372770,172818533,36099,32920,29103,1234,36,201,0,1824,1436,"Seneca County, New York",88.4052247873633,3.7484811664641557,0.10935601458080195,0.6105710814094776,0.0,5.540704738760631,4.362089914945322
53,023,01533500,0500000US53023,53023,Garfield,Garfield County,WA,Washington,06,1841054896,19294817,53023,2353,2092,19,1,49,0,152,117,"Garfield County, Washington",88.90777730556736,0.8074798130046749,0.042498937526561836,2.08244793880153,0.0,6.459838504037399,4.972375690607735
13,039,01671316,0500000US13039,13039,Camden,Camden County,GA,Georgia,06,1632397628,392733634,13039,56970,39791,9542,102,1036,14,5097,4325,"Camden County, Georgia",69.845532736528,16.74916622783921,0.1790416008425487,1.8185009654203967,0.0245743373705459,8.94681411269089,7.591714937686501
46,081,01266996,0500000US46081,46081,Lawrence,Lawrence County,SD,South Dakota,06,2072127354,667509,46081,27233,24620,107,683,122,22,1271,1057,"Lawrence County, South Dakota",90.40502331729886,0.3929056659200235,2.507986633863328,0.4479858994602137,0.08078434252561231,4.667131788638783,3.881320456798737
28,071,00695759,0500000US28071,28071,Lafayette,Lafayette County,MS,Mississippi,06,1636088510,123105438,28071,58327,40594,13220,58,1317,67,2514,2151,"Lafayette County, Mississippi",69.59727056080375,22.66531794880587,0.09943936770277916,2.2579594355958648,0.11486961441527938,4.310182248358394,3.6878289642875512
48,333,01383952,0500000US48333,48333,Mills,Mills County,TX,Texas,06,1937892798,4023558,48333,4511,3474,30,1,30,0,820,947,"Mills County, Texas",77.01174905785857,0.6650410108623366,0.022168033695411215,0.6650410108623366,0.0,18.177787630237198,20.993127909554424
41,049,01135860,0500000US41049,41049,Morrow,Morrow County,OR,Oregon,06,5259046091,44372730,41049,12300,7278,103,207,27,8,2594,5167,"Morrow County, Oregon",59.17073170731707,0.8373983739837397,1.6829268292682928,0.21951219512195125,0.06504065040650406,21.089430894308943,42.00813008130081
55,053,01581086,0500000US55053,55053,Jackson,Jackson County,WI,Wisconsin,06,2558687748,32538317,55053,20981,18036,448,1000,103,11,1082,781,"Jackson County, Wisconsin",85.96349077737,2.1352652399790286,4.766217053524618,0.49092035651303556,0.05242838758877079,5.157046851913636,3.7224155188027264
28,001,00695726,0500000US28001,28001,Adams,Adams County,MS,Mississippi,06,1197464268,65273639,28001,28803,10835,16144,14,65,0,589,1012,"Adams County, Mississippi",37.61760927681144,56.049717043363536,0.04860604798111308,0.2256709370551679,0.0,2.0449258757768285,3.5135228969204597
51,133,01480152,0500000US51133,51133,Northumberland,Northumberland County,VA,Virginia,06,495805446,243886813,51133,12188,8450,2326,16,533,0,751,432,"Northumberland County, Virginia",69.33048900557925,19.084345257630456,0.13127666557269443,4.373153921890384,0.0,6.161798490318346,3.5444699704627505
39,043,01074034,0500000US39043,39043,Erie,Erie County,OH,Ohio,06,650833148,969939819,39043,74581,60237,6235,49,646,11,5688,3410,"Erie County, Ohio",80.76721953312506,8.360038079403601,0.06570037945321194,0.8661723495260186,0.014749064775210844,7.62660731285448,4.5722100803153625
30,003,01716521,0500000US30003,30003,Big Horn,Big Horn County,MT,Montana,06,12944280256,47395459,30003,12891,3851,34,8607,25,0,360,610,"Big Horn County, Montana",29.873555193545887,0.2637499030331239,66.76751221782638,0.19393375223023815,0.0,2.7926460321154294,4.731983554417811
02,180,01419977,0500000US02180,02180,Nome,Nome Census Area,AK,Alaska,05,59490634309,13780758093,02180,9866,1354,63,7301,172,0,948,214,"Nome Census Area, Alaska",13.72390026353132,0.6385566592337321,74.00162173119806,1.743361037907967,0.0,9.608757348469492,2.169065477397121
38,033,01035617,0500000US38033,38033,Golden Valley,Golden Valley County,ND,North Dakota,06,2592280439,4148883,38033,1653,1501,3,0,4,0,124,10,"Golden Valley County, North Dakota",90.80459770114942,0.18148820326678766,0.0,0.24198427102238357,0.0,7.50151240169389,0.6049606775559588
48,183,01383877,0500000US48183,48183,Gregg,Gregg County,TX,Texas,06,708052151,6206460,48183,125480,72261,22555,624,1656,42,24667,25347,"Gregg County, Texas",57.587663372649025,17.97497609180746,0.4972904048453937,1.3197322282435446,0.0334714695569015,19.658112846668793,20.200031877590057
40,087,01101834,0500000US40087,40087,McClain,McClain County,OK,Oklahoma,06,1478151608,24711113,40087,45273,35192,550,2597,269,2,5908,4414,"McClain County, Oklahoma",77.73286506306188,1.2148521193647428,5.736310825436795,0.5941731274711197,0.004417644070417247,13.049720584012547,9.749740463410864
40,069,01101822,0500000US40069,40069,Johnston,Johnston County,OK,Oklahoma,06,1665492484,39645099,40069,10278,7012,236,1377,6,3,1493,630,"Johnston County, Oklahoma",68.22338976454563,2.296166569371473,13.39754816112084,0.05837711617046118,0.02918855808523059,14.52617240708309,6.129597197898424
27,111,00659501,0500000US27111,27111,Otter Tail,Otter Tail County,MN,Minnesota,06,5106508605,654472630,27111,60475,55169,658,140,349,19,2996,2397,"Otter Tail County, Minnesota",91.22612649855311,1.0880529144274493,0.23150062009094666,0.5770979743695742,0.03141794129805705,4.954113269946259,3.9636213311285653
51,550,01498558,0500000US51550,51550,Chesapeake,Chesapeake city,VA,Virginia,25,876598053,32349712,51550,252583,139259,73386,457,9781,140,22954,19408,"Chesapeake city, Virginia",55.13395596694948,29.054211882826635,0.18093062478472421,3.8723904617492075,0.055427324879346596,9.087705823432298,7.683810866131132
38,019,01035304,0500000US38019,38019,Cavalier,Cavalier County,ND,North Dakota,06,3856816541,53639348,38019,3633,3342,0,24,26,0,123,84,"Cavalier County, North Dakota",91.99009083402146,0.0,0.6606110652353426,0.7156619873382879,0.0,3.3856317093311312,2.312138728323699
38,041,01034209,0500000US38041,38041,Hettinger,Hettinger County,ND,North Dakota,06,2932485810,4008872,38041,2432,2290,4,62,7,0,55,0,"Hettinger County, North Dakota",94.16118421052632,0.1644736842105263,2.549342105263158,0.287828947368421,0.0,2.2615131578947367,0.0
37,149,01008579,0500000US37149,37149,Polk,Polk County,NC,North Carolina,06,615606322,1964035,37149,19891,17300,876,42,154,0,1375,1118,"Polk County, North Carolina",86.97400834548287,4.404001809863757,0.21115077170579657,0.7742194962545874,0.0,6.912674073701675,5.620632446835252
46,085,01265789,0500000US46085,46085,Lyman,Lyman County,SD,South Dakota,06,4253498700,167300445,46085,3724,2156,1,1467,1,13,74,44,"Lyman County, South Dakota",57.89473684210527,0.02685284640171858,39.39312567132116,0.02685284640171858,0.3490870032223416,1.9871106337271751,1.1815252416756177
20,039,00484989,0500000US20039,20039,Decatur,Decatur County,KS,Kansas,06,2314199333,1631670,20039,2726,2527,31,14,0,0,105,130,"Decatur County, Kansas",92.69992663242846,1.137197358767425,0.5135730007336757,0.0,0.0,3.851797505502568,4.768892149669846
06,089,01682610,0500000US06089,06089,Shasta,Shasta County,CA,California,06,9778892920,185816636,06089,181436,141949,1651,3088,6375,572,22695,21346,"Shasta County, California",78.2364029189356,0.9099627416830177,1.7019775568244448,3.513635662161864,0.3152626821578959,12.508542957296237,11.765030093256023
19,049,00465213,0500000US19049,19049,Dallas,Dallas County,IA,Iowa,06,1523682218,8569306,19049,107968,90607,3189,186,5263,32,6742,7453,"Dallas County, Iowa",83.92023562537048,2.9536529342027267,0.1722732661529342,4.874592471843509,0.02963841138114997,6.244442797866034,6.90297125074096
13,099,00345041,0500000US13099,13099,Early,Early County,GA,Georgia,06,1327626624,9702715,13099,10603,4357,5652,4,45,5,497,67,"Early County, Georgia",41.09214373290578,53.30566820711119,0.03772517212109781,0.4244081863623503,0.04715646515137225,4.687352636046402,0.6318966330283882
31,007,00835826,0500000US31007,31007,Banner,Banner County,NE,Nebraska,06,1932231568,392073,31007,742,637,0,0,0,0,46,79,"Banner County, Nebraska",85.84905660377359,0.0,0.0,0.0,0.0,6.199460916442049,10.646900269541778
22,013,00558445,0500000US22013,22013,Bienville,Bienville Parish,LA,Louisiana,15,2101370398,27972980,22013,12638,6932,5098,30,28,0,476,288,"Bienville Parish, Louisiana",54.85045102073113,40.33866118056654,0.23737933217281215,0.22155404336129136,0.0,3.766418737141953,2.278841588858997
19,191,00465284,0500000US19191,19191,Winneshiek,Winneshiek County,IA,Iowa,06,1786686748,745729,19191,19873,18578,81,73,107,1,897,612,"Winneshiek County, Iowa",93.4836209933075,0.40758818497458865,0.3673325617672219,0.5384189603985307,0.005031952900920848,4.5136617521260005,3.0795551753635584
38,061,01035307,0500000US38061,38061,Mountrail,Mountrail County,ND,North Dakota,06,4727150567,301102217,38061,9507,5485,175,2750,54,15,779,819,"Mountrail County, North Dakota",57.69433049332071,1.84074892184706,28.926054486168084,0.5680025244556642,0.1577784790154623,8.193962343536342,8.61470495424424
27,033,00659462,0500000US27033,27033,Cottonwood,Cottonwood County,MN,Minnesota,06,1657522318,22249932,27033,11458,9280,190,93,455,85,730,1298,"Cottonwood County, Minnesota",80.99144702391342,1.6582300576016755,0.8116599755629254,3.971024611625065,0.741839762611276,6.371094431838017,11.328329551405131
17,185,00424293,0500000US17185,17185,Wabash,Wabash County,IL,Illinois,06,578403995,10973569,17185,11119,10416,69,6,181,0,395,239,"Wabash County, Illinois",93.6774889828222,0.6205594028239949,0.053961687202086515,1.6278442305962766,0.0,3.552477740804029,2.1494738735497796
17,047,00424225,0500000US17047,17047,Edwards,Edwards County,IL,Illinois,06,576012470,781202,17047,6075,5787,6,0,22,0,231,89,"Edwards County, Illinois",95.25925925925925,0.09876543209876544,0.0,0.36213991769547327,0.0,3.802469135802469,1.4650205761316872
24,021,01711211,0500000US24021,24021,Frederick,Frederick County,MD,Maryland,06,1710961099,17635238,24021,287048,193768,30128,938,17011,155,32859,36962,"Frederick County, Maryland",67.50369276218612,10.495805579554638,0.32677461609208214,5.926186561132632,0.053997937627156434,11.447214403166022,12.876592068225523
38,015,01035614,0500000US38015,38015,Burleigh,Burleigh County,ND,North Dakota,06,4228659159,92691317,38015,100600,86404,2029,3500,991,520,6211,3376,"Burleigh County, North Dakota",85.88866799204771,2.0168986083499005,3.4791252485089466,0.985089463220676,0.5168986083499005,6.173956262425447,3.355864811133201
27,053,00659472,0500000US27053,27053,Hennepin,Hennepin County,MN,Minnesota,06,1434868069,136605077,27053,1269496,841924,170160,7884,89889,187,110801,99318,"Hennepin County, Minnesota",66.31954728490676,13.403744478123603,0.6210338591062909,7.0806839879763315,0.01473025515637702,8.727951880116205,7.823419687813116
17,023,00424213,0500000US17023,17023,Clark,Clark County,IL,Illinois,06,1298554904,8771353,17023,15266,14540,70,57,19,0,539,285,"Clark County, Illinois",95.24433381370365,0.4585353072186558,0.3733787501637626,0.12445958338792087,0.0,3.53072186558365,1.866893750818813
47,019,01639730,0500000US47019,47019,Carter,Carter County,TN,Tennessee,06,883855127,16669994,47019,56712,53094,1078,80,63,0,1995,1422,"Carter County, Tennessee",93.62039779940753,1.9008322753561857,0.14106361969248132,0.11108760050782902,0.0,3.517774016081253,2.5074058400338552
46,087,01265773,0500000US46087,46087,McCook,McCook County,SD,South Dakota,06,1487184882,6895715,46087,5751,5358,16,103,0,0,221,206,"McCook County, South Dakota",93.16640584246218,0.27821248478525473,1.7909928708050773,0.0,0.0,3.842809946096331,3.5819857416101546
27,133,00659512,0500000US27133,27133,Rock,Rock County,MN,Minnesota,06,1249562287,698231,27133,9621,8953,14,55,43,0,433,384,"Rock County, Minnesota",93.05685479679867,0.1455150192287704,0.5716661469701694,0.44693898763122336,0.0,4.50057166614697,3.991269098846274
26,137,01623011,0500000US26137,26137,Otsego,Otsego County,MI,Michigan,06,1333860413,29050564,26137,25584,23830,193,70,157,0,1225,521,"Otsego County, Michigan",93.1441525953721,0.7543777360850532,0.2736085053158224,0.6136647904940588,0.0,4.7881488430268915,2.036429018136335
33,009,00873178,0500000US33009,33009,Grafton,Grafton County,NH,New Hampshire,06,4425249894,106463952,33009,92120,81303,1042,211,3242,18,5323,2679,"Grafton County, New Hampshire",88.25770733825445,1.131133304385584,0.22904906643508466,3.519322622666088,0.019539730785931395,5.778332609639601,2.9081632653061225
17,169,01785037,0500000US17169,17169,Schuyler,Schuyler County,IL,Illinois,06,1132602759,10510632,17169,6787,6222,254,0,44,0,250,182,"Schuyler County, Illinois",91.67526152939442,3.7424487991748934,0.0,0.6482982171799028,0.0,3.683512597613084,2.6815971710623248
22,047,00558582,0500000US22047,22047,Iberville,Iberville Parish,LA,Louisiana,15,1602476038,88659446,22047,29815,13957,12902,64,6,36,2529,1546,"Iberville Parish, Louisiana",46.81200737883616,43.2735200402482,0.2146570518195539,0.02012409860808318,0.12074459164849907,8.48230756330706,5.185309408016099
01,083,00161567,0500000US01083,01083,Limestone,Limestone County,AL,Alabama,06,1459208116,113399392,01083,111233,82131,14243,1281,1961,103,8404,8295,"Limestone County, Alabama",73.83690091969109,12.804653295335017,1.1516366545899148,1.7629660262691829,0.09259841953377146,7.555311822930245,7.457319320705186
35,015,00936829,0500000US35015,35015,Eddy,Eddy County,NM,New Mexico,06,10816688004,56493049,35015,61105,34593,877,986,359,0,16241,31515,"Eddy County, New Mexico",56.61238851157842,1.4352344325341624,1.6136159070452498,0.5875132967842238,0.0,26.578839702152035,51.57515751575158
39,165,01074094,0500000US39165,39165,Warren,Warren County,OH,Ohio,06,1039665906,15705152,39165,250008,206673,8181,303,17976,24,12509,8749,"Warren County, Ohio",82.66655467025055,3.2722952865508304,0.12119612172410482,7.190169914562734,0.009599692809830085,5.003439889923522,3.499488016383476
22,021,00558477,0500000US22021,22021,Caldwell,Caldwell Parish,LA,Louisiana,15,1372098436,29104196,22021,9500,7177,1836,1,0,0,465,111,"Caldwell Parish, Louisiana",75.54736842105262,19.326315789473682,0.010526315789473684,0.0,0.0,4.894736842105263,1.168421052631579
37,073,01026126,0500000US37073,37073,Gates,Gates County,NC,North Carolina,06,882181709,13292008,37073,10376,6569,3220,56,0,0,472,225,"Gates County, North Carolina",63.30956052428681,31.033153430994602,0.5397070161912104,0.0,0.0,4.548959136468774,2.1684656900539707
55,123,01581121,0500000US55123,55123,Vernon,Vernon County,WI,Wisconsin,06,2050138652,64286576,55123,31049,29338,90,19,65,0,1258,548,"Vernon County, Wisconsin",94.48935553479984,0.28986440787142903,0.061193597217301686,0.20934651679603206,0.0,4.051660278913975,1.7649521723727013
29,067,00758488,0500000US29067,29067,Douglas,Douglas County,MO,Missouri,06,2107274104,2520175,29067,11965,11051,108,90,16,0,673,280,"Douglas County, Missouri",92.36105307145841,0.9026326786460509,0.7521938988717092,0.13372335979941496,0.0,5.624738821562892,2.340158796489762
29,101,00758505,0500000US29101,29101,Johnson,Johnson County,MO,Missouri,06,2147776086,10180467,29101,54732,46706,2380,145,830,199,3731,2821,"Johnson County, Missouri",85.3358181685303,4.348461594679529,0.26492728202879484,1.5164803040268948,0.36358985602572536,6.816853029306438,5.154205948987795
22,071,00558113,0500000US22071,22071,Orleans,Orleans Parish,LA,Louisiana,15,439001673,467099090,22071,371853,115882,203053,1060,10406,58,31219,30425,"Orleans Parish, Louisiana",31.16338983415489,54.60571785087118,0.28505888079429237,2.798417654288119,0.015597561401951846,8.395521886336805,8.181996649213533
48,487,01384029,0500000US48487,48487,Wilbarger,Wilbarger County,TX,Texas,06,2514738100,18202665,48487,12616,7892,740,31,389,0,2562,3816,"Wilbarger County, Texas",62.55548509828789,5.865567533291059,0.24571972098922004,3.0833861762840837,0.0,20.30754597336715,30.24730500951173
20,063,00485000,0500000US20063,20063,Gove,Gove County,KS,Kansas,06,2775601942,245369,20063,2799,2637,14,0,23,0,117,47,"Gove County, Kansas",94.21221864951768,0.5001786352268668,0.0,0.8217220435869954,0.0,4.180064308681672,1.6791711325473382
20,089,00485009,0500000US20089,20089,Jewell,Jewell County,KS,Kansas,06,2356813568,11367163,20089,2916,2701,21,6,13,0,168,83,"Jewell County, Kansas",92.62688614540467,0.720164609053498,0.205761316872428,0.4458161865569273,0.0,5.761316872427984,2.8463648834019204
27,173,00659531,0500000US27173,27173,Yellow Medicine,Yellow Medicine County,MN,Minnesota,06,1966062967,10687958,27173,9451,8251,79,248,12,5,525,517,"Yellow Medicine County, Minnesota",87.30293090678235,0.8358903819701619,2.6240609459316477,0.12697069093217647,0.05290445455507353,5.554967728282721,5.4703206009946035
38,079,01034228,0500000US38079,38079,Rolette,Rolette County,ND,North Dakota,06,2338867336,94423046,38079,11924,2192,17,9074,62,8,512,151,"Rolette County, North Dakota",18.38309292183831,0.14256960751425696,76.09862462260986,0.519959745051996,0.06709158000670916,4.293861120429386,1.2663535726266355
30,103,01719563,0500000US30103,30103,Treasure,Treasure County,MT,Montana,06,2532492072,17149960,30103,732,686,0,1,7,0,16,38,"Treasure County, Montana",93.71584699453553,0.0,0.1366120218579235,0.9562841530054645,0.0,2.185792349726776,5.191256830601093
55,007,01581063,0500000US55007,55007,Bayfield,Bayfield County,WI,Wisconsin,06,3827694379,1460283594,55007,16575,13945,125,1290,92,7,1057,351,"Bayfield County, Wisconsin",84.13273001508296,0.7541478129713424,7.782805429864253,0.555052790346908,0.04223227752639517,6.377073906485671,2.1176470588235294
55,043,01581081,0500000US55043,55043,Grant,Grant County,WI,Wisconsin,06,2970397062,94526753,55043,51770,48488,853,80,368,21,1476,1332,"Grant County, Wisconsin",93.66042109329727,1.6476723971412015,0.15452965037666602,0.7108363917326637,0.040564033223874835,2.8510720494494883,2.5729186787714893
05,115,00069901,0500000US05115,05115,Pope,Pope County,AR,Arkansas,06,2100355838,50772506,05115,64131,53562,1472,496,513,41,5244,7074,"Pope County, Arkansas",83.51967067408897,2.295301804119693,0.7734169122577225,0.7999251532020395,0.06393163992452948,8.177012677176403,11.030546849417599
17,025,00424214,0500000US17025,17025,Clay,Clay County,IL,Illinois,06,1213023041,3064499,17025,13052,12431,38,15,28,0,480,264,"Clay County, Illinois",95.24210848912044,0.29114311982837876,0.11492491572172847,0.21452650934722645,0.0,3.677597303095311,2.0226785167024213
21,009,00516851,0500000US21009,21009,Barren,Barren County,KY,Kentucky,06,1262269990,32723250,21009,44938,39527,1713,158,416,0,2462,1991,"Barren County, Kentucky",87.95896568605635,3.8119186434643284,0.351595531621345,0.9257198807245539,0.0,5.478659486403489,4.43054875606391
26,111,01622998,0500000US26111,26111,Midland,Midland County,MI,Michigan,06,1341248828,26442920,26111,83757,75567,1022,159,1804,13,4174,2882,"Midland County, Michigan",90.22171281206347,1.2201965208878065,0.18983487947276048,2.1538498274771065,0.01552109077450243,4.983464068674857,3.440906431701231
30,069,01719590,0500000US30069,30069,Petroleum,Petroleum County,MT,Montana,06,4288047861,48927318,30069,447,442,0,2,3,0,0,0,"Petroleum County, Montana",98.88143176733782,0.0,0.44742729306487694,0.6711409395973155,0.0,0.0,0.0
20,149,00485038,0500000US20149,20149,Pottawatomie,Pottawatomie County,KS,Kansas,06,2177493041,54149843,20149,26204,23362,434,105,112,26,1894,1590,"Pottawatomie County, Kansas",89.15432758357503,1.6562356892077543,0.40070218287284387,0.4274156617310334,0.09922149290184704,7.227904136773011,6.0677759120744925
05,143,00069905,0500000US05143,05143,Washington,Washington County,AR,Arkansas,06,2438337035,27906771,05143,256765,160940,7797,3006,6168,7268,58380,47853,"Washington County, Arkansas",62.679882382723505,3.0366288240219657,1.170720308453255,2.4021965610577767,2.830603859560298,22.7367437150702,18.63688586840107
51,137,01494761,0500000US51137,51137,Orange,Orange County,VA,Virginia,06,881929771,7015339,51137,37822,28900,3812,12,378,0,3884,2650,"Orange County, Virginia",76.41055470361165,10.07879012215113,0.031727565966897575,0.9994183279572735,0.0,10.269155517952514,7.006504151023214
55,047,01581083,0500000US55047,55047,Green Lake,Green Lake County,WI,Wisconsin,06,905314775,79202662,55047,19263,17641,135,79,219,14,748,1079,"Green Lake County, Wisconsin",91.57971240201422,0.7008254166017754,0.41011265119659457,1.1368945647095468,0.07267819135129523,3.8830919379120594,5.601412033431968
21,117,00516905,0500000US21117,21117,Kenton,Kenton County,KY,Kentucky,06,415359132,10196816,21117,171288,147467,6717,283,2001,286,10894,8330,"Kenton County, Kentucky",86.09301293727523,3.921465601793471,0.16521881275979636,1.1682079305030124,0.16697024893746207,6.3600485731633265,4.863154453318388
47,039,01639739,0500000US47039,47039,Decatur,Decatur County,TN,Tennessee,06,864741776,28501002,47039,11579,10592,315,8,161,0,386,429,"Decatur County, Tennessee",91.47594783660075,2.7204421798082734,0.06909059504274981,1.3904482252353398,0.0,3.3336212108126784,3.7049831591674582
45,035,01247998,0500000US45035,45035,Dorchester,Dorchester County,SC,South Carolina,06,1472353435,6778383,45035,167201,103549,42160,429,3531,99,12298,12058,"Dorchester County, South Carolina",61.930849695875025,25.21516019641031,0.2565774128145167,2.111829474704099,0.059210172187965385,7.355219167349477,7.211679355984712
47,063,01648576,0500000US47063,47063,Hamblen,Hamblen County,TN,Tennessee,06,417476152,37852326,47063,65669,52162,1909,273,661,376,6642,9926,"Hamblen County, Tennessee",79.43169532047084,2.907003304451111,0.4157212687874035,1.0065632185658377,0.5725684874141528,10.114361418629795,15.11519895232149
45,025,01247989,0500000US45025,45025,Chesterfield,Chesterfield County,SC,South Carolina,06,2069364015,17265236,45025,43784,26464,13165,287,202,0,2636,2572,"Chesterfield County, South Carolina",60.44217065594738,30.06806139228942,0.6554905901699251,0.4613557463913759,0.0,6.020464096473598,5.874291978805043
45,027,01247990,0500000US45027,45027,Clarendon,Clarendon County,SC,South Carolina,06,1572659561,229094635,45027,30986,15667,13687,121,260,0,917,1005,"Clarendon County, South Carolina",50.561543923062025,44.17156135028723,0.39049893500290456,0.8390886206673982,0.0,2.9594010198154006,3.2434002452720585
45,033,01247993,0500000US45033,45033,Dillon,Dillon County,SC,South Carolina,06,1049143219,4515866,45033,27862,12439,12609,619,9,0,1413,979,"Dillon County, South Carolina",44.645036250089724,45.25518627521355,2.2216639150096906,0.03230206015361425,0.0,5.0714234441174355,3.5137463211542603
42,031,01210234,0500000US42031,42031,Clarion,Clarion County,PA,Pennsylvania,06,1556156943,23330899,42031,37179,35093,625,5,255,1,1045,435,"Clarion County, Pennsylvania",94.38930579090346,1.6810565103956534,0.013448452083165228,0.6858710562414266,0.0026896904166330456,2.8107264853815326,1.170015331235375
44,001,01219777,0500000US44001,44001,Bristol,Bristol County,RI,Rhode Island,06,62500773,53359134,44001,50490,45210,572,20,1308,8,2541,2108,"Bristol County, Rhode Island",89.54248366013073,1.132897603485839,0.03961180431768667,2.5906120023767083,0.015844721727074667,5.032679738562091,4.175084175084176
02,164,01419975,0500000US02164,02164,Lake and Peninsula,Lake and Peninsula Borough,AK,Alaska,04,61724164724,25989695209,02164,1013,174,14,455,19,0,349,28,"Lake and Peninsula Borough, Alaska",17.17670286278381,1.3820335636722607,44.91609081934847,1.8756169792694966,0.0,34.45212240868707,2.7640671273445214
27,113,00659502,0500000US27113,27113,Pennington,Pennington County,MN,Minnesota,06,1596779113,4338967,27113,13791,12218,106,50,211,8,873,678,"Pennington County, Minnesota",88.59401058661446,0.768617214125154,0.3625552896816765,1.5299833224566746,0.058008846349068235,6.3302153578420715,4.916249728083533
12,031,00293656,0500000US12031,12031,Duval,Duval County,FL,Florida,06,1975169547,403639669,12031,1023153,521574,292981,2253,50482,703,112812,126467,"Duval County, Florida",50.97712658810559,28.635111268793622,0.22020167071786917,4.93396393305791,0.06870917643793255,11.025916944973039,12.36051695103274
12,041,00303633,0500000US12041,12041,Gilchrist,Gilchrist County,FL,Florida,06,905705571,14362143,12041,19040,16561,607,96,36,0,1186,1529,"Gilchrist County, Florida",86.98004201680672,3.1880252100840334,0.5042016806722689,0.18907563025210083,0.0,6.2289915966386555,8.03046218487395
28,007,00695728,0500000US28007,28007,Attala,Attala County,MS,Mississippi,06,1903529295,4425860,28007,17526,9106,7741,5,44,0,387,377,"Attala County, Mississippi",51.95709231998175,44.16866369964624,0.028529042565331505,0.2510555745749173,0.0,2.208147894556659,2.151089809425996
29,047,00758478,0500000US29047,29047,Clay,Clay County,MO,Missouri,06,1029905835,28508804,29047,258122,204377,18039,1046,6676,758,20197,20621,"Clay County, Missouri",79.17845050015109,6.98855579919573,0.4052347339630097,2.5863738852170677,0.29365958732692293,7.824594571559185,7.988857981884536
22,035,00558534,0500000US22035,22035,East Carroll,East Carroll Parish,LA,Louisiana,15,1090092484,56411688,22035,7072,2017,4449,58,0,0,473,163,"East Carroll Parish, Louisiana",28.52092760180995,62.91006787330316,0.8201357466063349,0.0,0.0,6.6883484162895925,2.3048642533936654
22,037,00558542,0500000US22037,22037,East Feliciana,East Feliciana Parish,LA,Louisiana,15,1174022937,6150603,22037,19271,10577,7639,57,39,34,925,391,"East Feliciana Parish, Louisiana",54.88557936796222,39.63987338487883,0.29578122567588605,0.2023766280940273,0.17643090654351098,4.79995848684552,2.028955425250376
37,029,01026335,0500000US37029,37029,Camden,Camden County,NC,North Carolina,06,622438924,181122666,37029,10927,8536,1031,8,127,12,921,460,"Camden County, North Carolina",78.1184222567951,9.435343644184131,0.07321314175894572,1.1622586254232634,0.10981971263841858,8.428662944998628,4.20975565113938
55,103,01581112,0500000US55103,55103,Richland,Richland County,WI,Wisconsin,06,1518120286,8153423,55103,17205,15947,55,11,158,0,711,563,"Richland County, Wisconsin",92.68817204301075,0.31967451322290036,0.06393490264458006,0.9183376925312409,0.0,4.132519616390584,3.272304562627143
36,027,00974112,0500000US36027,36027,Dutchess,Dutchess County,NY,New York,06,2060598611,76906718,36027,298220,205306,29357,1824,10300,118,33666,46023,"Dutchess County, New York",68.84380658574207,9.844074844074845,0.6116289987257729,3.4538260344711955,0.03956810408423311,11.28898128898129,15.43256656159882
51,720,01498434,0500000US51720,51720,Norton,Norton city,VA,Virginia,25,19366553,88961,51720,3577,3275,79,0,11,0,212,112,"Norton city, Virginia",91.5571708135309,2.2085546547386077,0.0,0.3075202683813251,0.0,5.926754263349175,3.131115459882583
36,079,00974138,0500000US36079,36079,Putnam,Putnam County,NY,New York,06,596350119,41229629,36079,98107,73359,2960,181,2263,25,9081,19656,"Putnam County, New York",74.77448092388921,3.017113967402938,0.1844924419256526,2.306665171700286,0.025482381481443727,9.25622024931962,20.035267615970316
36,087,00974142,0500000US36087,36087,Rockland,Rockland County,NY,New York,06,449840998,66919666,36087,341883,213256,36482,1457,20530,95,33004,70586,"Rockland County, New York",62.37689501964122,10.670902033736688,0.4261691865345747,6.0049783112936295,0.02778728395386726,9.653594943299316,20.646244475449205
48,317,01383941,0500000US48317,48317,Martin,Martin County,TX,Texas,06,2369724591,1931832,48317,5218,3505,146,0,5,0,1072,2488,"Martin County, Texas",67.17133001149865,2.798006899195094,0.0,0.09582215408202377,0.0,20.544269835185894,47.68110387121502
51,005,01673675,0500000US51005,51005,Alleghany,Alleghany County,VA,Virginia,06,1156616591,8162741,51005,14859,13664,778,16,60,0,249,237,"Alleghany County, Virginia",91.95773605222423,5.235883976041456,0.10767884783632814,0.40379567938623057,0.0,1.6757520694528567,1.5949929335756108
54,101,01550057,0500000US54101,54101,Webster,Webster County,WV,West Virginia,06,1433479488,7146543,54101,8144,7604,11,0,0,0,521,66,"Webster County, West Virginia",93.36935166994105,0.13506876227897838,0.0,0.0,0.0,6.397347740667976,0.8104125736738703
72,007,01804483,0500000US72007,72007,Aguas Buenas,Aguas Buenas Municipio,PR,Puerto Rico,13,77919500,28383,72007,23614,7381,1838,238,0,0,5648,23519,"Aguas Buenas Municipio, Puerto Rico",31.25688151096807,7.783518251884475,1.0078766833234523,0.0,0.0,23.918014737020414,99.59769628186669
54,035,01559963,0500000US54035,54035,Jackson,Jackson County,WV,West Virginia,06,1202685109,18828941,54035,27705,26567,39,7,110,14,813,292,"Jackson County, West Virginia",95.8924381880527,0.14076881429344884,0.025266197437285687,0.3970402454430608,0.050532394874571375,2.934488359501895,1.0539613788124889
72,033,01804496,0500000US72033,72033,Cataño,Cataño Municipio,PR,Puerto Rico,13,12515854,5614795,72033,22467,2607,945,41,19,0,10625,22245,"Cataño Municipio, Puerto Rico",11.60368540526105,4.206169047936974,0.18248987403747718,0.08456847821248943,0.0,47.291583210931584,99.01188409667513
72,054,01804507,0500000US72054,72054,Florida,Florida Municipio,PR,Puerto Rico,13,39404176,21333,72054,11532,1088,111,0,126,0,7769,11451,"Florida Municipio, Puerto Rico",9.434616718695803,0.9625390218522373,0.0,1.09261186264308,0.0,67.36906000693722,99.29760665972945
72,055,01804508,0500000US72055,72055,Guánica,Guánica Municipio,PR,Puerto Rico,13,95960072,109853143,72055,12855,7770,280,0,4,0,1079,12736,"Guánica Municipio, Puerto Rico",60.443407234539094,2.178140801244652,0.0,0.031116297160637883,0.0,8.39362115908207,99.07429015947102
39,095,01074060,0500000US39095,39095,Lucas,Lucas County,OH,Ohio,06,879721651,663490729,39095,428018,291946,82681,902,7447,217,33278,33507,"Lucas County, Ohio",68.20881364802415,19.31717824951287,0.21073880070464324,1.7398800985005303,0.050698802386815504,7.7749066628039,7.828409085599204
12,013,00306919,0500000US12013,12013,Calhoun,Calhoun County,FL,Florida,06,1469394597,18070425,12013,13492,10296,1560,115,103,0,1083,709,"Calhoun County, Florida",76.31188852653425,11.562407352505188,0.8523569522680108,0.76341535724874,0.0,8.026978950489179,5.254965905721909
47,093,01639761,0500000US47093,47093,Knox,Knox County,TN,Tennessee,06,1316601438,45529220,47093,494148,395602,39839,747,11422,408,36157,31276,"Knox County, Tennessee",80.05739171260431,8.062159514963128,0.15116928531533064,2.3114532488242387,0.08256635663809224,7.31703862000858,6.329277868169051
42,037,01213665,0500000US42037,42037,Columbia,Columbia County,PA,Pennsylvania,06,1251538370,18574124,42037,65362,59749,1184,134,485,121,3157,2663,"Columbia County, Pennsylvania",91.41244147975888,1.8114500780269882,0.20501208653345981,0.7420213579755821,0.18512285425782565,4.830023561090542,4.0742327346164435
53,039,01529219,0500000US53039,53039,Klickitat,Klickitat County,WA,Washington,06,4847515939,84930636,53039,23411,19171,81,331,179,65,2459,3089,"Klickitat County, Washington",81.88885566613985,0.34599120071761136,1.4138652770065354,0.7645978386228696,0.27764725983512023,10.503609414377857,13.194652086625943
27,081,00659486,0500000US27081,27081,Lincoln,Lincoln County,MN,Minnesota,06,1390265112,30167787,27081,5603,5314,6,21,42,12,177,147,"Lincoln County, Minnesota",94.84204890237373,0.10708548991611637,0.37479921470640726,0.7495984294128145,0.21417097983223274,3.159021952525433,2.623594502944851
45,049,01248004,0500000US45049,45049,Hampton,Hampton County,SC,South Carolina,06,1450327687,7072565,45049,18254,7509,9594,38,179,0,497,757,"Hampton County, South Carolina",41.136189328366385,52.55834337679413,0.20817355100252,0.9806069902487126,0.0,2.7226909170592744,4.1470362660238855
49,025,01448026,0500000US49025,49025,Kane,Kane County,UT,Utah,06,10344775233,292843946,49025,8170,7310,17,189,9,17,435,409,"Kane County, Utah",89.47368421052632,0.208078335373317,2.313341493268054,0.1101591187270502,0.208078335373317,5.324357405140759,5.006119951040391
29,001,00765805,0500000US29001,29001,Adair,Adair County,MO,Missouri,06,1469362059,5468507,29001,25301,22360,1123,99,526,0,1077,755,"Adair County, Missouri",88.37595351962374,4.43855974072171,0.39128888186237704,2.0789692107031343,0.0,4.256748745108889,2.9840717758191375
29,061,00758485,0500000US29061,29061,Daviess,Daviess County,MO,Missouri,06,1458893649,14926594,29061,8477,8101,82,10,18,8,217,151,"Daviess County, Missouri",95.56446856199126,0.9673233455231803,0.11796626164916833,0.212339270968503,0.09437300931933468,2.559867877786953,1.781290550902442
29,165,00758537,0500000US29165,29165,Platte,Platte County,MO,Missouri,06,1087337875,16894639,29165,110371,86796,8533,295,2807,216,8501,7893,"Platte County, Missouri",78.64022252222051,7.731197506591406,0.267280354440931,2.543240525137944,0.19570358155674952,7.702204383397813,7.151335042719555
30,027,01719614,0500000US30027,30027,Fergus,Fergus County,MT,Montana,06,11238811035,27700317,30027,11687,10868,66,263,76,0,326,278,"Fergus County, Montana",92.99221357063404,0.5647300419269274,2.250363651920938,0.6502951997946437,0.0,2.7894241464875504,2.378711388722512
49,023,01455158,0500000US49023,49023,Juab,Juab County,UT,Utah,06,8784753341,36271581,49023,12586,11757,104,108,0,2,548,687,"Juab County, Utah",93.41331638328302,0.826314953122517,0.8580962974733831,0.0,0.01589067217543302,4.354044176068648,5.458445892261243
48,165,01383868,0500000US48165,48165,Gaines,Gaines County,TX,Texas,06,3891102467,1262946,48165,22232,15601,460,0,124,0,4836,8954,"Gaines County, Texas",70.17362360561353,2.069089600575747,0.0,0.5577545879812882,0.0,21.75242893127024,40.27527887729399
16,053,00395662,0500000US16053,16053,Jerome,Jerome County,ID,Idaho,06,1547629732,12908802,16053,25173,16418,30,280,14,0,4870,9873,"Jerome County, Idaho",65.22067294323283,0.1191753068764152,1.1123028641798753,0.055615143208993766,0.0,19.346124816271402,39.22059349302825
20,121,00485025,0500000US20121,20121,Miami,Miami County,KS,Kansas,06,1491519616,37234703,20121,34938,31547,442,218,51,0,2023,1423,"Miami County, Kansas",90.29423550289084,1.2650981739080656,0.6239624477646116,0.14597286622016142,0.0,5.7902570267330695,4.072929188848818
06,055,00277292,0500000US06055,06055,Napa,Napa County,CA,California,06,1947606240,104444864,06055,134869,75020,2684,1546,11077,490,22093,49046,"Napa County, California",55.624346588170745,1.9900792620987773,1.1462975183326043,8.21315498743225,0.3633155135724295,16.381080900725888,36.365658527904856
08,014,01945881,0500000US08014,08014,Broomfield,Broomfield County,CO,Colorado,06,85386685,1502572,08014,76304,58017,849,412,5338,48,9441,10780,"Broomfield County, Colorado",76.03402180750682,1.1126546445795764,0.5399454812329628,6.995701404906689,0.06290626965820927,12.372876913399034,14.127699727406165
48,033,01383802,0500000US48033,48033,Borden,Borden County,TX,Texas,06,2324366072,22297606,48033,713,645,4,0,0,0,60,60,"Borden County, Texas",90.46283309957924,0.5610098176718092,0.0,0.0,0.0,8.415147265077138,8.415147265077138
36,119,00974157,0500000US36119,36119,Westchester,Westchester County,NY,New York,06,1115811940,179391718,36119,999677,520512,136191,5261,62523,241,132085,273730,"Westchester County, New York",52.068017969804245,13.623500390626173,0.5262699852052213,6.254320145406966,0.02410778681514129,13.212767723974844,27.38184433572044
29,065,00758487,0500000US29065,29065,Dent,Dent County,MO,Missouri,06,1949641180,4518781,29065,14539,13353,68,103,124,10,722,324,"Dent County, Missouri",91.84263016713666,0.4677075452231928,0.7084393699704243,0.8528784648187633,0.06878052135635189,4.965953641928606,2.228488891945801
48,327,01383949,0500000US48327,48327,Menard,Menard County,TX,Texas,06,2336237980,613559,48327,1955,1469,8,29,0,0,368,503,"Menard County, Texas",75.14066496163683,0.40920716112531963,1.4833759590792839,0.0,0.0,18.823529411764707,25.72890025575448
48,353,01383962,0500000US48353,48353,Nolan,Nolan County,TX,Texas,06,2362061742,5052159,48353,14454,9596,388,195,13,0,3069,5404,"Nolan County, Texas",66.38992666389927,2.6843780268437802,1.349107513491075,0.08994050089940502,0.0,21.232876712328768,37.387574373875744
29,153,00758531,0500000US29153,29153,Ozark,Ozark County,MO,Missouri,06,1929554312,26607427,29153,8873,8333,24,6,0,0,466,188,"Ozark County, Missouri",93.91412149216724,0.27048348923701115,0.06762087230925279,0.0,0.0,5.251887749351967,2.1187873323565873
12,045,00306917,0500000US12045,12045,Gulf,Gulf County,FL,Florida,06,1433456927,624416742,12045,15131,11768,2078,100,94,16,934,737,"Gulf County, Florida",77.77410613971317,13.733395016852818,0.6608948516291059,0.6212411605313595,0.10574317626065692,6.172757914215849,4.87079505650651
12,133,00295762,0500000US12133,12133,Washington,Washington County,FL,Florida,06,1514305979,81008171,12133,25529,19668,3463,144,150,0,1741,1026,"Washington County, Florida",77.04179560499824,13.564965333542245,0.5640643973520311,0.5875670805750323,0.0,6.819695248540874,4.0189588311332205
12,107,00306910,0500000US12107,12107,Putnam,Putnam County,FL,Florida,06,1886428532,255286820,12107,75164,53323,11131,153,396,0,8851,8421,"Putnam County, Florida",70.94220637539249,14.808951093608643,0.20355489329998405,0.5268479591293704,0.0,11.775584056197115,11.203501676334415
13,275,00343835,0500000US13275,13275,Thomas,Thomas County,GA,Georgia,06,1410592608,19645695,13275,45777,26300,16069,188,404,23,1642,1792,"Thomas County, Georgia",57.45243244424055,35.102780872490555,0.4106865893352557,0.8825392664438473,0.050243572099525964,3.5869541472792013,3.914629617493501
13,287,00343238,0500000US13287,13287,Turner,Turner County,GA,Georgia,06,739227757,11818093,13287,8939,4837,3258,96,0,0,433,429,"Turner County, Georgia",54.11119812059515,36.447029869112875,1.0739456315024052,0.0,0.0,4.8439422754223065,4.799194540776373
20,073,00485003,0500000US20073,20073,Greenwood,Greenwood County,KS,Kansas,06,2961143636,24145021,20073,5919,5466,44,126,0,0,238,234,"Greenwood County, Kansas",92.34668018246326,0.7433688122993749,2.1287379624936644,0.0,0.0,4.020949484710255,3.9533705017739487
48,109,01383840,0500000US48109,48109,Culberson,Culberson County,TX,Texas,06,9873439555,556134,48109,2195,1127,5,64,27,0,849,1712,"Culberson County, Texas",51.34396355353075,0.22779043280182232,2.915717539863326,1.2300683371298404,0.0,38.67881548974943,77.99544419134396
17,041,00424222,0500000US17041,17041,Douglas,Douglas County,IL,Illinois,06,1079110220,1448705,17041,19751,17512,282,46,82,0,1294,1672,"Douglas County, Illinois",88.66386512075339,1.4277758088198067,0.23289960002025215,0.41516885221001465,0.0,6.551567009265353,8.46539415725786
37,155,01026130,0500000US37155,37155,Robeson,Robeson County,NC,North Carolina,06,2453481924,5076395,37155,116902,28260,27308,45465,1013,71,5340,12723,"Robeson County, North Carolina",24.174094540726422,23.359737215787582,38.8915501873364,0.8665377837847086,0.060734632427161206,4.567928692409026,10.883475047475663
55,093,01581107,0500000US55093,55093,Pierce,Pierce County,WI,Wisconsin,06,1486700541,48452323,55093,42584,39265,242,60,501,22,1995,1280,"Pierce County, Wisconsin",92.20599286116851,0.5682885590832237,0.1408979898553447,1.1764982152921286,0.051662596280293065,4.684858162690212,3.005823783580688
29,009,00758459,0500000US29009,29009,Barry,Barry County,MO,Missouri,06,2015326675,32912693,29009,35033,28651,70,257,695,309,3504,3564,"Barry County, Missouri",81.78289041760625,0.19981160619986868,0.7335940399052322,1.983843804412982,0.8820255187965632,10.001998116061998,10.173265207090457
55,097,01581109,0500000US55097,55097,Portage,Portage County,WI,Wisconsin,06,2074252977,56835087,55097,70832,63752,547,112,2039,0,3086,2956,"Portage County, Wisconsin",90.00451773209849,0.7722498305850464,0.1581206234470296,2.878642421504405,0.0,4.356787892477976,4.173255025976959
45,057,01248008,0500000US45057,45057,Lancaster,Lancaster County,SC,South Carolina,06,1422080345,15487881,45057,104475,71819,20156,113,2636,0,7271,7808,"Lancaster County, South Carolina",68.74276142617852,19.29265374491505,0.1081598468533142,2.5230916487197894,0.0,6.9595597032782965,7.473558267528118
47,183,01639799,0500000US47183,47183,Weakley,Weakley County,TN,Tennessee,06,1503107797,3707114,47183,33016,28200,2597,96,446,12,1259,1007,"Weakley County, Tennessee",85.41313302641143,7.865883208141507,0.2907681124303368,1.350860188999273,0.0363460140537921,3.8133026411436877,3.050036346014054
45,067,01248010,0500000US45067,45067,Marion,Marion County,SC,South Carolina,06,1267466476,12418901,45067,28664,11234,15736,185,3,29,903,789,"Marion County, South Carolina",39.19201786212671,54.89813005861011,0.6454088752442088,0.010466089868825006,0.10117220206530841,3.150293050516327,2.752581635500977
56,039,01605083,0500000US56039,56039,Teton,Teton County,WY,Wyoming,06,10351790287,570858887,56039,23396,18227,95,61,368,1,1977,3575,"Teton County, Wyoming",77.90647974012653,0.40605231663532226,0.2607283296289964,1.57291844759788,0.004274234911950761,8.450162420926654,15.280389810223971
06,081,00277305,0500000US06081,06081,San Mateo,San Mateo County,CA,California,06,1161882953,757162988,06081,742340,280904,15785,8434,232971,8444,107200,184940,"San Mateo County, California",37.84034270011046,2.126384136648975,1.1361370800441846,31.383328393997363,1.1374841716733572,14.440822264730446,24.913112589918367
12,081,00295744,0500000US12081,12081,Manatee,Manatee County,FL,Florida,06,1923744063,573084393,12081,429792,307768,33373,2629,9849,380,54921,78657,"Manatee County, Florida",71.60859206313752,7.7649188444643,0.6116912366912367,2.29157359839178,0.08841486114213387,12.778506812597723,18.30117824436006
37,131,01008575,0500000US37131,37131,Northampton,Northampton County,NC,North Carolina,06,1390073545,35850398,37131,16931,6771,9293,50,5,0,693,407,"Northampton County, North Carolina",39.99173114405528,54.8874844958951,0.29531628373988544,0.029531628373988542,0.0,4.093083692634812,2.4038745496426674
01,041,00161546,0500000US01041,01041,Crenshaw,Crenshaw County,AL,Alabama,06,1576952763,5388562,01041,13122,9252,3109,64,90,0,508,288,"Crenshaw County, Alabama",70.50754458161865,23.693034598384394,0.4877305288827923,0.6858710562414266,0.0,3.8713610730071637,2.194787379972565
01,045,00161548,0500000US01045,01045,Dale,Dale County,AL,Alabama,06,1453276164,4051341,01045,49599,33551,10103,247,611,48,3652,3533,"Dale County, Alabama",67.64450896187422,20.36936228552995,0.49799391116756386,1.2318796749934473,0.0967761446803363,7.363051674428919,7.12312748240892
17,121,00424259,0500000US17121,17121,Marion,Marion County,IL,Illinois,06,1482865616,9234118,17121,37000,33280,1097,38,270,1,1827,812,"Marion County, Illinois",89.94594594594595,2.964864864864865,0.10270270270270271,0.7297297297297297,0.002702702702702703,4.937837837837837,2.1945945945945944
19,089,00465233,0500000US19089,19089,Howard,Howard County,IA,Iowa,06,1225702841,931480,19089,9445,8800,79,23,31,0,338,312,"Howard County, Iowa",93.17098994176814,0.8364213869772366,0.24351508734780308,0.328215987294865,0.0,3.578613022763367,3.3033350979354155
40,141,01101858,0500000US40141,40141,Tillman,Tillman County,OK,Oklahoma,06,2256226949,20895054,40141,6910,4462,490,148,19,0,1111,1919,"Tillman County, Oklahoma",64.57308248914616,7.091172214182344,2.141823444283647,0.27496382054992763,0.0,16.078147612156297,27.771345875542693
48,461,01384016,0500000US48461,48461,Upton,Upton County,TX,Texas,06,3215010597,464309,48461,3191,1497,38,5,36,0,343,1747,"Upton County, Texas",46.913193356314636,1.1908492635537449,0.15669069257286117,1.1281729865246004,0.0,10.748981510498275,54.74772798495769
08,055,00198143,0500000US08055,08055,Huerfano,Huerfano County,CO,Colorado,06,4120756290,5792101,08055,6972,5467,0,146,15,0,1017,2136,"Huerfano County, Colorado",78.4136546184739,0.0,2.0940906483075157,0.21514629948364886,0.0,14.586919104991395,30.6368330464716
08,061,00198146,0500000US08061,08061,Kiowa,Kiowa County,CO,Colorado,06,4578603587,47032918,08061,1376,1219,0,6,20,0,116,178,"Kiowa County, Colorado",88.59011627906976,0.0,0.436046511627907,1.4534883720930232,0.0,8.430232558139535,12.936046511627907
37,091,01026127,0500000US37091,37091,Hertford,Hertford County,NC,North Carolina,06,914689325,18737418,37091,19908,6773,11117,342,215,23,926,1274,"Hertford County, North Carolina",34.02149889491662,55.84187261402451,1.7179023508137432,1.0799678521197509,0.11553144464536869,4.651396423548322,6.39943741209564
48,319,01383942,0500000US48319,48319,Mason,Mason County,TX,Texas,06,2405674102,8755301,48319,3955,3340,2,0,8,0,340,749,"Mason County, Texas",84.45006321112515,0.05056890012642225,0.0,0.202275600505689,0.0,8.596713021491782,18.938053097345133
48,061,01383816,0500000US48061,48061,Cameron,Cameron County,TX,Texas,06,2309535802,996401859,48061,426120,150891,2563,2250,3463,225,223968,380524,"Cameron County, Texas",35.41044776119403,0.6014737632591759,0.5280202759785976,0.8126818736506148,0.052802027597859756,52.559842297944236,89.29972777621327
40,083,01101829,0500000US40083,40083,Logan,Logan County,OK,Oklahoma,06,1926268077,13203700,40083,51938,39498,2986,1518,340,45,6117,4664,"Logan County, Oklahoma",76.04836535869691,5.749162462936578,2.922715545458046,0.6546266702606954,0.08664176518156264,11.777503947013747,8.97993761792907
46,013,01265785,0500000US46013,46013,Brown,Brown County,SD,South Dakota,06,4436728204,46414569,46013,37877,32343,561,1154,1121,28,2050,1770,"Brown County, South Dakota",85.38955038677825,1.481109908387676,3.0467038044195687,2.95957969216147,0.07392348918868971,5.412255458457639,4.6730205665707425
46,083,01265769,0500000US46083,46083,Lincoln,Lincoln County,SD,South Dakota,06,1495182130,1179561,46083,70638,63223,1691,361,1230,0,3261,2226,"Lincoln County, South Dakota",89.50281718055437,2.393895636909312,0.5110563719244599,1.7412724029559161,0.0,4.616495370763611,3.1512783487641216
21,043,00516868,0500000US21043,21043,Carter,Carter County,KY,Kentucky,06,1060593553,6782466,21043,26341,25142,104,6,70,0,895,227,"Carter County, Kentucky",95.44816066208573,0.3948217607531984,0.022778178504992218,0.26574541589157585,0.0,3.397744960328006,0.861774420105539
37,087,01008561,0500000US37087,37087,Haywood,Haywood County,NC,North Carolina,06,1433713845,2438478,37087,62662,57171,567,414,229,0,3650,3103,"Haywood County, North Carolina",91.23711340206185,0.9048546168331685,0.6606874980051706,0.3654527464811209,0.0,5.824901854393412,4.951964507995276
42,017,01209173,0500000US42017,42017,Bucks,Bucks County,PA,Pennsylvania,06,1565303838,45293815,42017,647461,525093,24691,1020,32489,69,44158,42668,"Bucks County, Pennsylvania",81.10032882289435,3.8135115474136665,0.15753844633113037,5.0179084145608766,0.010657012545929406,6.8201791304804456,6.5900494392712465
44,003,01219778,0500000US44003,44003,Kent,Kent County,RI,Rhode Island,06,436588773,50686111,44003,171456,146114,3552,451,5056,91,12273,11762,"Kent County, Rhode Island",85.21953154162001,2.0716685330347144,0.2630412467338559,2.948861515490855,0.053074841358715937,7.158104703247481,6.8600690556177675
55,069,01581094,0500000US55069,55069,Lincoln,Lincoln County,WI,Wisconsin,06,2275832535,72745054,55069,28426,26638,136,36,123,8,1225,647,"Lincoln County, Wisconsin",93.70998381763175,0.4784352353479209,0.12664462112150848,0.4327024554984873,0.028143249138112992,4.309435024273553,2.2760852740448883
56,001,01605066,0500000US56001,56001,Albany,Albany County,WY,Wyoming,06,11070455488,89161376,56001,38249,31971,429,300,1395,43,3050,4043,"Albany County, Wyoming",83.58649899343774,1.1215979502732099,0.7843342309602865,3.647154173965332,0.11242123977097442,7.97406468142958,10.570210985908128
56,037,01609192,0500000US56037,56037,Sweetwater,Sweetwater County,WY,Wyoming,06,27005754360,166230245,56037,41542,33545,566,226,197,3,4453,6991,"Sweetwater County, Wyoming",80.74960281161235,1.3624765297770929,0.5440277309710654,0.47421886283761017,0.007221607048288479,10.719272062009534,16.828751624861585
45,081,01248016,0500000US45081,45081,Saluda,Saluda County,SC,South Carolina,06,1172526276,23102147,45081,19131,11275,4063,76,71,7,2460,3275,"Saluda County, South Carolina",58.935758716219745,21.237781610997857,0.3972609900162041,0.3711253985677696,0.03658982802780827,12.858710992629764,17.118812398724582
45,089,01248018,0500000US45089,45089,Williamsburg,Williamsburg County,SC,South Carolina,06,2419477550,7461492,45089,30282,9950,19185,145,238,0,446,758,"Williamsburg County, South Carolina",32.85780331550095,63.35446800079255,0.47883230962287826,0.7859454461396209,0.0,1.4728221385641636,2.5031371772009776
30,023,01719617,0500000US30023,30023,Deer Lodge,Deer Lodge County,MT,Montana,06,1907998859,12199890,30023,9597,8619,34,198,23,8,647,335,"Deer Lodge County, Montana",89.80931541106597,0.3542773783474002,2.063144732728978,0.2396582265291237,0.08335938314056475,6.741690111493175,3.4906741690111494
29,201,00758553,0500000US29201,29201,Scott,Scott County,MO,Missouri,06,1087808788,15175233,29201,37933,31009,3501,8,33,45,3239,995,"Scott County, Missouri",81.74676403131838,9.229430838583818,0.021089816254975878,0.0869954920517755,0.11863021643423932,8.538739356233359,2.623045896712625
25,013,00606933,0500000US25013,25013,Hampden,Hampden County,MA,Massachusetts,06,1598035087,44416923,25013,462815,295267,40334,1292,12007,75,73336,125188,"Hampden County, Massachusetts",63.79806186057064,8.714929291401532,0.2791612199258883,2.5943411514319976,0.016205179175264414,15.845640266629216,27.04925294124002
51,099,01480137,0500000US51099,51099,King George,King George County,VA,Virginia,06,465234037,21087162,51099,27896,19539,4202,7,364,0,2648,1932,"King George County, Virginia",70.04229997132205,15.063091482649844,0.025093203326641816,1.3048465729853742,0.0,9.49240034413536,6.9257241181531395
48,055,01383813,0500000US48055,48055,Caldwell,Caldwell County,TX,Texas,06,1410355153,4949867,48055,48669,22908,2372,575,370,53,16088,27728,"Caldwell County, Texas",47.06897614497935,4.873738930325258,1.1814502044422528,0.7602375228584931,0.10889888840945983,33.05594937229037,56.97261090221701
08,081,00198156,0500000US08081,08081,Moffat,Moffat County,CO,Colorado,06,12284943822,19803411,08081,13207,10997,6,93,67,17,1434,2218,"Moffat County, Colorado",83.26644961005528,0.04543045354736125,0.7041720299840993,0.5073067312788673,0.1287196183841902,10.857878397819338,16.794124328007875
51,051,01497376,0500000US51051,51051,Dickenson,Dickenson County,VA,Virginia,06,855836330,8105806,51051,13733,13423,134,30,13,0,112,101,"Dickenson County, Virginia",97.74266365688487,0.9757518386368602,0.21845190417243138,0.0946624918080536,0.0,0.8155537755770772,0.7354547440471857
19,097,00465237,0500000US19097,19097,Jackson,Jackson County,IA,Iowa,06,1647340581,35133402,19097,19390,18420,189,13,22,90,521,306,"Jackson County, Iowa",94.99742135121197,0.9747292418772563,0.06704486848891181,0.11346054667354306,0.46415678184631254,2.6869520371325426,1.5781330582774626
51,073,01480126,0500000US51073,51073,Gloucester,Gloucester County,VA,Virginia,06,564124714,181747503,51073,39526,32841,3215,72,328,0,2766,1680,"Gloucester County, Virginia",83.08708192076102,8.133886555684866,0.18215857916308253,0.8298335272984871,0.0,6.9979254161817535,4.250366847138593
51,081,01501122,0500000US51081,51081,Greensville,Greensville County,VA,Virginia,06,764634552,4086108,51081,11275,4015,6344,18,26,0,703,325,"Greensville County, Virginia",35.609756097560975,56.26607538802661,0.15964523281596452,0.23059866962305986,0.0,6.235033259423503,2.882483370288248
08,105,00198168,0500000US08105,08105,Rio Grande,Rio Grande County,CO,Colorado,06,2361956083,984295,08105,11321,8268,63,395,11,0,1818,4607,"Rio Grande County, Colorado",73.03241763095133,0.5564879427612403,3.4890910696934903,0.09716456143450225,0.0,16.058652062538645,40.69428495715926
08,111,00198171,0500000US08111,08111,San Juan,San Juan County,CO,Colorado,06,1003660672,2035929,08111,724,619,0,7,0,0,98,132,"San Juan County, Colorado",85.49723756906077,0.0,0.9668508287292817,0.0,0.0,13.535911602209943,18.23204419889503
19,149,00465263,0500000US19149,19149,Plymouth,Plymouth County,IA,Iowa,06,2234715258,2176851,19149,25747,23022,615,110,135,112,1222,1653,"Plymouth County, Iowa",89.41624266904881,2.3886278012972384,0.4272342408824329,0.5243329319920768,0.43500213617120437,4.746184021439391,6.42016545616965
13,241,00351489,0500000US13241,13241,Rabun,Rabun County,GA,Georgia,06,958643876,17853954,13241,17312,15091,145,47,152,0,1433,1525,"Rabun County, Georgia",87.17074861367837,0.8375693160813309,0.27148798521256934,0.878003696857671,0.0,8.277495378927911,8.808918669131238
05,015,00066975,0500000US05015,05015,Carroll,Carroll County,AR,Arkansas,06,1631504843,22715756,05015,28626,20802,94,331,372,387,5492,4504,"Carroll County, Arkansas",72.66820373087403,0.32837280793684065,1.15629148326696,1.2995179207713268,1.351917836931461,19.185355970097113,15.733948159016279
05,033,00069161,0500000US05033,05033,Crawford,Crawford County,AR,Arkansas,06,1541738669,26917847,05033,61139,49797,789,558,692,4,6973,5251,"Crawford County, Arkansas",81.44882971589328,1.2905019709187262,0.9126743976839661,1.13184710250413,0.006542468800601908,11.405158736649275,8.588625917990154
42,127,01213692,0500000US42127,42127,Wayne,Wayne County,PA,Pennsylvania,06,1879734050,64785675,42127,51262,45605,1657,88,389,25,2744,2638,"Wayne County, Pennsylvania",88.96453513323709,3.2324138738246653,0.17166712184464125,0.7588467090632437,0.048769068705864,5.352892981155632,5.146112129842768
42,103,01213683,0500000US42103,42103,Pike,Pike County,PA,Pennsylvania,06,1411272636,56780869,42103,60621,47981,3660,60,829,0,5788,7537,"Pike County, Pennsylvania",79.14913973705482,6.037511753352798,0.0989756025139803,1.3675129080681612,0.0,9.547846455848633,12.43298526913116
48,499,01384035,0500000US48499,48499,Wood,Wood County,TX,Texas,06,1671172293,130731064,48499,46961,38481,1792,15,256,5,4491,5433,"Wood County, Texas",81.94246289474243,3.8159323694129172,0.03194139818146973,0.5451331956304167,0.010647132727156576,9.563254615532037,11.569174421328336
31,059,00835851,0500000US31059,31059,Fillmore,Fillmore County,NE,Nebraska,06,1490202741,2989992,31059,5541,5197,34,33,7,0,256,209,"Fillmore County, Nebraska",93.79173434398123,0.6136076520483668,0.5955603681645912,0.12633098718642843,0.0,4.620104674246526,3.7718823317090777
22,095,01629472,0500000US22095,22095,St. John the Baptist,St. John the Baptist Parish,LA,Louisiana,15,555484721,506440074,22095,40743,12614,23210,147,362,1,2516,3646,"St. John the Baptist Parish, Louisiana",30.959919495373438,56.96684092973025,0.3607981739194463,0.8884961833934663,0.002454409346390791,6.17529391551923,8.948776476940825
30,031,01720053,0500000US30031,30031,Gallatin,Gallatin County,MT,Montana,06,6747831012,73615974,30031,124074,110173,555,755,1560,13,8455,6658,"Gallatin County, Montana",88.79620226638941,0.44731369988877606,0.6085078259748214,1.2573141834711543,0.010477618195592953,6.814481680287571,5.366152457404453
37,139,01026330,0500000US37139,37139,Pasquotank,Pasquotank County,NC,North Carolina,06,587610259,161751355,37139,40834,22478,14163,198,572,156,2397,2469,"Pasquotank County, North Carolina",55.04726453445659,34.684331684380666,0.48489004261154917,1.4007934564333644,0.38203457902728116,5.8701082431307245,6.046431894989469
47,077,01639754,0500000US47077,47077,Henderson,Henderson County,TN,Tennessee,06,1346816755,15219341,47077,27980,24389,2199,37,45,0,979,835,"Henderson County, Tennessee",87.16583273766977,7.859185132237312,0.1322373123659757,0.16082916368834882,0.0,3.498927805575411,2.9842744817726947
48,059,01383815,0500000US48059,48059,Callahan,Callahan County,TX,Texas,06,2329363241,4898783,48059,14241,11886,165,5,82,8,1854,1598,"Callahan County, Texas",83.46323994101537,1.158626500947967,0.03510989396812021,0.5758022610771715,0.05617583034899235,13.018748683378975,11.221122112211221
55,141,01581130,0500000US55141,55141,Wood,Wood County,WI,Wisconsin,06,2053974903,41978094,55141,74004,67397,541,205,1293,2,3599,2763,"Wood County, Wisconsin",91.07210421058322,0.7310415653207935,0.2770120534025188,1.7472028538997892,0.002702556618561159,4.863250635100806,3.733581968542241
55,091,01581106,0500000US55091,55091,Pepin,Pepin County,WI,Wisconsin,06,600897314,43238609,55091,7431,7046,31,11,48,0,196,198,"Pepin County, Wisconsin",94.8190014802853,0.4171713093796259,0.14802852913470596,0.6459426725878078,0.0,2.637599246400215,2.6645135244247076
53,013,01513273,0500000US53013,53013,Columbia,Columbia County,WA,Washington,06,2249624779,12561759,53013,4014,3337,22,13,75,0,414,335,"Columbia County, Washington",83.13403089187842,0.5480817140009965,0.32386646736422525,1.8684603886397608,0.0,10.31390134529148,8.345789735924265
50,021,01461767,0500000US50021,50021,Rutland,Rutland County,VT,Vermont,06,2410114035,38760900,50021,60425,56201,394,64,350,0,3184,1347,"Rutland County, Vermont",93.0095159288374,0.6520479933802235,0.10591642532064544,0.5792304509722797,0.0,5.26934215970211,2.2292097641704594
29,041,00758475,0500000US29041,29041,Chariton,Chariton County,MO,Missouri,06,1945541994,40353307,29041,7390,6892,140,47,14,0,230,111,"Chariton County, Missouri",93.26116373477673,1.8944519621109608,0.6359945872801083,0.18944519621109607,0.0,3.1123139377537212,1.5020297699594045
53,071,01531819,0500000US53071,53071,Walla Walla,Walla Walla County,WA,Washington,06,3289370357,74932288,53071,62161,45047,1032,756,1151,149,8747,14816,"Walla Walla County, Washington",72.46826788500829,1.660204951657792,1.2161966506330335,1.85164331333151,0.23970013352423544,14.071523945882467,23.8348803912421
42,047,01213668,0500000US42047,42047,Elk,Elk County,PA,Pennsylvania,06,2141664056,12792134,42047,30506,28966,184,4,130,0,1156,314,"Elk County, Pennsylvania",94.95181275814593,0.6031600340916541,0.013112174654166394,0.42614567626040784,0.0,3.7894184750540876,1.029305710352062
29,051,00758480,0500000US29051,29051,Cole,Cole County,MO,Missouri,06,1014104091,19106873,29051,77032,61853,7563,248,1130,8,5098,2807,"Cole County, Missouri",80.29520199397653,9.817997715235228,0.32194412711600373,1.4669228372624363,0.010385294423096894,6.618028871118496,3.643940180704123
27,155,00659522,0500000US27155,27155,Traverse,Traverse County,MN,Minnesota,06,1486320974,31025234,27155,3243,2813,20,170,4,0,205,199,"Traverse County, Minnesota",86.74067221708295,0.6167129201356768,5.242059821153253,0.12334258402713535,0.0,6.321307431390688,6.136293555349984
19,071,00465224,0500000US19071,19071,Fremont,Fremont County,IA,Iowa,06,1323918215,14168938,19071,6514,5990,39,5,10,0,450,219,"Fremont County, Iowa",91.95578753454099,0.5987104697574455,0.07675775253300583,0.15351550506601166,0.0,6.908197727970525,3.361989560945656
48,387,01383979,0500000US48387,48387,Red River,Red River County,TX,Texas,06,2703677244,33255080,48387,11611,8694,1892,524,39,5,401,869,"Red River County, Texas",74.87727155283783,16.29489277409353,4.512961846524846,0.33588838170700197,0.04306261303935923,3.45362156575661,7.484282146240634
39,141,01074083,0500000US39141,39141,Ross,Ross County,OH,Ohio,06,1784931094,9994410,39141,76492,67825,4202,167,417,26,3070,1092,"Ross County, Ohio",88.6694033362966,5.493384929142917,0.21832348480886893,0.545155048894002,0.03399048266485384,4.0134916069654345,1.4276002719238612
08,039,00198136,0500000US08039,08039,Elbert,Elbert County,CO,Colorado,06,4791700177,442147,08039,27874,23624,215,85,199,104,3242,2562,"Elbert County, Colorado",84.75281624452894,0.7713281193944177,0.304943675109421,0.7139269570208797,0.37310755542799745,11.63091052593815,9.191361125062784
48,083,01383827,0500000US48083,48083,Coleman,Coleman County,TX,Texas,06,3270933224,47963343,48083,7833,6085,360,12,44,0,1143,1297,"Coleman County, Texas",77.68415677262863,4.595940252776714,0.15319800842589046,0.5617260308949318,0.0,14.592110302566066,16.558151410698326
48,427,01383999,0500000US48427,48427,Starr,Starr County,TX,Texas,06,3168019235,15346374,48427,66067,21731,280,90,38,0,35021,64218,"Starr County, Texas",32.892366839723316,0.4238121906549412,0.1362253469962311,0.05751736873174202,0.0,53.00830974616677,97.20132592671077
12,021,00295754,0500000US12021,12021,Collier,Collier County,FL,Florida,06,5171811319,1575210651,12021,398291,259290,26111,6207,6132,194,82127,112189,"Collier County, Florida",65.10064249506014,6.555759482388505,1.5584082994594404,1.5395778463485241,0.048708105380237066,20.61984830186974,28.16759605414132
08,067,00198148,0500000US08067,08067,La Plata,La Plata County,CO,Colorado,06,4376255278,25642579,08067,56331,45897,140,2836,459,115,5249,7244,"La Plata County, Colorado",81.47733929807744,0.24853100424277927,5.034528057375157,0.8148266496245407,0.2041504677708544,9.318137437645346,12.85970424810495
17,069,00424236,0500000US17069,17069,Hardin,Hardin County,IL,Illinois,06,459435094,10485761,17069,3605,3477,49,0,0,0,63,33,"Hardin County, Illinois",96.4493758668516,1.3592233009708738,0.0,0.0,0.0,1.7475728155339807,0.9153952843273232
22,099,01629486,0500000US22099,22099,St. Martin,St. Martin Parish,LA,Louisiana,15,1910038831,205294657,22099,51353,32564,14690,93,390,48,3178,1873,"St. Martin Parish, Louisiana",63.412069401982365,28.605923704554748,0.18109944891242966,0.759449301890834,0.0934706833096411,6.188538157459155,3.647303954978288
40,117,01101846,0500000US40117,40117,Pawnee,Pawnee County,OK,Oklahoma,06,1472027959,68849518,40117,15795,12026,131,1442,81,60,1845,615,"Pawnee County, Oklahoma",76.13801836024058,0.8293763849319405,9.129471351693574,0.5128205128205128,0.3798670465337132,11.68091168091168,3.89363722697056
48,041,01383806,0500000US48041,48041,Brazos,Brazos County,TX,Texas,06,1518090934,13210254,48041,242311,153237,25439,1533,14486,235,34313,66411,"Brazos County, Texas",63.23980339316003,10.498491607892337,0.6326580303824424,5.978267598251833,0.0969828030918943,14.160727329753911,27.407340153769326
36,107,00974151,0500000US36107,36107,Tioga,Tioga County,NY,New York,06,1343600016,11044570,36107,47864,44735,624,11,454,5,1592,1149,"Tioga County, New York",93.46272772856426,1.3036937990974429,0.022981781714858766,0.9485208089587164,0.010446264415844893,3.326090590005014,2.4005515627611564
40,023,01101799,0500000US40023,40023,Choctaw,Choctaw County,OK,Oklahoma,06,1995281898,75475686,40023,14297,8426,1408,2175,110,8,1912,723,"Choctaw County, Oklahoma",58.93544100160872,9.848219906274043,15.212981744421908,0.7693921801776596,0.055955794922011616,13.373434986360774,5.057004966076799
48,339,01383955,0500000US48339,48339,Montgomery,Montgomery County,TX,Texas,06,2699248493,89868467,48339,684432,456971,43569,3486,23374,508,121424,191006,"Montgomery County, Texas",66.76645744208336,6.365716389648643,0.509327442317133,3.415094560160834,0.07422212871402857,17.740842041283866,27.90722818336957
25,001,00606927,0500000US25001,25001,Barnstable,Barnstable County,MA,Massachusetts,06,1020973580,2360362409,25001,231668,198817,6467,1025,3422,0,16406,8561,"Barnstable County, Massachusetts",85.81979384291314,2.7914947252102147,0.44244349672807637,1.4771138007838804,0.0,7.0816858608008015,3.6953744151112797
32,007,00857664,0500000US32007,32007,Elko,Elko County,NV,Nevada,06,44479019595,74784279,32007,54047,35597,436,2441,802,85,9916,14063,"Elko County, Nevada",65.86304512738911,0.8067052750383925,4.5164393953410915,1.4838936481210798,0.15727052380335632,18.3469942827539,26.019945602901178
37,005,01008533,0500000US37005,37005,Alleghany,Alleghany County,NC,North Carolina,06,608220280,3687222,37005,11174,9932,193,9,52,0,785,1274,"Alleghany County, North Carolina",88.88491140146769,1.7272239126543762,0.08054412027921962,0.46536602827993556,0.0,7.025237157687489,11.401467692858422
40,113,01101844,0500000US40113,40113,Osage,Osage County,OK,Oklahoma,06,5818878186,148530641,40113,45997,28985,4657,5117,121,8,6264,2155,"Osage County, Oklahoma",63.01497923777638,10.124573341739678,11.124638563384568,0.2630606343891993,0.017392438637302433,13.618279453007807,4.685088157923343
45,019,01252740,0500000US45019,45019,Charleston,Charleston County,SC,South Carolina,06,2377809399,1139534056,45019,420264,276973,96255,1909,7521,438,25211,30143,"Charleston County, South Carolina",65.90452667846877,22.90346068185712,0.45423828831401214,1.7895894009479756,0.10422020444292159,5.998848342946339,7.172396398454304
48,157,01383864,0500000US48157,48157,Fort Bend,Fort Bend County,TX,Texas,06,2232028398,60759107,48157,893767,300429,186159,3781,197513,539,142468,220445,"Fort Bend County, Texas",33.613794199159294,20.828582840941767,0.4230409043967835,22.098936299952896,0.06030654521816088,15.940172326792107,24.66470567832556
13,115,00353665,0500000US13115,13115,Floyd,Floyd County,GA,Georgia,06,1320431515,22387093,13115,99693,70982,13764,784,1463,111,8065,12383,"Floyd County, Georgia",71.2005857984011,13.806385603803678,0.7864142918760595,1.4675052410901468,0.11134181938551352,8.089835795893393,12.42113287793526
12,083,00306922,0500000US12083,12083,Marion,Marion County,FL,Florida,06,4113994500,192281277,12083,400078,276476,48446,1143,7062,318,51396,68129,"Marion County, Florida",69.10552442273756,12.10913871795,0.28569428961352533,1.7651557946200491,0.07948450052239814,12.84649493348797,17.028929358775038
17,145,01784940,0500000US17145,17145,Perry,Perry County,IL,Illinois,06,1144587283,13199036,17145,20639,17644,1573,10,74,0,1030,760,"Perry County, Illinois",85.48863801540773,7.621493289403556,0.048451959881777217,0.3585445031251514,0.0,4.990551867823053,3.6823489510150686
12,001,00308548,0500000US12001,12001,Alachua,Alachua County,FL,Florida,06,2267910948,241291892,12001,285492,175298,55041,419,17381,50,29710,35896,"Alachua County, Florida",61.40207081109102,19.27934933378168,0.14676418253401147,6.088086531321368,0.017513625600717356,10.406596331946254,12.573382091267005
29,073,00758491,0500000US29073,29073,Gasconade,Gasconade County,MO,Missouri,06,1344216320,18008168,29073,14746,14051,127,44,16,37,455,237,"Gasconade County, Missouri",95.28685745286857,0.8612505086125051,0.29838600298386003,0.10850400108504,0.250915502509155,3.085582530855825,1.6072155160721553
20,147,00485037,0500000US20147,20147,Phillips,Phillips County,KS,Kansas,06,2294395636,22493383,20147,4813,4453,36,36,22,0,234,165,"Phillips County, Kansas",92.52025763557033,0.747974236442967,0.747974236442967,0.4570953667151465,0.0,4.861832536879286,3.4282152503635985
42,063,01213673,0500000US42063,42063,Indiana,Indiana County,PA,Pennsylvania,06,2142969423,18085568,42063,83042,76532,1886,16,743,3,3568,1546,"Indiana County, Pennsylvania",92.16059343464752,2.271139905108259,0.019267358685966136,0.8947279689795525,0.003612629753618651,4.296620986970448,1.8617085330314782
39,163,01074093,0500000US39163,39163,Vinton,Vinton County,OH,Ohio,06,1068008168,6781751,39163,12630,12129,128,0,183,0,181,25,"Vinton County, Ohio",96.0332541567696,1.0134600158353129,0.0,1.4489311163895486,0.0,1.433095803642122,0.1979414093428345
13,179,00357095,0500000US13179,13179,Liberty,Liberty County,GA,Georgia,06,1337632044,222884791,13179,67397,25712,28503,345,1175,355,9036,8535,"Liberty County, Georgia",38.15006602667775,42.29119990504028,0.5118922207219906,1.7434010415893881,0.5267296763950917,13.407124946214225,12.663768416991855
12,057,00295757,0500000US12057,12057,Hillsborough,Hillsborough County,FL,Florida,06,2648267124,790775123,12057,1522748,768981,243988,6347,70301,961,320033,462209,"Hillsborough County, Florida",50.499557379159256,16.022874434903216,0.4168122368244778,4.616719247045474,0.06310958871724015,21.016806457798666,30.3536107090602
36,083,00974140,0500000US36083,36083,Rensselaer,Rensselaer County,NY,New York,06,1689859764,33525770,36083,160332,128235,11173,250,5164,19,11310,9863,"Rensselaer County, New York",79.98091460220044,6.968665020083327,0.15592645261083252,3.220816805129357,0.01185041039842327,7.054112716114064,6.151610408402565
05,057,00066858,0500000US05057,05057,Hempstead,Hempstead County,AR,Arkansas,06,1883439299,35737908,05057,19508,10677,5588,34,128,0,1842,2986,"Hempstead County, Arkansas",54.73139224933361,28.644658601599343,0.1742874718064384,0.656141070330121,0.0,9.442280090219397,15.306540906294853
36,085,00974141,0500000US36085,36085,Richmond,Richmond County,NY,New York,06,148982680,117441532,36085,494956,294959,48641,2575,63222,101,55995,96941,"Richmond County, New York",59.59297392091418,9.82733818763688,0.5202482644921973,12.773256612709009,0.020405854257752206,11.313126823394402,19.585781362383727
29,209,00758557,0500000US29209,29209,Stone,Stone County,MO,Missouri,06,1201281541,121206471,29209,32048,29929,104,123,89,5,1448,936,"Stone County, Missouri",93.3880429355966,0.32451323015476785,0.38379930104842735,0.27770843734398404,0.01560159760359461,4.518222666000998,2.9206190713929105
29,225,00758565,0500000US29225,29225,Webster,Webster County,MO,Missouri,06,1534731555,3109298,29225,40500,37143,434,126,49,66,2469,947,"Webster County, Missouri",91.71111111111111,1.071604938271605,0.3111111111111111,0.12098765432098765,0.16296296296296295,6.0962962962962965,2.3382716049382712
40,061,01101818,0500000US40061,40061,Haskell,Haskell County,OK,Oklahoma,06,1493711222,126247870,40061,11683,7996,32,1869,135,0,1497,621,"Haskell County, Oklahoma",68.44132500213986,0.27390225113412653,15.997603355302575,1.1555251219720963,0.0,12.813489685868356,5.315415561071642
39,053,01074039,0500000US39053,39053,Gallia,Gallia County,OH,Ohio,06,1208305870,12087309,39053,29068,27012,590,34,237,1,862,308,"Gallia County, Ohio",92.92692995734141,2.0297234071831567,0.1169671116003853,0.8153295720379798,0.003440209164717215,2.965460299986239,1.059584422732902
28,013,00695731,0500000US28013,28013,Calhoun,Calhoun County,MS,Mississippi,06,1519218292,3590388,28013,12922,8230,3439,0,11,0,424,814,"Calhoun County, Mississippi",63.68983129546509,26.613527317752673,0.0,0.08512614146416964,0.0,3.281225816437084,6.299334468348553
28,023,00695736,0500000US28023,28023,Clarke,Clarke County,MS,Mississippi,06,1791173034,5073931,28023,15314,9706,4777,66,26,0,737,166,"Clarke County, Mississippi",63.37991380436202,31.193678986548257,0.43097818989160247,0.1697792869269949,0.0,4.812589787122894,1.0839754473031213
46,049,01265760,0500000US46049,46049,Faulk,Faulk County,SD,South Dakota,06,2542625555,62622903,46049,2126,2021,0,5,5,0,91,28,"Faulk County, South Dakota",95.06114769520225,0.0,0.23518344308560676,0.23518344308560676,0.0,4.280338664158044,1.317027281279398
46,129,01266973,0500000US46129,46129,Walworth,Walworth County,SD,South Dakota,06,1832300802,96288709,46129,5271,4142,18,561,32,0,506,29,"Walworth County, South Dakota",78.58091443748815,0.3414911781445646,10.64314171883893,0.6070954278125593,0.0,9.599696452286095,0.5501802314551318
54,067,01550040,0500000US54067,54067,Nicholas,Nicholas County,WV,West Virginia,06,1675324341,19580619,54067,24277,23386,133,2,59,0,453,265,"Nicholas County, West Virginia",96.32985953783417,0.5478436380112863,0.008238250195658442,0.24302838077192407,0.0,1.8659636693166373,1.0915681509247437
72,119,01804540,0500000US72119,72119,Río Grande,Río Grande Municipio,PR,Puerto Rico,13,157008569,74876349,72119,46051,3337,5090,125,174,0,20772,45819,"Río Grande Municipio, Puerto Rico",7.246313869405658,11.052963019261254,0.27143818809580683,0.37784195782936314,0.0,45.106512345008795,99.49621072289419
18,135,00446853,0500000US18135,18135,Randolph,Randolph County,IN,Indiana,06,1171656773,2420288,18135,24387,22324,173,75,114,10,1076,1287,"Randolph County, Indiana",91.54057489646122,0.7093943494484767,0.30754090294009107,0.46746217246893834,0.04100545372534547,4.412186820847173,5.2774018944519625
02,122,01419972,0500000US02122,02122,Kenai Peninsula,Kenai Peninsula Borough,AK,Alaska,04,41484935565,22541172100,02122,60413,47520,364,3775,1110,176,6332,2654,"Kenai Peninsula Borough, Alaska",78.65856686474766,0.6025193253107775,6.248655090791717,1.8373528876235248,0.2913280254249913,10.481187823812755,4.393094201579131
08,097,00198164,0500000US08097,08097,Pitkin,Pitkin County,CO,Colorado,06,2514104906,6472577,08097,16985,14200,95,52,341,0,1389,1935,"Pitkin County, Colorado",83.60317927583162,0.5593170444509862,0.30615248748896084,2.007653812187224,0.0,8.17780394465705,11.39240506329114
18,037,00451675,0500000US18037,18037,Dubois,Dubois County,IN,Indiana,06,1106616360,20892925,18037,43614,38371,346,33,211,6,3124,4372,"Dubois County, Indiana",87.97863071490806,0.7933232448296419,0.07566377768606411,0.48378960884119776,0.013757050488375291,7.1628376209474025,10.024304122529463
21,239,00516966,0500000US21239,21239,Woodford,Woodford County,KY,Kentucky,06,490993051,6380990,21239,27279,23437,1045,116,121,0,1195,2134,"Woodford County, Kentucky",85.91590600828476,3.8307855859818907,0.42523552916162616,0.4435646467979031,0.0,4.3806591150702,7.822867407163018
30,095,01719572,0500000US30095,30095,Stillwater,Stillwater County,MT,Montana,06,4653550993,23732517,30095,9182,8543,4,25,34,0,508,319,"Stillwater County, Montana",93.04073186669571,0.04356349379220214,0.27227183620126333,0.37028969723371813,0.0,5.532563711609671,3.47418862992812
41,047,01135859,0500000US41047,41047,Marion,Marion County,OR,Oregon,06,3058371467,26476522,41047,349244,231379,4236,4297,7059,3817,59819,101164,"Marion County, Oregon",66.25138871390776,1.2129055903608936,1.2303718889945139,2.021222984503671,1.092932162041438,17.128139638762583,28.96656778641866
42,065,01213674,0500000US42065,42065,Jefferson,Jefferson County,PA,Pennsylvania,06,1689810006,11296015,42065,43864,42057,157,26,121,0,1316,446,"Jefferson County, Pennsylvania",95.88044865949298,0.3579244938902061,0.05927412000729528,0.27585263541856647,0.0,3.0001823819077145,1.0167791355097573
18,161,00450395,0500000US18161,18161,Union,Union County,IN,Indiana,06,417480472,10326625,18161,6985,6644,40,4,30,0,190,178,"Union County, Indiana",95.11811023622047,0.5726556907659269,0.0572655690765927,0.4294917680744453,0.0,2.720114531138153,2.5483178239083752
29,103,00758506,0500000US29103,29103,Knox,Knox County,MO,Missouri,06,1305380281,7303439,29103,3756,3561,24,3,7,76,76,11,"Knox County, Missouri",94.80830670926518,0.6389776357827476,0.07987220447284345,0.1863684771033014,2.023429179978701,2.023429179978701,0.2928647497337593
29,119,00758518,0500000US29119,29119,McDonald,McDonald County,MO,Missouri,06,1397155454,520251,29119,23701,16618,466,355,320,910,3401,2949,"McDonald County, Missouri",70.11518501329058,1.9661617653263574,1.4978270959031263,1.3501540019408464,3.8395004430192823,14.349605501877557,12.442512974136113
19,151,00465264,0500000US19151,19151,Pocahontas,Pocahontas County,IA,Iowa,06,1495047211,3666528,19151,7046,6327,91,17,12,55,377,412,"Pocahontas County, Iowa",89.79562872551803,1.2915129151291513,0.24127164348566565,0.17030939540164633,0.7805847289242124,5.350553505535055,5.84728924212319
29,127,00758517,0500000US29127,29127,Marion,Marion County,MO,Missouri,06,1131623305,19113754,29127,28457,25370,1192,68,228,0,1449,582,"Marion County, Missouri",89.15205397617459,4.188776048072531,0.23895702287662088,0.8012088414098464,0.0,5.091893031591524,2.045190989914608
51,149,01480160,0500000US51149,51149,Prince George,Prince George County,VA,Virginia,06,687232241,42745198,51149,43146,23235,13557,267,801,196,3821,4487,"Prince George County, Virginia",53.85203726880823,31.421220970657764,0.6188290919204561,1.8564872757613684,0.45427154313261947,8.855977379131321,10.399573541000324
06,011,01675902,0500000US06011,06011,Colusa,Colusa County,CA,California,06,2980245446,14696164,06011,21984,8466,335,316,215,25,4977,13832,"Colusa County, California",38.50982532751092,1.5238355167394468,1.4374090247452693,0.9779839883551675,0.11371906841339155,22.63919213973799,62.91848617176128
38,067,01034212,0500000US38067,38067,Pembina,Pembina County,ND,North Dakota,06,2896993133,7008436,38067,6727,6030,65,102,32,12,463,286,"Pembina County, North Dakota",89.63876913928944,0.9662553887319757,1.5162776869332542,0.475694960606511,0.17838561022744165,6.882711461275457,4.251523710420693
38,091,01034220,0500000US38091,38091,Steele,Steele County,ND,North Dakota,06,1844441508,8435674,38091,1804,1705,3,11,0,4,69,35,"Steele County, North Dakota",94.51219512195121,0.1662971175166297,0.6097560975609756,0.0,0.22172949002217296,3.8248337028824833,1.9401330376940134
37,077,01008556,0500000US37077,37077,Granville,Granville County,NC,North Carolina,06,1377850210,14503653,37077,60877,34534,17711,274,225,183,4023,6751,"Granville County, North Carolina",56.72749971253511,29.093089344087257,0.45008788212296924,0.3695977134221463,0.3006061402500123,6.608407115987975,11.089574059168488
42,003,01213657,0500000US42003,42003,Allegheny,Allegheny County,PA,Pennsylvania,06,1890570512,37045297,42003,1238177,941697,154273,1255,53826,224,71449,36691,"Allegheny County, Pennsylvania",76.05511974459225,12.459688719787236,0.10135869104336455,4.347197533147522,0.018091112983038775,5.770499694308649,2.963308153842302
37,109,01008569,0500000US37109,37109,Lincoln,Lincoln County,NC,North Carolina,06,766239895,23350160,37109,92716,77009,5472,300,733,18,6128,7542,"Lincoln County, North Carolina",83.05901893955736,5.901893955735795,0.3235687475732344,0.7905863065706027,0.019414124854394064,6.609430950429268,8.134518313991112
37,115,01025834,0500000US37115,37115,Madison,Madison County,NC,North Carolina,06,1164498325,4840167,37115,21867,20036,239,21,107,8,1242,796,"Madison County, North Carolina",91.62665203274341,1.092971143732565,0.09603512141583208,0.48932180911876344,0.036584808158412224,5.679791466593497,3.640188411762016
35,049,00933322,0500000US35049,35049,Santa Fe,Santa Fe County,NM,New Mexico,06,4947861290,2643021,35049,156105,88445,1540,5097,2271,155,39902,74740,"Santa Fe County, New Mexico",56.65737804682745,0.9865154863713526,3.265110022100509,1.4547900451619102,0.09929214310880496,25.56100060856475,47.87803081259408
01,007,00161529,0500000US01007,01007,Bibb,Bibb County,AL,Alabama,06,1612188713,9572302,01007,22130,16378,4378,130,99,0,889,766,"Bibb County, Alabama",74.00813375508359,19.783099864437414,0.587437867148667,0.447356529597831,0.0,4.017171260732038,3.4613646633529145
01,081,00161566,0500000US01081,01081,Lee,Lee County,AL,Alabama,06,1573532275,21511295,01081,181134,120001,40057,742,7858,57,8853,9779,"Lee County, Alabama",66.24984817869644,22.114567116057728,0.40964148089259883,4.338224739695474,0.03146841564808374,4.887541819868164,5.398765554782647
20,023,00484981,0500000US20023,20023,Cheyenne,Cheyenne County,KS,Kansas,06,2641501921,2738021,20023,2628,2321,3,23,0,5,221,246,"Cheyenne County, Kansas",88.31811263318113,0.1141552511415525,0.8751902587519025,0.0,0.1902587519025875,8.409436834094368,9.360730593607306
26,063,01622974,0500000US26063,26063,Huron,Huron County,MI,Michigan,06,2165275137,3369019054,26063,31113,29230,108,70,180,16,1078,886,"Huron County, Michigan",93.94786745090477,0.34712178189181375,0.22498634011506444,0.5785363031530228,0.05142544916915759,3.4647896377719922,2.8476842477421016
29,023,00758466,0500000US29023,29023,Butler,Butler County,MO,Missouri,06,1799410880,11191324,29023,42020,36461,1978,78,185,2,2896,1035,"Butler County, Missouri",86.7705854355069,4.707282246549262,0.18562589243217514,0.4402665397429796,0.00475963826749167,6.891956211327939,2.4631128034269394
40,035,01101805,0500000US40035,40035,Craig,Craig County,OK,Oklahoma,06,1971642559,3649781,40035,14302,8852,479,2815,232,21,1740,566,"Craig County, Oklahoma",61.893441476716546,3.3491819325968395,19.68256187945742,1.6221507481471122,0.14683261082366103,12.166130611103341,3.957488463152007
56,019,01609191,0500000US56019,56019,Johnson,Johnson County,WY,Wyoming,06,10759204099,52952166,56019,8686,7964,1,144,47,0,308,373,"Johnson County, Wyoming",91.68777342850564,0.011512779184895234,1.6578402026249137,0.541100621690076,0.0,3.545935988947732,4.294266635965922
45,079,01249299,0500000US45079,45079,Richland,Richland County,SC,South Carolina,06,1961418134,37932713,45079,422117,170439,200284,885,12651,334,25339,27169,"Richland County, South Carolina",40.37719400071544,47.44750862912415,0.2096575120168105,2.997036366694542,0.07912498193628781,6.002838075699391,6.436367168344321
45,085,01244717,0500000US45085,45085,Sumter,Sumter County,SC,South Carolina,06,1722544863,44046815,45085,104725,46981,48127,568,1553,148,5326,4655,"Sumter County, South Carolina",44.86130341370255,45.955597994748146,0.5423728813559322,1.4829314872284556,0.14132251133922177,5.085700644545237,4.444974934351873
54,029,01560574,0500000US54029,54029,Hancock,Hancock County,WV,West Virginia,06,213958963,13877476,54029,28431,26330,501,7,146,84,1143,496,"Hancock County, West Virginia",92.61017902993211,1.7621610214202807,0.024621012275333264,0.5135239703140938,0.29545214730399916,4.020259575815131,1.7445745840807567
05,139,00069903,0500000US05139,05139,Union,Union County,AR,Arkansas,06,2691170081,42102269,05139,37900,23334,12235,73,325,0,1702,1793,"Union County, Arkansas",61.56728232189974,32.28232189973615,0.19261213720316622,0.8575197889182058,0.0,4.490765171503957,4.730870712401056
13,257,00350028,0500000US13257,13257,Stephens,Stephens County,GA,Georgia,06,463250297,13039270,13257,27012,21871,2197,86,284,76,1877,1068,"Stephens County, Georgia",80.96771805123649,8.1334221827336,0.3183770176217977,1.0513845698208204,0.28135643417740264,6.948763512512956,3.9537983118613953
18,033,00450346,0500000US18033,18033,DeKalb,DeKalb County,IN,Indiana,06,939731959,2657419,18033,43807,41507,46,24,241,0,1780,1347,"DeKalb County, Indiana",94.74969753692332,0.10500604926153355,0.054785764832104455,0.5501403885223822,0.0,4.063277558381081,3.074851051201863
19,167,00465272,0500000US19167,19167,Sioux,Sioux County,IA,Iowa,06,1988881469,2802041,19167,36212,30791,214,130,197,6,2391,5193,"Sioux County, Iowa",85.02982436761295,0.5909643212194853,0.3589970175632387,0.5440185573842925,0.016569093118303322,6.602783607643875,14.340550093891528
24,033,01714670,0500000US24033,24033,Prince George's,Prince George's County,MD,Maryland,06,1250040419,41926971,24033,959754,118974,564636,5727,37571,459,78758,216088,"Prince George's County, Maryland",12.39630155227277,58.831325527166335,0.5967154083233829,3.914648962129879,0.04782475509349271,8.20606113649956,22.51493611904717
34,015,00882277,0500000US34015,34015,Gloucester,Gloucester County,NJ,New Jersey,06,833996720,38239948,34015,306954,232690,33266,515,9702,164,20683,25470,"Gloucester County, New Jersey",75.80614684936505,10.837454472005577,0.16777758230874984,3.1607341816689143,0.053428200968223254,6.738143174547326,8.297660235735647
38,017,01034226,0500000US38017,38017,Cass,Cass County,ND,North Dakota,06,4571159546,7449101,38017,193400,159233,13496,1881,6219,4,10258,6953,"Cass County, North Dakota",82.3335056876939,6.978283350568769,0.9725956566701138,3.2156153050672183,0.002068252326783868,5.304033092037228,3.595139607032058
34,019,00882228,0500000US34019,34019,Hunterdon,Hunterdon County,NJ,New Jersey,06,1108086285,24761598,34019,130160,105731,3336,244,6436,40,10473,12117,"Hunterdon County, New Jersey",81.23156115550091,2.56299938537185,0.18746158574062693,4.944683466502766,0.030731407498463426,8.046250768285187,9.309311616472034
42,043,01213667,0500000US42043,42043,Dauphin,Dauphin County,PA,Pennsylvania,06,1359407361,86047350,42043,289593,182570,49862,832,18938,57,23616,34032,"Dauphin County, Pennsylvania",63.04365091697658,17.217957616378847,0.28729976207988456,6.539522709457756,0.019682796200184396,8.15489324672903,11.7516652681522
05,021,00063759,0500000US05021,05021,Clay,Clay County,AR,Arkansas,06,1655581940,5497697,05021,14280,13353,10,57,4,0,827,158,"Clay County, Arkansas",93.50840336134453,0.0700280112044818,0.3991596638655462,0.028011204481792715,0.0,5.791316526610644,1.1064425770308124
37,009,01008535,0500000US37009,37009,Ashe,Ashe County,NC,North Carolina,06,1104018838,8062965,37009,26950,25019,272,139,119,0,1087,1630,"Ashe County, North Carolina",92.83487940630798,1.0092764378478665,0.5157699443413729,0.4415584415584416,0.0,4.033395176252319,6.0482374768089056
51,041,01480111,0500000US51041,51041,Chesterfield,Chesterfield County,VA,Virginia,06,1096874571,34967237,51041,377869,218762,88373,1276,13687,236,31287,44796,"Chesterfield County, Virginia",57.893608631562785,23.3872056188785,0.3376831653297836,3.6221547679222166,0.062455507067264056,8.279853600057162,11.854902095699831
37,075,01008555,0500000US37075,37075,Graham,Graham County,NC,North Carolina,06,756190895,25055910,37075,8072,6853,30,817,54,0,194,240,"Graham County, North Carolina",84.89841427155599,0.3716551040634291,10.121407333994053,0.6689791873141724,0.0,2.4033696729435086,2.973240832507433
02,290,01419987,0500000US02290,02290,Yukon-Koyukuk,Yukon-Koyukuk Census Area,AK,Alaska,05,377038947604,5944745270,02290,5195,1145,100,3419,72,7,425,115,"Yukon-Koyukuk Census Area, Alaska",22.040423484119344,1.9249278152069296,65.81328200192493,1.3859480269489894,0.1347449470644851,8.180943214629451,2.213666987487969
01,065,00161558,0500000US01065,01065,Hale,Hale County,AL,Alabama,06,1667926667,32403804,01065,14829,5645,8105,60,15,0,922,195,"Hale County, Alabama",38.06730055971407,54.656416481219225,0.4046125834513453,0.10115314586283633,0.0,6.217546699035673,1.3149908962168724
54,099,01550056,0500000US54099,54099,Wayne,Wayne County,WV,West Virginia,06,1310547891,15816947,54099,38164,36590,366,0,17,6,1031,346,"Wayne County, West Virginia",95.87569437165916,0.9590189707577822,0.0,0.044544597002410646,0.015721622471439052,2.7014987946756106,0.9066135625196521
08,013,00198122,0500000US08013,08013,Boulder,Boulder County,CO,Colorado,06,1881325518,36485231,08013,328961,255881,2770,1121,15523,204,42689,48466,"Boulder County, Colorado",77.78460060615087,0.8420451056508219,0.3407698784962351,4.718796453074985,0.06201343016345403,12.976918236508277,14.733053462264522
18,013,00451684,0500000US18013,18013,Brown,Brown County,IN,Indiana,06,808043850,12025990,18013,15606,14706,46,145,86,12,556,304,"Brown County, Indiana",94.23298731257209,0.2947584262463155,0.9291298218633859,0.5510701012431116,0.07689350249903884,3.5627322824554657,1.9479687299756503
20,007,00484973,0500000US20007,20007,Barber,Barber County,KS,Kansas,06,2937240778,5411508,20007,4069,3671,3,92,0,0,281,258,"Barber County, Kansas",90.21872695994102,0.07372818874416319,2.2609977881543375,0.0,0.0,6.905873679036619,6.340624231998033
20,155,00485041,0500000US20155,20155,Reno,Reno County,KS,Kansas,06,3251231985,43517492,20155,61553,52333,1667,485,342,127,5104,6388,"Reno County, Kansas",85.02103877958832,2.7082351794388577,0.7879388494468182,0.5556187350738387,0.20632625542215652,8.292041005312495,10.37804818611603
48,023,01383797,0500000US48023,48023,Baylor,Baylor County,TX,Texas,06,2246764590,86991035,48023,3485,2874,43,15,0,17,374,458,"Baylor County, Texas",82.46771879483501,1.2338593974175036,0.430416068866571,0.0,0.4878048780487805,10.731707317073171,13.142037302725967
01,053,00161552,0500000US01053,01053,Escambia,Escambia County,AL,Alabama,06,2448595164,20024887,01053,36629,22148,10831,1040,165,0,1922,862,"Escambia County, Alabama",60.46575118075842,29.56946681591089,2.8392803516339513,0.4504627480957711,0.0,5.247208496000437,2.3533265991427554
16,071,00399759,0500000US16071,16071,Oneida,Oneida County,ID,Idaho,06,3105269247,3995240,16071,4768,4474,19,29,0,0,202,212,"Oneida County, Idaho",93.83389261744966,0.39848993288590606,0.6082214765100671,0.0,0.0,4.2365771812080535,4.446308724832215
20,175,00485050,0500000US20175,20175,Seward,Seward County,KS,Kansas,06,1656693304,1961444,20175,21486,7269,716,621,513,0,7424,14486,"Seward County, Kansas",33.831332030159174,3.332402494647677,2.890254118961184,2.387601228707065,0.0,34.552732011542396,67.42064600204785
37,063,01008550,0500000US37063,37063,Durham,Durham County,NC,North Carolina,06,744736824,26723652,37063,332353,144356,106591,2258,17932,150,31942,52523,"Durham County, North Carolina",43.434540985036996,32.07162264219068,0.6793981098410425,5.395468071598572,0.0451327353747371,9.610865555599018,15.803377733915443
17,115,00424256,0500000US17115,17115,Macon,Macon County,IL,Illinois,06,1503684113,13406665,17115,101849,75616,16552,99,1564,43,6831,2915,"Macon County, Illinois",74.24324244715216,16.251509587723,0.09720272167620693,1.53560663334937,0.04221936396037271,6.706987795658279,2.8620801382438708
37,079,01008557,0500000US37079,37079,Greene,Greene County,NC,North Carolina,06,690838977,1229492,37079,20486,9811,6514,221,10,2,2511,3166,"Greene County, North Carolina",47.89124279996095,31.79732500244069,1.0787855120570145,0.048813824074978036,0.009762764814995606,12.257151225226984,15.454456702138044
19,179,00465278,0500000US19179,19179,Wapello,Wapello County,IA,Iowa,06,1118466908,10822775,19179,35362,27965,1068,155,634,857,3175,4748,"Wapello County, Iowa",79.08206549403315,3.020191165658051,0.4383236242293988,1.7928850178157343,2.4235054578360953,8.978564560828008,13.426842373168938
17,147,00424275,0500000US17147,17147,Piatt,Piatt County,IL,Illinois,06,1137492088,754122,17147,16695,15860,240,14,106,0,350,271,"Piatt County, Illinois",94.99850254567235,1.4375561545372868,0.08385744234800838,0.6349206349206349,0.0,2.0964360587002098,1.6232404911650196
06,099,00277314,0500000US06099,06099,Stanislaus,Stanislaus County,CA,California,06,3875010966,46378767,06099,553990,237229,15171,7720,33935,3743,159806,277207,"Stanislaus County, California",42.82189209191502,2.738497084784924,1.3935269589703787,6.1255618332460875,0.6756439646925034,28.846369068033717,50.038267838769656
47,097,01639763,0500000US47097,47097,Lauderdale,Lauderdale County,TN,Tennessee,06,1222203226,80251266,47097,24784,14621,8305,48,155,8,1447,685,"Lauderdale County, Tennessee",58.993705616526796,33.50952227243383,0.19367333763718528,0.6254034861200775,0.03227888960619754,5.838444157520981,2.763879922530665
22,009,00558424,0500000US22009,22009,Avoyelles,Avoyelles Parish,LA,Louisiana,15,2154720637,87260610,22009,38905,24680,10646,226,354,0,2616,1562,"Avoyelles Parish, Louisiana",63.43657627554299,27.364092019020692,0.580902197660969,0.9099087520884205,0.0,6.72407145611104,4.014908109497494
35,017,00915980,0500000US35017,35017,Grant,Grant County,NM,New Mexico,06,10259478771,15294669,35017,27775,17283,221,491,250,0,7429,13288,"Grant County, New Mexico",62.225022502250226,0.7956795679567956,1.7677767776777678,0.9000900090009001,0.0,26.747074707470748,47.84158415841584
26,041,01622963,0500000US26041,26041,Delta,Delta County,MI,Michigan,06,3033137847,2124389420,26041,36813,33274,69,564,176,1,2582,560,"Delta County, Michigan",90.38654823024474,0.18743378697742646,1.532067476163312,0.4780919783772037,0.002716431695325021,7.013826637329204,1.5212017493820118
39,065,01074045,0500000US39065,39065,Hardin,Hardin County,OH,Ohio,06,1218033117,630279,39065,30475,28330,387,49,273,23,1197,732,"Hardin County, Ohio",92.96144380639869,1.2698933552091878,0.1607875307629204,0.8958162428219852,0.07547169811320754,3.9278096800656277,2.401968826907301
38,095,01034213,0500000US38095,38095,Towner,Towner County,ND,North Dakota,06,2655029704,42795048,38095,2079,1739,1,127,0,0,198,106,"Towner County, North Dakota",83.64598364598365,0.0481000481000481,6.108706108706109,0.0,0.0,9.523809523809524,5.098605098605099
51,173,01500545,0500000US51173,51173,Smyth,Smyth County,VA,Virginia,06,1169223433,3287728,51173,29420,27843,628,18,23,10,772,629,"Smyth County, Virginia",94.63970088375255,2.1346023113528214,0.06118286879673692,0.07817811012916383,0.03399048266485384,2.6240652617267166,2.138001359619307
09,110,02830244,0500000US09110,09110,Capitol,Capitol Planning Region,CT,Connecticut,PL,2660771860,48836864,09110,977290,623826,121813,2349,59007,625,104067,172777,"Capitol Planning Region, Connecticut",63.83222994198242,12.46436574609379,0.24035854250017905,6.037818866457243,0.06395235805134607,10.64852807252709,17.679194507259872
48,155,01383863,0500000US48155,48155,Foard,Foard County,TX,Texas,06,1824378631,8514741,48155,991,829,3,0,3,0,99,118,"Foard County, Texas",83.65287588294652,0.30272452068617556,0.0,0.30272452068617556,0.0,9.989909182643794,11.907164480322905
24,001,01713506,0500000US24001,24001,Allegany,Allegany County,MD,Maryland,06,1093489886,14710932,24001,67452,58427,4633,155,708,28,3035,1328,"Allegany County, Maryland",86.62011504477259,6.868588032971594,0.2297930380122161,1.0496352962106386,0.04151100041511,4.499495937852102,1.968807448259503
42,051,01209179,0500000US42051,42051,Fayette,Fayette County,PA,Pennsylvania,06,2048054609,20636363,42051,125997,112746,4932,121,582,97,6846,1822,"Fayette County, Pennsylvania",89.48308293054596,3.9143789137836613,0.09603403255633071,0.4619157598990452,0.0769859599831742,5.433462701492893,1.4460661761787978
54,057,01717890,0500000US54057,54057,Mineral,Mineral County,WV,West Virginia,06,849209714,3466312,54057,26854,24957,357,102,58,12,1165,332,"Mineral County, West Virginia",92.9358754747896,1.3294108885082296,0.37983168243092275,0.21598272138228944,0.044686080285990915,4.338273627764951,1.2363148879124153
05,043,00066851,0500000US05043,05043,Drew,Drew County,AR,Arkansas,06,2146237578,18789749,05043,17046,11061,4611,0,129,0,1070,756,"Drew County, Arkansas",64.88912354804647,27.05033438929954,0.0,0.7567757831749384,0.0,6.277132465094451,4.435058078141499
28,097,00711757,0500000US28097,28097,Montgomery,Montgomery County,MS,Mississippi,06,1054074828,2352156,28097,9602,4989,4283,0,1,0,286,21,"Montgomery County, Mississippi",51.95792543220163,44.60529056446574,0.0,0.010414496979795875,0.0,2.9785461362216203,0.21870443657571337
29,081,00758495,0500000US29081,29081,Harrison,Harrison County,MO,Missouri,06,1871309888,10070644,29081,8190,7710,64,13,99,0,276,68,"Harrison County, Missouri",94.13919413919413,0.7814407814407814,0.15873015873015872,1.208791208791209,0.0,3.36996336996337,0.8302808302808303
29,211,00758558,0500000US29211,29211,Sullivan,Sullivan County,MO,Missouri,06,1678265913,9121738,29211,5857,4691,157,24,60,0,535,1059,"Sullivan County, Missouri",80.09219737066758,2.6805531842240056,0.40976609185589896,1.0244152296397473,0.0,9.134369130954413,18.080928803141543
51,015,01480098,0500000US51015,51015,Augusta,Augusta County,VA,Virginia,06,2504708862,9537137,51015,78033,69697,3339,93,345,37,3014,3132,"Augusta County, Virginia",89.3173400997014,4.278958902002999,0.11918034677636385,0.4421206412671562,0.0474158368895211,3.8624684428382863,4.013686517242705
28,087,00695767,0500000US28087,28087,Lowndes,Lowndes County,MS,Mississippi,06,1309105224,28532500,28087,57838,28509,25301,139,631,0,2491,1329,"Lowndes County, Mississippi",49.29112348283135,43.74459697776548,0.2403264289913206,1.0909782495936926,0.0,4.3068570835782705,2.2977972958954322
29,227,00758566,0500000US29227,29227,Worth,Worth County,MO,Missouri,06,690564983,493903,29227,1934,1842,2,4,0,0,84,12,"Worth County, Missouri",95.24301964839711,0.1034126163391934,0.2068252326783868,0.0,0.0,4.3433298862461225,0.6204756980351602
36,075,00974136,0500000US36075,36075,Oswego,Oswego County,NY,New York,06,2464636023,933469962,36075,117953,108555,1190,156,923,39,5718,3925,"Oswego County, New York",92.03241969258941,1.008876416877909,0.13225606809491916,0.782515069561605,0.03306401702372979,4.847693572863768,3.327596585080498
39,173,01074098,0500000US39173,39173,Wood,Wood County,OH,Ohio,06,1598441989,8718772,39173,132064,115061,2830,236,2805,124,8881,8677,"Wood County, Ohio",87.12518173007027,2.142900411921493,0.17870123576447783,2.1239701962684756,0.09389386963896293,6.724769808577659,6.570299248849043
55,109,01581833,0500000US55109,55109,St. Croix,St. Croix County,WI,Wisconsin,06,1870380087,33740117,55109,96033,88464,662,60,1067,23,4572,2935,"St. Croix County, Wisconsin",92.11833432257662,0.6893463705184676,0.0624785230077161,1.1110764008205514,0.02395010048629117,4.760863453187967,3.0562410837941125
17,135,01784866,0500000US17135,17135,Montgomery,Montgomery County,IL,Illinois,06,1822745303,15472185,17135,27942,25911,926,31,110,4,804,609,"Montgomery County, Illinois",92.73137212797938,3.3140075871448,0.11094409848972872,0.39367260754419864,0.01431536754706177,2.877388876959416,2.1795147090401543
18,099,00450372,0500000US18099,18099,Marshall,Marshall County,IN,Indiana,06,1148969985,15858580,18099,46284,40685,261,120,306,7,2423,5506,"Marshall County, Indiana",87.90294702272924,0.5639097744360901,0.25926886180969666,0.6611355976147265,0.015124016938898973,5.235070434707458,11.896119609368249
20,151,00485039,0500000US20151,20151,Pratt,Pratt County,KS,Kansas,06,1903740948,1771939,20151,9127,7801,59,79,22,0,944,788,"Pratt County, Kansas",85.47167744056098,0.6464336583762463,0.8655637120631094,0.24104305905554946,0.0,10.342938534019941,8.633724115262408
22,121,00559570,0500000US22121,22121,West Baton Rouge,West Baton Rouge Parish,LA,Louisiana,15,498174685,29604699,22121,27974,14727,11465,7,148,95,1021,1279,"West Baton Rouge Parish, Louisiana",52.64531350539787,40.98448559376564,0.02502323586187174,0.529062701079574,0.33960105812540214,3.649817687853006,4.572102666761993
21,171,00516932,0500000US21171,21171,Monroe,Monroe County,KY,Kentucky,06,853335721,6686907,21171,11269,10323,243,8,0,0,465,522,"Monroe County, Kentucky",91.60528884550537,2.156358150678854,0.0709912148371639,0.0,0.0,4.126364362410151,4.632176768124944
04,019,00025446,0500000US04019,04019,Pima,Pima County,AZ,Arizona,06,23798578892,5112015,04019,1060490,627672,38431,30810,32648,1606,221126,386110,"Pima County, Arizona",59.186979603768066,3.6238908429122385,2.9052607756791673,3.0785768842704786,0.15143942894322437,20.851304585616084,36.408641288461
48,295,01383933,0500000US48295,48295,Lipscomb,Lipscomb County,TX,Texas,06,2414422645,298741,48295,2918,2069,1,7,0,23,355,1127,"Lipscomb County, Texas",70.90472926662098,0.034270047978067174,0.23989033584647018,0.0,0.7882111034955449,12.165867032213844,38.6223440712817
40,139,01101857,0500000US40139,40139,Texas,Texas County,OK,Oklahoma,06,5286923168,19169341,40139,20774,9648,1124,717,296,28,5231,10816,"Texas County, Oklahoma",46.442668720516025,5.410609415615673,3.451429671705016,1.4248579955713874,0.13478386444594204,25.180514104168672,52.065081351689614
47,129,01639778,0500000US47129,47129,Morgan,Morgan County,TN,Tennessee,06,1352439680,823018,47129,21361,19578,939,33,25,7,666,416,"Morgan County, Tennessee",91.65301249941481,4.395861616965497,0.1544871494780207,0.11703571930153082,0.03277000140442863,3.1178315621927815,1.947474369177473
46,043,01266978,0500000US46043,46043,Douglas,Douglas County,SD,South Dakota,06,1118358780,4832944,46043,2828,2608,18,64,0,0,107,84,"Douglas County, South Dakota",92.22065063649222,0.6364922206506365,2.263083451202263,0.0,0.0,3.783592644978784,2.9702970297029703
18,165,00450397,0500000US18165,18165,Vermillion,Vermillion County,IN,Indiana,06,665353010,7817397,18165,15421,14774,104,17,21,2,447,236,"Vermillion County, Indiana",95.80442254069126,0.6744050320990856,0.11023928409311977,0.13617793917385385,0.012969327540367032,2.8986447052720314,1.5303806497633097
46,063,01265792,0500000US46063,46063,Harding,Harding County,SD,South Dakota,06,6919333290,16954253,46063,1148,1049,17,6,0,0,58,16,"Harding County, South Dakota",91.37630662020906,1.480836236933798,0.5226480836236934,0.0,0.0,5.052264808362369,1.3937282229965158
19,123,00465250,0500000US19123,19123,Mahaska,Mahaska County,IA,Iowa,06,1478496993,6594320,19123,22021,20310,293,18,229,65,955,550,"Mahaska County, Iowa",92.23014395349894,1.3305481131647063,0.08174015712274647,1.0399164433949413,0.2951727896099178,4.3367694473457155,2.4976159120839196
02,275,02516402,0500000US02275,02275,Wrangell,Wrangell City and Borough,AK,Alaska,03,6619993054,2384379191,02275,2088,1186,2,381,89,20,407,79,"Wrangell City and Borough, Alaska",56.80076628352491,0.09578544061302681,18.24712643678161,4.262452107279693,0.9578544061302682,19.492337164750957,3.7835249042145596
36,059,00974128,0500000US36059,36059,Nassau,Nassau County,NY,New York,06,736960644,437290667,36059,1389591,789352,156203,3134,169900,298,142379,260047,"Nassau County, New York",56.804628124390554,11.24093348330552,0.22553398805835673,12.226619199462288,0.021445159043200483,10.246108387288059,18.713923737272335
38,003,01034225,0500000US38003,38003,Barnes,Barnes County,ND,North Dakota,06,3863120987,56577967,38003,10773,9688,25,165,216,30,590,222,"Barnes County, North Dakota",89.92852501624431,0.2320616355704075,1.5316067947646894,2.0050125313283207,0.278473962684489,5.476654599461616,2.0607073238652185
34,025,00882910,0500000US34025,34025,Monmouth,Monmouth County,NJ,New Jersey,06,1212586195,500430336,34025,645353,480349,38675,3886,35205,249,55623,83325,"Monmouth County, New Jersey",74.43197753787462,5.992844226338144,0.602151070809309,5.455154000988606,0.03858353490260369,8.619003863002108,12.911538336383344
38,045,01035621,0500000US38045,38045,LaMoure,LaMoure County,ND,North Dakota,06,2968139583,12824671,38045,4118,3952,6,20,5,0,86,79,"LaMoure County, North Dakota",95.9689169499757,0.1457017969888295,0.48567265662943176,0.12141816415735794,0.0,2.0883924235065567,1.9184069936862553
17,083,00424243,0500000US17083,17083,Jersey,Jersey County,IL,Illinois,06,957143527,20333974,17083,21274,20197,118,5,143,22,724,340,"Jersey County, Illinois",94.93748237284949,0.5546676694556736,0.023502867349816676,0.672182006204757,0.1034126163391934,3.4032151922534553,1.598194979787534
54,047,01689162,0500000US54047,54047,McDowell,McDowell County,WV,West Virginia,06,1381648569,3731571,54047,17943,15784,1611,17,9,0,502,373,"McDowell County, West Virginia",87.96745248843561,8.97843170038455,0.09474446859499526,0.05015883631499749,0.0,2.79774842556986,2.078805105054896
54,031,01718557,0500000US54031,54031,Hardy,Hardy County,WV,West Virginia,06,1508190150,5624064,54031,14243,12798,695,2,8,4,344,658,"Hardy County, West Virginia",89.85466544969458,4.879589974022327,0.014041985536754897,0.05616794214701959,0.028083971073509795,2.415221512321842,4.619813241592361
54,097,01696800,0500000US54097,54097,Upshur,Upshur County,WV,West Virginia,06,918506904,302703,54097,23712,21830,317,10,88,5,1253,351,"Upshur County, West Virginia",92.06309041835358,1.3368758434547907,0.042172739541160596,0.37112010796221323,0.021086369770580298,5.284244264507422,1.4802631578947367
48,021,01383796,0500000US48021,48021,Bastrop,Bastrop County,TX,Texas,06,2300500051,19009784,48021,106582,57769,6155,1279,856,26,29237,48002,"Bastrop County, Texas",54.201459908802605,5.774896323957141,1.200015011915708,0.8031374903829914,0.02439436302565161,27.431461222345238,45.03762361374341
51,127,01480150,0500000US51127,51127,New Kent,New Kent County,VA,Virginia,06,543986299,35598427,51127,25105,19287,3351,160,336,37,1438,964,"New Kent County, Virginia",76.82533359888468,13.34793865763792,0.6373232423819956,1.3383788090021906,0.1473809998008365,5.727942640908186,3.8398725353515233
12,109,00308371,0500000US12109,12109,St. Johns,St. Johns County,FL,Florida,06,1555652807,572113481,12109,306934,243237,15694,266,11538,134,29910,27846,"St. Johns County, Florida",79.24733004489565,5.113151361530492,0.0866635823988219,3.759114337284237,0.043657594140759905,9.744765975747228,9.072308704802987
53,055,01531931,0500000US53055,53055,San Juan,San Juan County,WA,Washington,06,450435912,1157474835,53055,18478,16035,45,111,248,47,1257,1409,"San Juan County, Washington",86.77887217231303,0.24353284987552767,0.6007143630263015,1.3421365948695747,0.25435653209221776,6.8026842731897395,7.625284121658188
55,009,01581064,0500000US55009,55009,Brown,Brown County,WI,Wisconsin,06,1372931382,221810752,55009,270892,214103,6745,5117,9193,87,24560,27824,"Brown County, Wisconsin",79.0362949071955,2.4899221830102034,1.8889446716772735,3.3936033548425204,0.03211612007737401,9.066343782762134,10.27125201187189
18,017,00450339,0500000US18017,18017,Cass,Cass County,IN,Indiana,06,1067448399,7002034,18017,37680,28815,442,263,542,0,4482,7000,"Cass County, Indiana",76.47292993630573,1.173036093418259,0.6979830148619958,1.4384288747346072,0.0,11.894904458598726,18.577494692144374
28,133,00695787,0500000US28133,28133,Sunflower,Sunflower County,MS,Mississippi,06,1807187011,23747316,28133,24333,5627,17693,33,48,0,854,692,"Sunflower County, Mississippi",23.12497431471664,72.7119549582871,0.13561829614104304,0.19726297620515348,0.0,3.5096371183166895,2.8438745736242965
29,027,00758468,0500000US29027,29027,Callaway,Callaway County,MO,Missouri,06,2161518756,33188880,29027,44741,39537,1684,165,64,0,3014,1098,"Callaway County, Missouri",88.36861044679377,3.763885474173577,0.3687892537046557,0.14304552870968462,0.0,6.73655036767171,2.4541248519255268
42,077,01209182,0500000US42077,42077,Lehigh,Lehigh County,PA,Pennsylvania,06,894428155,7453836,42077,378792,236150,24476,1801,13517,53,56971,105976,"Lehigh County, Pennsylvania",62.3429217090118,6.461593697860566,0.47545882700796216,3.5684491752729732,0.013991847768696277,15.040180362837653,27.977359606327486
47,043,01639740,0500000US47043,47043,Dickson,Dickson County,TN,Tennessee,06,1268833491,3679792,47043,55983,49567,2093,101,83,0,3016,2835,"Dickson County, Tennessee",88.53937802547202,3.738634942750478,0.18041191075862315,0.1482592929996606,0.0,5.387349731168391,5.0640372970366005
40,063,01101819,0500000US40063,40063,Hughes,Hughes County,OK,Oklahoma,06,2083575240,26461993,40063,13389,8404,706,2654,60,10,1180,838,"Hughes County, Oklahoma",62.767943834491,5.272985286429158,19.822242139069385,0.4481290611696168,0.07468817686160281,8.813204869669132,6.258869221002315
16,083,00399334,0500000US16083,16083,Twin Falls,Twin Falls County,ID,Idaho,06,4977216100,18060781,16083,93734,73685,828,494,1096,295,10210,16912,"Twin Falls County, Idaho",78.61074956792626,0.8833507585294557,0.5270232786395544,1.169266221435125,0.31472037894467325,10.89252565771225,18.04254592783835
44,005,01219779,0500000US44005,44005,Newport,Newport County,RI,Rhode Island,06,265293779,547001789,44005,84657,70849,2916,171,1448,90,6661,5701,"Newport County, Rhode Island",83.68947635753689,3.4444877564761334,0.201991565966193,1.7104315059593418,0.10631135050852264,7.868221174858547,6.734233436100973
20,201,00485061,0500000US20201,20201,Washington,Washington County,KS,Kansas,06,2317414332,10139473,20201,5533,5064,8,22,22,0,256,269,"Washington County, Kansas",91.5235857581782,0.1445870233146575,0.3976143141153081,0.3976143141153081,0.0,4.62678474606904,4.861738658955359
38,025,01035623,0500000US38025,38025,Dunn,Dunn County,ND,North Dakota,06,5201969431,190528746,38025,4040,3244,9,384,38,2,305,182,"Dunn County, North Dakota",80.2970297029703,0.22277227722772275,9.504950495049505,0.9405940594059405,0.04950495049504951,7.5495049504950495,4.5049504950495045
47,013,01639728,0500000US47013,47013,Campbell,Campbell County,TN,Tennessee,06,1243685307,46425147,47013,39761,38085,201,60,79,14,1078,636,"Campbell County, Tennessee",95.78481426523477,0.5055204848972612,0.1509016372827645,0.19868715575563994,0.03521038203264505,2.7111994165136695,1.599557355197304
18,157,00450393,0500000US18157,18157,Tippecanoe,Tippecanoe County,IN,Indiana,06,1292138880,11255447,18157,189071,140140,11832,228,15233,20,15266,19548,"Tippecanoe County, Indiana",74.12030401277828,6.25796658398168,0.12058961977246642,8.056761745587636,0.010578036822146178,8.074215506344178,10.338973189965674
47,027,01648573,0500000US47027,47027,Clay,Clay County,TN,Tennessee,06,612608184,59089285,47027,7670,7214,256,20,41,0,139,18,"Clay County, Tennessee",94.05475880052151,3.33767926988266,0.2607561929595828,0.5345501955671448,0.0,1.8122555410691004,0.2346805736636245
21,131,00516912,0500000US21131,21131,Leslie,Leslie County,KY,Kentucky,06,1038269511,9125982,21131,10079,9727,20,0,10,0,322,11,"Leslie County, Kentucky",96.50759003869432,0.19843238416509573,0.0,0.09921619208254787,0.0,3.194761385058041,0.10913781129080265
21,133,00516913,0500000US21133,21133,Letcher,Letcher County,KY,Kentucky,06,875244021,2847896,21133,20808,20166,128,8,40,0,400,160,"Letcher County, Kentucky",96.91464821222607,0.6151480199923107,0.03844675124951942,0.1922337562475971,0.0,1.9223375624759707,0.7689350249903883
21,141,00516917,0500000US21141,21141,Logan,Logan County,KY,Kentucky,06,1430232787,12470413,21141,27986,24901,1253,57,92,0,1209,996,"Logan County, Kentucky",88.97663117272923,4.477238619309655,0.20367326520403056,0.3287357964696634,0.0,4.32001715143286,3.5589223183020082
20,197,00485059,0500000US20197,20197,Wabaunsee,Wabaunsee County,KS,Kansas,06,2057320864,13845234,20197,7009,6399,17,6,28,0,445,335,"Wabaunsee County, Kansas",91.29690398059638,0.24254529890141246,0.08560422314167498,0.39948637466114995,0.0,6.348979883007562,4.779569125410187
06,053,00277291,0500000US06053,06053,Monterey,Monterey County,CA,California,06,8499609697,1267806850,06053,437613,158316,9414,3800,25129,1858,69799,269490,"Monterey County, California",36.17717023945815,2.151215800261875,0.8683471469083415,5.742288277542029,0.4245760523567627,15.949937501856661,61.58180858429708
08,029,00198130,0500000US08029,08029,Delta,Delta County,CO,Colorado,06,2958090987,16786781,08029,31598,26665,216,195,167,14,3441,4571,"Delta County, Colorado",84.38825242103931,0.6835875688334705,0.6171276663079941,0.5285144629406925,0.044306601683650866,10.889929742388759,14.466105449712007
13,077,00326666,0500000US13077,13077,Coweta,Coweta County,GA,Georgia,06,1142367471,12680737,13077,152852,106346,28158,535,3204,3,10395,12522,"Coweta County, Georgia",69.57449035668489,18.421741292230394,0.3500117760971397,2.096145290869599,0.0019626828566194753,6.8006960981864815,8.192238243529689
18,039,00450348,0500000US18039,18039,Elkhart,Elkhart County,IN,Indiana,06,1199580238,12457801,18039,207132,152453,10034,1349,2043,58,20883,41619,"Elkhart County, Indiana",73.60185775254428,4.8442539057219545,0.6512755151304482,0.9863275592375877,0.02800146766313269,10.081976710503447,20.09298418399861
18,087,00450368,0500000US18087,18087,LaGrange,LaGrange County,IN,Indiana,06,983239270,18315631,18087,40805,38423,145,54,28,3,1742,1845,"LaGrange County, Indiana",94.16248008822448,0.35534860923906386,0.1323367234407548,0.06861904178409509,0.0073520401911530454,4.269084670996202,4.5215047175591225
16,001,00395066,0500000US16001,16001,Ada,Ada County,ID,Idaho,06,2724705387,22159040,16001,518935,431302,6901,3444,14278,958,46879,50948,"Ada County, Idaho",83.11291394876045,1.3298389971769105,0.6636669332382669,2.751404318459923,0.18460886238160848,9.033694007920067,9.817799917137984
37,161,01008584,0500000US37161,37161,Rutherford,Rutherford County,NC,North Carolina,06,1464475269,4693780,37161,64930,53155,4984,145,304,37,4677,3698,"Rutherford County, North Carolina",81.86508547666718,7.675958724780532,0.22331741875866318,0.4681965193285076,0.056984444786693365,7.203141845063915,5.695364238410596
13,313,00353513,0500000US13313,13313,Whitfield,Whitfield County,GA,Georgia,06,752248663,1579031,13313,103598,66961,3575,2145,1492,41,11320,38573,"Whitfield County, Georgia",64.63541767215584,3.4508388192822252,2.0705032915693353,1.440182242900442,0.03957605359176818,10.926851869727216,37.233344273055465
54,003,01550008,0500000US54003,54003,Berkeley,Berkeley County,WV,West Virginia,06,831767529,1060958,54003,129514,104505,9606,151,1251,40,9427,8294,"Berkeley County, West Virginia",80.69011844279383,7.416958784378523,0.116589712309094,0.9659187423753417,0.030884692002409005,7.278749787667743,6.403940886699508
13,101,00348092,0500000US13101,13101,Echols,Echols County,GA,Georgia,06,1088849471,809587,13101,3709,2363,232,4,294,0,517,782,"Echols County, Georgia",63.70989485036398,6.255055270962524,0.10784578053383662,7.9266648692369905,0.0,13.939067133998382,21.083850094365058
50,005,01461759,0500000US50005,50005,Caledonia,Caledonia County,VT,Vermont,06,1681454164,22351439,50005,30475,28294,247,54,136,2,1369,657,"Caledonia County, Vermont",92.84331419196063,0.8105004101722723,0.17719442165709598,0.44626743232157506,0.006562756357670222,4.492206726825267,2.155865463494668
55,021,01581070,0500000US55021,55021,Columbia,Columbia County,WI,Wisconsin,06,1982894214,78696997,55021,58272,53053,1062,313,466,0,2525,2385,"Columbia County, Wisconsin",91.04372597473915,1.8224876441515652,0.5371361889071938,0.7996979681493684,0.0,4.333127402526085,4.092874794069193
55,029,01581074,0500000US55029,55029,Door,Door County,WI,Wisconsin,06,1248200842,4890681189,55029,30445,28122,70,277,138,0,1601,1266,"Door County, Wisconsin",92.36984726556085,0.22992281162752506,0.9098374117260635,0.45327640006569225,0.0,5.258663163080966,4.158318278863525
48,491,01384031,0500000US48491,48491,Williamson,Williamson County,TX,Texas,06,2890005219,41559494,48491,672688,400958,46889,2935,67402,791,113287,166454,"Williamson County, Texas",59.6053445282211,6.970393406750232,0.43630925481055116,10.019801155959374,0.1175879456746664,16.840942606379183,24.744606712175628
28,055,00695751,0500000US28055,28055,Issaquena,Issaquena County,MS,Mississippi,06,1069614257,73664788,28055,928,315,577,0,4,0,16,16,"Issaquena County, Mississippi",33.94396551724138,62.17672413793104,0.0,0.43103448275862066,0.0,1.7241379310344827,1.7241379310344827
56,007,01605069,0500000US56007,56007,Carbon,Carbon County,WY,Wyoming,06,20455215119,171386122,56007,14463,11781,203,126,34,4,1651,2640,"Carbon County, Wyoming",81.45612943372744,1.4035815529281614,0.8711885500933417,0.23508262462836202,0.027656779368042592,11.41533568415958,18.25347438290811
08,099,00198165,0500000US08099,08099,Prowers,Prowers County,CO,Colorado,06,4243457243,15317423,08099,11910,7725,124,175,36,0,1688,4829,"Prowers County, Colorado",64.86146095717883,1.0411418975650713,1.4693534844668346,0.30226700251889166,0.0,14.17296389588581,40.54575986565911
18,019,00450340,0500000US18019,18019,Clark,Clark County,IN,Indiana,06,964747496,10673417,18019,124354,101612,9069,429,1514,35,9267,8547,"Clark County, Indiana",81.71188703218232,7.292889653730479,0.34498287147980766,1.217491998649018,0.028145455715135825,7.452112517490391,6.873120285636168
31,103,00835873,0500000US31103,31103,Keya Paha,Keya Paha County,NE,Nebraska,06,2002257963,2192527,31103,822,765,1,0,0,0,40,38,"Keya Paha County, Nebraska",93.06569343065694,0.12165450121654502,0.0,0.0,0.0,4.866180048661801,4.622871046228711
36,003,00974100,0500000US36003,36003,Allegany,Allegany County,NY,New York,06,2666225086,12989848,36003,47159,44015,776,84,653,8,1181,1037,"Allegany County, New York",93.33319196759898,1.6454971479463092,0.1781208252931572,1.3846773680527578,0.016963888123157828,2.504293984181174,2.1989439979643333
39,155,01074089,0500000US39155,39155,Trumbull,Trumbull County,OH,Ohio,06,1599521858,47808460,39155,200929,171239,16379,154,1091,72,11010,4601,"Trumbull County, Ohio",85.22363620980545,8.151635652394628,0.0766439886726157,0.5429778678040502,0.035833553145638505,5.479547501853889,2.2898635836539274
01,115,00164997,0500000US01115,01115,St. Clair,St. Clair County,AL,Alabama,06,1635759708,56431801,01115,94166,78776,9575,337,537,85,3390,2805,"St. Clair County, Alabama",83.65652146209884,10.168213580273134,0.3578786398487777,0.5702695240320286,0.09026612577788161,3.600025486906102,2.9787821506700936
21,145,00516925,0500000US21145,21145,McCracken,McCracken County,KY,Kentucky,06,644351557,49602861,21145,67564,55375,6586,114,583,72,4154,2314,"McCracken County, Kentucky",81.95932745248949,9.747794683559292,0.1687289088863892,0.8628855603575869,0.10656562666508793,6.1482446273163225,3.4249008347640753
49,057,01448042,0500000US49057,49057,Weber,Weber County,UT,Utah,06,1582593470,126615001,49057,269648,223284,3012,1883,4157,558,22343,51905,"Weber County, Utah",82.80573191716609,1.1170118079867086,0.6983178069186494,1.5416394707173797,0.2069364504835934,8.28598765798374,19.249169287367234
21,157,00516922,0500000US21157,21157,Marshall,Marshall County,KY,Kentucky,06,782500004,98537659,21157,31743,30462,213,53,128,4,817,622,"Marshall County, Kentucky",95.9644646063699,0.6710140818448161,0.16696594524777114,0.403238509277636,0.012601203414926125,2.573795797498661,1.9594871310210125
21,159,00516923,0500000US21159,21159,Martin,Martin County,KY,Kentucky,06,594717447,2549460,21159,11027,9489,874,40,0,45,564,189,"Martin County, Kentucky",86.05241679513921,7.925999818627007,0.36274598712251743,0.0,0.40808923551283216,5.114718418427496,1.713974789153895
37,183,01008592,0500000US37183,37183,Wake,Wake County,NC,North Carolina,06,2161634072,58017921,37183,1178653,682049,221415,2969,100766,318,112532,136184,"Wake County, North Carolina",57.866819157122585,18.785427093470258,0.2518977171398198,8.54925071246584,0.026979950842190195,9.547508893626876,11.554206369474308
37,193,01008595,0500000US37193,37193,Wilkes,Wilkes County,NC,North Carolina,06,1952016294,6854041,37193,65935,57339,2403,128,396,0,4062,4915,"Wilkes County, North Carolina",86.96291802532798,3.6444983696064304,0.19413058315007203,0.6005914916205354,0.0,6.160612724653068,7.454311063926594
46,037,01265790,0500000US46037,46037,Day,Day County,SD,South Dakota,06,2663777421,162139506,46037,5437,4572,2,534,4,0,316,154,"Day County, South Dakota",84.0904910796395,0.03678499172337686,9.821592790141622,0.07356998344675372,0.0,5.812028692293544,2.8324443627000186
37,093,01008563,0500000US37093,37093,Hoke,Hoke County,NC,North Carolina,06,1010491623,3949309,37093,53835,20773,17664,3741,839,40,6303,8415,"Hoke County, North Carolina",38.58642147301941,32.81136806910003,6.949010866536639,1.5584656821770224,0.07430110522894028,11.707996656450264,15.631095012538312
20,099,00485014,0500000US20099,20099,Labette,Labette County,KS,Kansas,06,1671560710,20006201,20099,19869,16747,658,186,2,0,1727,1010,"Labette County, Kansas",84.28708037646585,3.3116915798480044,0.9361316623886456,0.010065931853641352,0.0,8.691932155619305,5.083295586088883
13,141,00348209,0500000US13141,13141,Hancock,Hancock County,GA,Georgia,06,1220057418,17479620,13141,8650,2364,6026,33,54,0,147,59,"Hancock County, Georgia",27.329479768786126,69.66473988439307,0.3815028901734104,0.6242774566473989,0.0,1.699421965317919,0.6820809248554913
08,053,00198142,0500000US08053,08053,Hinsdale,Hinsdale County,CO,Colorado,06,2893614472,15324685,08053,1005,870,3,29,0,0,103,19,"Hinsdale County, Colorado",86.56716417910447,0.2985074626865672,2.8855721393034823,0.0,0.0,10.248756218905472,1.8905472636815919
18,111,00450376,0500000US18111,18111,Newton,Newton County,IN,Indiana,06,1040539827,4349506,18111,13922,12108,147,22,72,0,1092,1173,"Newton County, Indiana",86.97026289326246,1.0558827754632956,0.15802327251831633,0.517167073696308,0.0,7.843700617727338,8.425513575635685
18,151,00450390,0500000US18151,18151,Steuben,Steuben County,IN,Indiana,06,799737097,35446880,18151,34726,32205,230,11,250,7,1408,1547,"Steuben County, Indiana",92.74030985428784,0.6623279387202672,0.031676553590969304,0.7199216725220295,0.02015780683061683,4.054598859644071,4.454875309566319
19,055,00465216,0500000US19055,19055,Delaware,Delaware County,IA,Iowa,06,1496193401,3185375,19055,17558,16536,13,188,0,0,731,301,"Delaware County, Iowa",94.17929149105821,0.0740403234992596,1.0707369859892926,0.0,0.0,4.163344344458367,1.7143182594828568
39,073,01074049,0500000US39073,39073,Hocking,Hocking County,OH,Ohio,06,1091289821,5955974,39073,27799,26389,107,12,127,0,938,269,"Hocking County, Ohio",94.92787510342099,0.3849059318680528,0.043167020396417136,0.45685096586208135,0.0,3.37422209431994,0.9676607072196841
48,501,01384036,0500000US48501,48501,Yoakum,Yoakum County,TX,Texas,06,2071252479,34329,48501,7571,3425,11,98,71,0,3097,4966,"Yoakum County, Texas",45.238409721304976,0.14529124290054155,1.2944128912957338,0.9377889314489499,0.0,40.906089023907015,65.59239202218994
39,031,01074028,0500000US39031,39031,Coshocton,Coshocton County,OH,Ohio,06,1460521589,9127208,39031,36744,34812,202,234,177,0,1166,478,"Coshocton County, Ohio",94.74199869366427,0.5497496189854125,0.6368386675375571,0.4817112998040497,0.0,3.1733072066187673,1.3008926627476596
16,005,00395091,0500000US16005,16005,Bannock,Bannock County,ID,Idaho,06,2881336421,92076089,16005,89454,74335,832,2300,1412,233,6491,8869,"Bannock County, Idaho",83.09857580432401,0.9300869720750329,2.5711538891497305,1.578464909338878,0.26046906790082053,7.256243432378652,9.914592975160417
72,109,01804535,0500000US72109,72109,Patillas,Patillas Municipio,PR,Puerto Rico,13,120704458,74065750,72109,15563,879,604,0,0,0,1493,15541,"Patillas Municipio, Puerto Rico",5.648011308873611,3.880999807235109,0.0,0.0,0.0,9.593266079804664,99.85863907986892
72,139,01804550,0500000US72139,72139,Trujillo Alto,Trujillo Alto Municipio,PR,Puerto Rico,13,53763401,1615332,72139,67088,17305,6324,346,23,0,29152,66491,"Trujillo Alto Municipio, Puerto Rico",25.79447889339375,9.426424994037681,0.5157405199141426,0.034283329358454566,0.0,43.453374672072506,99.1101240162175
72,149,01804555,0500000US72149,72149,Villalba,Villalba Municipio,PR,Puerto Rico,13,92298567,3622640,72149,21556,4684,2368,20,0,0,10815,21443,"Villalba Municipio, Puerto Rico",21.729448877342737,10.985340508443125,0.09278159213212099,0.0,0.0,50.17164594544442,99.47578400445352
12,115,00295741,0500000US12115,12115,Sarasota,Sarasota County,FL,Florida,06,1440049632,1086618344,12115,459547,377661,18197,1418,8919,237,41886,48971,"Sarasota County, Florida",82.18114795657463,3.9597690769388114,0.30856473875359863,1.9408243335284532,0.051572526857971,9.114628101151787,10.656363766926995
37,047,01026339,0500000US37047,37047,Columbus,Columbus County,NC,North Carolina,06,2429722352,43711694,37047,50140,29839,14082,2036,249,39,2709,2831,"Columbus County, North Carolina",59.51136816912644,28.085360989230157,4.060630235341045,0.49660949341842836,0.07778220981252493,5.402871958516155,5.646190666134823
41,051,01135861,0500000US41051,41051,Multnomah,Multnomah County,OR,Oregon,06,1116334868,88031754,41051,801477,544065,44061,7827,60157,4893,105111,108265,"Multnomah County, Oregon",67.88279638717019,5.497475286252755,0.97657200393773,7.505767476795966,0.6104978683106315,13.114662055180624,13.508185512497551
47,141,01639783,0500000US47141,47141,Putnam,Putnam County,TN,Tennessee,06,1038860592,3777708,47141,82558,71624,2008,213,947,0,4941,6928,"Putnam County, Tennessee",86.75597761573681,2.432229462923036,0.258000436057075,1.1470723612490612,0.0,5.984883354732431,8.391676154945614
47,091,01639760,0500000US47091,47091,Johnson,Johnson County,TN,Tennessee,06,772956196,11007739,47091,18196,15995,864,115,53,0,988,591,"Johnson County, Tennessee",87.90393493075402,4.7482963288634865,0.6320070345130798,0.2912728072103759,0.0,5.429764783468894,3.247966586062871
13,227,01673011,0500000US13227,13227,Pickens,Pickens County,GA,Georgia,06,601031042,1690669,13227,34951,32224,207,70,115,20,1733,1410,"Pickens County, Georgia",92.19764813596177,0.5922577322537266,0.2002803925495694,0.3290320734742926,0.057222969299876976,4.958370289834339,4.0342193356413265
13,247,00357592,0500000US13247,13247,Rockdale,Rockdale County,GA,Georgia,06,336228599,5899671,13247,95281,24415,55413,437,1502,0,9040,10369,"Rockdale County, Georgia",25.624206295064074,58.15745006874403,0.4586433811567888,1.5763898363787114,0.0,9.48772577953632,10.882547412390718
19,035,00465207,0500000US19035,19035,Cherokee,Cherokee County,IA,Iowa,06,1494181141,423160,19035,11600,10394,202,0,43,0,813,621,"Cherokee County, Iowa",89.60344827586208,1.7413793103448274,0.0,0.3706896551724138,0.0,7.008620689655172,5.3534482758620685
21,107,00516900,0500000US21107,21107,Hopkins,Hopkins County,KY,Kentucky,06,1404258119,31671289,21107,45119,39402,2628,533,264,0,2193,1249,"Hopkins County, Kentucky",87.32906314412998,5.8245971763558595,1.181320507989982,0.585119351049447,0.0,4.860480063831202,2.7682351115937855
27,013,00659452,0500000US27013,27013,Blue Earth,Blue Earth County,MN,Minnesota,06,1936886814,45960593,27013,69871,59639,3360,192,1621,0,4017,3369,"Blue Earth County, Minnesota",85.3558701034764,4.808862045770062,0.2747921169011464,2.3199896952956163,0.0,5.749166320791172,4.821742926249803
40,145,01101860,0500000US40145,40145,Wagoner,Wagoner County,OK,Oklahoma,06,1455356135,74815302,40145,86609,59254,2961,7240,1903,27,12654,7584,"Wagoner County, Oklahoma",68.41552263621563,3.418813287302705,8.359408375572977,2.1972312346291956,0.031174589245921324,14.61049082658846,8.756595734854345
48,163,01383867,0500000US48163,48163,Frio,Frio County,TX,Texas,06,2935753504,2193621,48163,18582,6136,950,53,330,7,7974,14461,"Frio County, Texas",33.021203315036054,5.112474437627812,0.2852222580992358,1.7759121730707137,0.03767086427725756,42.91249596383597,77.82262404477451
48,367,01383969,0500000US48367,48367,Parker,Parker County,TX,Texas,06,2340624023,16510094,48367,165168,137359,2158,744,1443,126,19380,24246,"Parker County, Texas",83.16320352610676,1.3065484839678387,0.45045045045045046,0.8736559139784945,0.07628596338273758,11.733507701249636,14.679598953792503
72,005,01804482,0500000US72005,72005,Aguadilla,Aguadilla Municipio,PR,Puerto Rico,13,94642775,101102905,72005,54137,39243,1862,40,9,0,6564,53361,"Aguadilla Municipio, Puerto Rico",72.48831667805752,3.4394222066239357,0.07388662098010602,0.016624489720523855,0.0,12.1247945028354,98.56659955298595
55,031,01581075,0500000US55031,55031,Douglas,Douglas County,WI,Wisconsin,06,3378047451,454294232,55031,44229,39928,375,621,331,0,2771,860,"Douglas County, Wisconsin",90.27561102444098,0.847860001356576,1.40405616224649,0.7483777611974044,0.0,6.2651201700241925,1.944425603111081
21,195,00516944,0500000US21195,21195,Pike,Pike County,KY,Kentucky,06,2036305633,6073018,21195,56727,53385,358,39,324,0,2390,712,"Pike County, Kentucky",94.10862552223809,0.6310927776896363,0.06875033053043525,0.5711565920990005,0.0,4.213161281224108,1.2551342394274332
21,219,00516956,0500000US21219,21219,Todd,Todd County,KY,Kentucky,06,969982839,6587918,21219,12469,10554,835,4,23,1,568,666,"Todd County, Kentucky",84.6419119416152,6.696607586815302,0.03207955730210923,0.18445745448712808,0.008019889325527307,4.555297136899511,5.341246290801187
47,109,01639774,0500000US47109,47109,McNairy,McNairy County,TN,Tennessee,06,1457753351,1994997,47109,25970,23420,1394,57,108,0,918,561,"McNairy County, Tennessee",90.18097805159799,5.367731998459761,0.21948402002310358,0.4158644589911436,0.0,3.534847901424721,2.1601848286484406
17,173,01785051,0500000US17173,17173,Shelby,Shelby County,IL,Illinois,06,1964529415,24746071,17173,20720,20005,45,65,38,0,480,254,"Shelby County, Illinois",96.5492277992278,0.2171814671814672,0.3137065637065637,0.1833976833976834,0.0,2.3166023166023164,1.2258687258687258
26,005,01622945,0500000US26005,26005,Allegan,Allegan County,MI,Michigan,06,2137395690,2610802938,26005,121456,105919,1483,539,838,28,9357,9856,"Allegan County, Michigan",87.20771308128047,1.2210183111579502,0.4437821103938875,0.6899617968647082,0.02305361612435779,7.704024502700567,8.114872875773942
47,111,01639768,0500000US47111,47111,Macon,Macon County,TN,Tennessee,06,795498343,246690,47111,26240,23268,179,9,46,0,2308,1837,"Macon County, Tennessee",88.67378048780488,0.6821646341463414,0.034298780487804874,0.1753048780487805,0.0,8.795731707317072,7.000762195121951
24,039,00596907,0500000US24039,24039,Somerset,Somerset County,MD,Maryland,06,828145301,752652883,24039,24822,12896,9623,60,185,0,1601,1144,"Somerset County, Maryland",51.95391185238901,38.76802836193699,0.241721053903795,0.7453065828700346,0.0,6.449923454999597,4.608814761099024
22,019,00558468,0500000US22019,22019,Calcasieu,Calcasieu Parish,LA,Louisiana,15,2755958086,77914414,22019,207088,136057,48488,609,3091,126,14546,11101,"Calcasieu Parish, Louisiana",65.70008885111643,23.4142007262613,0.29407787993510004,1.4926021787838986,0.060843699296917256,7.024067063277448,5.360523062659352
39,035,01074030,0500000US39035,39035,Cuyahoga,Cuyahoga County,OH,Ohio,06,1184169993,2041734546,39035,1245873,718848,359678,2254,41340,307,92104,87528,"Cuyahoga County, Ohio",57.69833682887421,28.86955572518226,0.1809173166125279,3.3181552212785737,0.02464135590064156,7.392727830204201,7.025435176779656
13,117,01673358,0500000US13117,13117,Forsyth,Forsyth County,GA,Georgia,06,581758096,58448003,13117,267287,169658,11421,806,52530,24,26154,27069,"Forsyth County, Georgia",63.47409339025093,4.272935084759079,0.3015485227489552,19.653032133998284,0.008979112339919264,9.784987672427016,10.127316330386439
19,133,00465255,0500000US19133,19133,Monona,Monona County,IA,Iowa,06,1797639077,12591063,19133,8557,7994,21,40,0,0,497,233,"Monona County, Iowa",93.4205913287367,0.24541311207198785,0.4674535468037864,0.0,0.0,5.808110319037046,2.7229169101320556
20,043,00484991,0500000US20043,20043,Doniphan,Doniphan County,KS,Kansas,06,1019105691,12424174,20043,7503,6752,246,25,8,12,428,260,"Doniphan County, Kansas",89.99067039850726,3.278688524590164,0.3332000533120085,0.10662401705984273,0.1599360255897641,5.704384912701586,3.465280554444889
48,285,01383928,0500000US48285,48285,Lavaca,Lavaca County,TX,Texas,06,2511535248,1882216,48285,20552,15211,749,16,71,0,2391,4129,"Lavaca County, Texas",74.01226158038146,3.6444141689373293,0.07785130400934215,0.34546516154145585,0.0,11.633904242896069,20.09050214091086
24,035,00596089,0500000US24035,24035,Queen Anne's,Queen Anne's County,MD,Maryland,06,962618587,360075353,24035,51825,43211,2948,32,525,0,3830,2958,"Queen Anne's County, Maryland",83.3786782440907,5.6883743367100825,0.06174626145682585,1.0130246020260492,0.0,7.390255668113845,5.70767004341534
05,025,00063760,0500000US05025,05025,Cleveland,Cleveland County,AR,Arkansas,06,1548580958,2561701,05025,7453,6231,935,0,24,0,259,108,"Cleveland County, Arkansas",83.60391788541527,12.54528377834429,0.0,0.3220179793371797,0.0,3.475110693680397,1.4490809070173085
19,017,00465198,0500000US19017,19017,Bremer,Bremer County,IA,Iowa,06,1127886260,10165785,19017,25204,23332,289,12,226,8,955,528,"Bremer County, Iowa",92.57260752261546,1.146643389938105,0.047611490239644505,0.8966830661799714,0.03174099349309633,3.7890810982383747,2.0949055705443578
37,083,01008559,0500000US37083,37083,Halifax,Halifax County,NC,North Carolina,06,1874472930,16919664,37083,47675,17676,24627,1378,438,41,2667,1612,"Halifax County, North Carolina",37.07603565810173,51.65600419507079,2.8904037755637124,0.9187205034084951,0.08599895123230204,5.594126900891452,3.3812270582066075
12,003,00306920,0500000US12003,12003,Baker,Baker County,FL,Florida,06,1515738971,9686120,12003,28430,22245,3182,1,234,4,2610,1155,"Baker County, Florida",78.24481181850157,11.192402391839607,0.003517411185367569,0.8230742173760113,0.014069644741470277,9.180443193809356,4.062609919099542
22,069,00558108,0500000US22069,22069,Natchitoches,Natchitoches Parish,LA,Louisiana,15,3246092085,119733774,22069,36693,18727,14552,373,241,2,1941,1438,"Natchitoches Parish, Louisiana",51.03698253072794,39.65879050500095,1.0165426648134521,0.6568010247186112,0.005450630910527893,5.2898372986673206,3.9190036246695557
26,013,01622949,0500000US26013,26013,Baraga,Baraga County,MI,Michigan,06,2326915078,441618719,26013,8191,5950,513,981,65,11,644,143,"Baraga County, Michigan",72.64070321084117,6.2629715541447935,11.976559638627762,0.7935539006226346,0.13429373702844585,7.862287876938103,1.7458185813697962
38,081,01035303,0500000US38081,38081,Sargent,Sargent County,ND,North Dakota,06,2223461620,21731925,38081,3804,3429,120,10,11,0,182,110,"Sargent County, North Dakota",90.14195583596214,3.1545741324921135,0.26288117770767616,0.2891692954784437,0.0,4.784437434279706,2.8916929547844377
40,149,01101862,0500000US40149,40149,Washita,Washita County,OK,Oklahoma,06,2597989578,14579003,40149,10815,9168,140,234,14,2,1051,1045,"Washita County, Oklahoma",84.77115117891817,1.2944983818770228,2.163661581137309,0.12944983818770225,0.01849283402681461,9.717984281091077,9.662505779010633
41,041,01135856,0500000US41041,41041,Lincoln,Lincoln County,OR,Oregon,06,2540733352,553145247,41041,50964,41211,183,1285,607,56,5354,5237,"Lincoln County, Oregon",80.86296209088768,0.35907699552625383,2.5213876461816187,1.1910368102974649,0.10988148496978258,10.505454830861,10.275881014049133
26,051,01622968,0500000US26051,26051,Gladwin,Gladwin County,MI,Michigan,06,1299620414,36677053,26051,25693,24093,81,126,117,2,1116,575,"Gladwin County, Michigan",93.77262289339508,0.31526096602187365,0.4904059471451368,0.45537695092048414,0.00778422138325614,4.343595531856926,2.2379636476861404
28,117,00695779,0500000US28117,28117,Prentiss,Prentiss County,MS,Mississippi,06,1074806610,8324262,28117,25184,20023,3228,61,134,0,1305,382,"Prentiss County, Mississippi",79.50682973316391,12.81766200762389,0.24221728081321472,0.5320838627700126,0.0,5.181861499364676,1.516836086404066
29,083,00758496,0500000US29083,29083,Henry,Henry County,MO,Missouri,06,1805054746,91657543,29083,22328,20586,169,46,36,0,1414,675,"Henry County, Missouri",92.19813686850591,0.7568971694733071,0.20601934790397705,0.16123253314224292,0.0,6.332855607309209,3.023109996417055
17,085,00424244,0500000US17085,17085,Jo Daviess,Jo Daviess County,IL,Illinois,06,1556385346,45789931,17085,21851,20434,166,63,118,11,866,912,"Jo Daviess County, Illinois",93.5151709303922,0.7596906320076885,0.288316324195689,0.5400210516681159,0.05034094549448538,3.9632053452931215,4.173722026451879
37,141,01026129,0500000US37141,37141,Pender,Pender County,NC,North Carolina,06,2256645361,162833419,37141,65550,49242,7951,193,537,0,3883,5787,"Pender County, North Carolina",75.1212814645309,12.129672006102211,0.2944317315026697,0.8192219679633868,0.0,5.92372234935164,8.82837528604119
13,249,00344129,0500000US13249,13249,Schley,Schley County,GA,Georgia,06,432291202,2369649,13249,4513,3734,657,4,0,0,104,65,"Schley County, Georgia",82.73875470861954,14.557943718147573,0.08863283846665189,0.0,0.0,2.3044538001329493,1.4402836250830933
19,125,00465251,0500000US19125,19125,Marion,Marion County,IA,Iowa,06,1436123093,41484609,19125,33642,31760,141,12,473,0,1039,773,"Marion County, Iowa",94.40580227097081,0.4191189584448011,0.035669698591046906,1.4059806194637656,0.0,3.0884014030081444,2.297723084239938
21,115,00516904,0500000US21115,21115,Johnson,Johnson County,KY,Kentucky,06,678488580,5619567,21115,22334,20983,123,30,312,3,862,110,"Johnson County, Kentucky",93.95092683800483,0.5507298289603295,0.13432434852690964,1.3969732246798603,0.013432434852690965,3.859586281006537,0.4925226112653353
28,105,00695775,0500000US28105,28105,Oktibbeha,Oktibbeha County,MS,Mississippi,06,1186834318,9566078,28105,51771,28654,18365,101,1652,18,2665,1253,"Oktibbeha County, Mississippi",55.34758841822642,35.47352765061521,0.19508991520349228,3.190975642734349,0.03476849973923625,5.147669544725812,2.4202738985146124
19,175,00465276,0500000US19175,19175,Union,Union County,IA,Iowa,06,1097235803,5575854,19175,11993,11131,196,16,106,0,371,460,"Union County, Iowa",92.8124739431335,1.6342866672225465,0.13341115650796298,0.8838489118652547,0.0,3.0934711915283915,3.835570749603936
29,203,00758554,0500000US29203,29203,Shannon,Shannon County,MO,Missouri,06,2599881424,464012,29203,7177,6622,14,31,30,0,461,48,"Shannon County, Missouri",92.26696391249826,0.19506757698202593,0.43193534903162883,0.41800195067576984,0.0,6.423296642050996,0.6688031210812317
24,041,00592947,0500000US24041,24041,Talbot,Talbot County,MD,Maryland,06,695561637,539363457,24041,37917,28647,4628,187,528,19,2895,3650,"Talbot County, Maryland",75.5518632803228,12.205606983674869,0.49318247751668115,1.392515230635335,0.05010944958725637,7.635097713426695,9.626288999657145
20,001,00484970,0500000US20001,20001,Allen,Allen County,KS,Kansas,06,1295764236,13021929,20001,12483,11273,352,76,46,55,591,533,"Allen County, Kansas",90.30681727148922,2.8198349755667707,0.60882800608828,0.36850116157974844,0.4405992149323079,4.7344388368180725,4.269806937434911
20,017,00484978,0500000US20017,20017,Chase,Chase County,KS,Kansas,06,2002198770,12091093,20017,2561,2276,27,4,14,0,240,216,"Chase County, Kansas",88.87153455681374,1.0542756735650136,0.15618898867629832,0.5466614603670441,0.0,9.3713393205779,8.434205388520109
48,093,01383832,0500000US48093,48093,Comanche,Comanche County,TX,Texas,06,2428768926,25719485,48093,13950,9727,60,69,47,0,3733,4110,"Comanche County, Texas",69.72759856630825,0.43010752688172044,0.49462365591397855,0.33691756272401435,0.0,26.759856630824373,29.462365591397848
48,497,01384034,0500000US48497,48497,Wise,Wise County,TX,Texas,06,2342372272,47035843,48497,75005,60127,1273,568,559,21,7612,15852,"Wise County, Texas",80.1639890673955,1.6972201853209787,0.757282847810146,0.7452836477568162,0.02799813345776948,10.148656756216253,21.134591027264847
19,059,00465218,0500000US19059,19059,Dickinson,Dickinson County,IA,Iowa,06,985574547,60680641,19059,17990,16965,6,10,83,0,853,513,"Dickinson County, Iowa",94.3023902167871,0.033351862145636464,0.055586436909394105,0.4613674263479711,0.0,4.741523068371317,2.851584213451918
26,003,01622944,0500000US26003,26003,Alger,Alger County,MI,Michigan,06,2369927690,10703517569,26003,8762,7178,670,202,23,0,577,154,"Alger County, Michigan",81.92193563113445,7.646656014608537,2.3054097238073497,0.2624971467701438,0.0,6.585254508103172,1.7575895914174844
26,043,01622964,0500000US26043,26043,Dickinson,Dickinson County,MI,Michigan,06,1970845133,40505952,26043,25954,24127,91,144,75,36,1259,511,"Dickinson County, Michigan",92.96062264005548,0.3506203282730986,0.5548277722123758,0.28897279802727904,0.13870694305309395,4.8508900362179235,1.9688679972258611
19,085,00465231,0500000US19085,19085,Harrison,Harrison County,IA,Iowa,06,1804896268,12325506,19085,14632,13882,18,9,43,0,587,328,"Harrison County, Iowa",94.87424822307273,0.12301804264625478,0.06150902132312739,0.29387643521049756,0.0,4.01175505740842,2.241662110442865
10,001,00217271,0500000US10001,10001,Kent,Kent County,DE,Delaware,06,1517891101,549776917,10001,187604,108953,50730,927,4694,105,17870,15216,"Kent County, Delaware",58.076053815483675,27.04100125796891,0.4941259248203663,2.502078846932901,0.055968955885802016,9.525383254088398,8.110701264365366
19,075,00465226,0500000US19075,19075,Grundy,Grundy County,IA,Iowa,06,1299799697,92512,19075,12384,11777,71,58,59,0,228,219,"Grundy County, Iowa",95.09851421188631,0.5733204134366925,0.4683462532299742,0.476421188630491,0.0,1.8410852713178296,1.7684108527131783
08,107,00198169,0500000US08107,08107,Routt,Routt County,CO,Colorado,06,6117602804,15831744,08107,25084,20356,78,165,152,33,3655,2267,"Routt County, Colorado",81.1513315260724,0.3109551905597194,0.6577898261840217,0.6059639610907351,0.13155796523680433,14.571041301227874,9.03763355126774
05,147,00069907,0500000US05147,05147,Woodruff,Woodruff County,AR,Arkansas,06,1517662786,21064563,05147,6026,4169,1498,1,5,24,231,86,"Woodruff County, Arkansas",69.18353800199138,24.85894457351477,0.016594756057085963,0.0829737802854298,0.39827414537006306,3.833388649186857,1.4271490209093927
05,073,00066864,0500000US05073,05073,Lafayette,Lafayette County,AR,Arkansas,06,1371327392,43028603,05073,6136,3543,2262,14,62,0,206,36,"Lafayette County, Arkansas",57.741199478487616,36.86440677966102,0.22816166883963493,1.0104302477183833,0.0,3.3572359843546282,0.5867014341590613
06,043,00277286,0500000US06043,06043,Mariposa,Mariposa County,CA,California,06,3752476985,36220865,06043,17082,13189,182,285,326,29,2095,2508,"Mariposa County, California",77.2099285797916,1.06544901065449,1.6684229012996137,1.9084416344690318,0.16976934785153963,12.26437185341295,14.682121531436602
39,067,01074046,0500000US39067,39067,Harrison,Harrison County,OH,Ohio,06,1042032638,21847163,39067,14306,13496,382,24,17,0,355,167,"Harrison County, Ohio",94.33803998322382,2.6702083042080247,0.1677617782748497,0.11883125961135188,0.0,2.4814763036488188,1.1673423738291626
32,023,00863599,0500000US32023,32023,Nye,Nye County,NV,Nevada,06,47090939212,43207981,32023,54344,39769,1565,547,1037,238,7281,9305,"Nye County, Nevada",73.18011187987634,2.879802738112763,1.006550861180627,1.9082143382894157,0.43795083173855437,13.397983218018549,17.12240541734138
20,105,00485017,0500000US20105,20105,Lincoln,Lincoln County,KS,Kansas,06,1863226707,2748359,20105,2923,2706,2,5,17,0,163,133,"Lincoln County, Kansas",92.57612042422168,0.06842285323297981,0.17105713308244952,0.5815942524803285,0.0,5.5764625384878554,4.550119739993157
01,001,00161526,0500000US01001,01001,Autauga,Autauga County,AL,Alabama,06,1539631461,25677536,01001,59947,42822,12244,36,680,5,3467,2289,"Autauga County, Alabama",71.43309923765993,20.424708492501708,0.06005304685805796,1.1343353295410945,0.008340700952508048,5.783442040469081,3.818372896058185
51,810,01498559,0500000US51810,51810,Virginia Beach,Virginia Beach city,VA,Virginia,25,633818766,654697226,51810,456349,277439,85740,1042,33022,752,46554,41512,"Virginia Beach city, Virginia",60.79535618572628,18.788251973818284,0.2283340162901639,7.236128489379838,0.1647861614685252,10.201402873677822,9.096546721916779
13,021,01672039,0500000US13021,13021,Bibb,Bibb County,GA,Georgia,06,645898113,14305197,13021,156578,55291,86013,281,3590,73,7204,7371,"Bibb County, Georgia",35.312112812783404,54.9330046366667,0.17946327070214205,2.2927869815682915,0.04662213082297641,4.600901786968795,4.707557894467933
55,039,01581079,0500000US55039,55039,Fond du Lac,Fond du Lac County,WI,Wisconsin,06,1863667255,119853823,55039,104137,91257,1770,444,1976,0,6787,7129,"Fond du Lac County, Wisconsin",87.6316775017525,1.6996840700231428,0.4263614277346188,1.8975004081162317,0.0,6.517376148727158,6.845789680901121
56,043,01605085,0500000US56043,56043,Washakie,Washakie County,WY,Wyoming,06,5798152470,10415890,56043,7703,6355,9,33,26,0,1039,1089,"Washakie County, Wyoming",82.50032454887706,0.11683759574191872,0.4284045177203687,0.3375308321433208,0.0,13.488251330650398,14.137349084772167
19,111,00465244,0500000US19111,19111,Lee,Lee County,IA,Iowa,06,1340448559,55266767,19111,32893,29953,815,35,185,21,1536,1145,"Lee County, Iowa",91.0619280698021,2.477730824187517,0.10640561821664184,0.562429696287964,0.0638433709299851,4.669686559450339,3.4809837959444256
39,169,01074096,0500000US39169,39169,Wayne,Wayne County,OH,Ohio,06,1436897057,5040384,39169,116588,108807,1406,105,1341,0,3943,2885,"Wayne County, Ohio",93.32607129378667,1.205956016056541,0.09006072666140598,1.1502041376470993,0.0,3.381994716437369,2.4745256801729165
42,069,01213675,0500000US42069,42069,Lackawanna,Lackawanna County,PA,Pennsylvania,06,1188509486,15908159,42069,216146,175665,6807,180,6465,60,18185,21190,"Lackawanna County, Pennsylvania",81.27145540514282,3.1492602222571784,0.08327704422011048,2.991033838238968,0.027759014740036825,8.413294717459495,9.803558705689673
48,447,01384009,0500000US48447,48447,Throckmorton,Throckmorton County,TX,Texas,06,2363499444,7586186,48447,1639,1456,0,0,13,0,156,168,"Throckmorton County, Texas",88.8346552776083,0.0,0.0,0.7931665649786455,0.0,9.517998779743746,10.250152532031727
51,109,01494707,0500000US51109,51109,Louisa,Louisa County,VA,Virginia,06,1282245762,37822855,51109,39980,30890,4640,183,242,10,2906,1659,"Louisa County, Virginia",77.26363181590796,11.605802901450724,0.4577288644322161,0.6053026513256629,0.02501250625312656,7.268634317158579,4.149574787393697
31,111,00835877,0500000US31111,31111,Lincoln,Lincoln County,NE,Nebraska,06,6641092845,28436694,31111,33802,29842,281,628,249,4,1980,3136,"Lincoln County, Nebraska",88.28471688065795,0.8313117567007869,1.8578782320572746,0.7366428022010532,0.011833619312466718,5.857641559671025,9.277557540973907
18,139,00446854,0500000US18139,18139,Rush,Rush County,IN,Indiana,06,1057069253,838340,18139,16739,16027,106,0,0,0,510,321,"Rush County, Indiana",95.7464603620288,0.6332516876754883,0.0,0.0,0.0,3.0467769878726325,1.9176772806021865
37,089,01008562,0500000US37089,37089,Henderson,Henderson County,NC,North Carolina,06,965934305,5531389,37089,118484,96573,3434,1524,1444,242,8537,15507,"Henderson County, North Carolina",81.50720772424968,2.8982816245231424,1.2862496202018838,1.2187299550994226,0.2042469869349448,7.2051922622463795,13.087843084298301
46,053,01265765,0500000US46053,46053,Gregory,Gregory County,SD,South Dakota,06,2628707539,99900744,46053,4016,3475,35,162,43,10,291,24,"Gregory County, South Dakota",86.5288844621514,0.8715139442231075,4.033864541832669,1.0707171314741035,0.24900398406374502,7.246015936254981,0.5976095617529881
48,311,01383947,0500000US48311,48311,McMullen,McMullen County,TX,Texas,06,2952066567,43985124,48311,700,306,0,3,0,0,341,435,"McMullen County, Texas",43.714285714285715,0.0,0.4285714285714286,0.0,0.0,48.714285714285715,62.142857142857146
12,011,00295753,0500000US12011,12011,Broward,Broward County,FL,Florida,06,3115520740,273292462,12011,1977129,746694,553213,4541,74069,1209,478002,648085,"Broward County, Florida",37.766579722415685,27.98062240754144,0.22967646521800048,3.746290707384293,0.061149272505739385,24.17657117972575,32.77909534481564
21,125,00516909,0500000US21125,21125,Laurel,Laurel County,KY,Kentucky,06,1123286188,25873416,21125,62983,60016,352,71,195,92,1913,1061,"Laurel County, Kentucky",95.2892050235778,0.5588809678802217,0.11272883158947651,0.3096073543654637,0.14607116205960338,3.037327532826318,1.6845815537525999
48,121,01383847,0500000US48121,48121,Denton,Denton County,TX,Texas,06,2275809217,188980887,48121,979561,557664,107302,6852,108976,830,148295,200647,"Denton County, Texas",56.929992108709925,10.95409065897887,0.6994970195832623,11.124983538544306,0.08473183395418968,15.138924477393445,20.483359382417227
26,061,01622973,0500000US26061,26061,Houghton,Houghton County,MI,Michigan,06,2613558396,1275354760,26061,37693,34481,444,187,1084,3,1040,697,"Houghton County, Michigan",91.4785238638474,1.1779375480858514,0.4961133366938158,2.8758655453267186,0.007959037487066565,2.759132995516409,1.8491497094951317
21,237,00516965,0500000US21237,21237,Wolfe,Wolfe County,KY,Kentucky,06,575390049,1534248,21237,6443,6126,10,5,0,0,173,102,"Wolfe County, Kentucky",95.07993170883128,0.15520720161415488,0.07760360080707744,0.0,0.0,2.6850845879248797,1.58311345646438
37,057,01008548,0500000US37057,37057,Davidson,Davidson County,NC,North Carolina,06,1432729886,37602681,37057,172954,133972,16096,373,2667,9,14341,15456,"Davidson County, North Carolina",77.46105900991014,9.306520809001237,0.2156642806757866,1.5420285162528766,0.0052036957803809104,8.29180013182696,8.93648022017415
23,005,00581288,0500000US23005,23005,Cumberland,Cumberland County,ME,Maine,06,2165736308,987475618,23005,308827,266236,10699,524,6792,116,21778,8682,"Cumberland County, Maine",86.20878355843239,3.46439916199037,0.16967428366043125,2.199289569888643,0.03756148264238554,7.051844560223038,2.811282692251649
27,019,00659455,0500000US27019,27019,Carver,Carver County,MN,Minnesota,06,916541648,57071065,27019,110041,95342,1830,258,3678,46,6861,5624,"Carver County, Minnesota",86.6422515244318,1.6630165120273352,0.23445806563008334,3.342390563517234,0.04180260084877455,6.23494879181396,5.110822329858871
13,291,00353193,0500000US13291,13291,Union,Union County,GA,Georgia,06,834197318,18082752,13291,26304,24544,243,85,93,0,1163,1000,"Union County, Georgia",93.30900243309003,0.9238138686131387,0.32314476885644766,0.35355839416058393,0.0,4.421380778588808,3.8017031630170317
06,007,01675842,0500000US06007,06007,Butte,Butte County,CA,California,06,4238488704,105260548,06007,207929,144544,3823,2789,11629,659,30824,41660,"Butte County, California",69.51603672407408,1.8386083711266827,1.3413232401444724,5.592774456665496,0.31693510765694055,14.824290983941635,20.035685257948625
06,023,01681908,0500000US06023,06023,Humboldt,Humboldt County,CA,California,06,9241141220,1254150035,06023,134541,97012,2137,5195,4137,423,17845,19039,"Humboldt County, California",72.10590080347255,1.5883633985179237,3.8612764882080555,3.0748991013891676,0.314402301157268,13.263614808868674,14.151076623482805
37,011,01008536,0500000US37011,37011,Avery,Avery County,NC,North Carolina,06,640602136,445285,37011,17680,15338,676,19,77,80,965,1070,"Avery County, North Carolina",86.75339366515837,3.823529411764706,0.1074660633484163,0.43552036199095023,0.4524886877828055,5.458144796380091,6.052036199095022
29,097,00758503,0500000US29097,29097,Jasper,Jasper County,MO,Missouri,06,1653723330,7163884,29097,124357,103636,2211,990,1651,419,12105,12221,"Jasper County, Missouri",83.33748803846989,1.7779457529531912,0.7960951132626228,1.3276293252490812,0.3369331843000394,9.734072066711162,9.827351898164157
13,175,00346568,0500000US13175,13175,Laurens,Laurens County,GA,Georgia,06,2090990041,28838468,13175,49798,28331,18192,56,573,143,1438,1646,"Laurens County, Georgia",56.89184304590545,36.5315876139604,0.11245431543435479,1.1506486204265232,0.28716012691272746,2.887666171332182,3.3053536286597858
22,057,00558065,0500000US22057,22057,Lafourche,Lafourche Parish,LA,Louisiana,15,2765571303,1037643577,22057,96252,72295,12330,2675,568,2,6837,5678,"Lafourche Parish, Louisiana",75.11012758176453,12.810123426006733,2.77916303037859,0.5901176079458089,0.002077878901217637,7.103229023812492,5.899098200556872
31,039,00835841,0500000US31039,31039,Cuming,Cuming County,NE,Nebraska,06,1477644346,10691216,31039,8975,7746,34,102,27,0,581,1114,"Cuming County, Nebraska",86.30640668523677,0.3788300835654596,1.1364902506963788,0.3008356545961003,0.0,6.4735376044568245,12.41225626740947
72,091,01804526,0500000US72091,72091,Manatí,Manatí Municipio,PR,Puerto Rico,13,116913017,66163823,72091,38943,4063,818,0,9,0,27382,38251,"Manatí Municipio, Puerto Rico",10.433197236987391,2.100505867550009,0.0,0.023110700254217704,0.0,70.31302159566546,98.22304393600903
38,011,01035619,0500000US38011,38011,Bowman,Bowman County,ND,North Dakota,06,3009070656,13583664,38011,2906,2685,0,54,0,0,120,78,"Bowman County, North Dakota",92.39504473503098,0.0,1.8582243633860975,0.0,0.0,4.129387474191328,2.684101858224363
20,085,00485007,0500000US20085,20085,Jackson,Jackson County,KS,Kansas,06,1699600349,4666513,20085,13341,11018,98,731,64,9,1202,768,"Jackson County, Kansas",82.58751218049622,0.7345776178697249,5.479349374109887,0.4797241586087999,0.06746120980436249,9.009819353871523,5.756689903305599
22,091,01629457,0500000US22091,22091,St. Helena,St. Helena Parish,LA,Louisiana,15,1058078903,2796358,22091,10858,4852,5501,70,39,0,384,94,"St. Helena Parish, Louisiana",44.68594584638055,50.663105544299135,0.6446859458463805,0.3591821698286978,0.0,3.536562902928716,0.8657211272794254
22,105,00559500,0500000US22105,22105,Tangipahoa,Tangipahoa Parish,LA,Louisiana,15,2049124443,136690438,22105,136738,83696,40109,114,1083,48,10049,7924,"Tangipahoa Parish, Louisiana",61.20902748321608,29.332738521844696,0.08337111848937384,0.7920256256490515,0.03510362883763109,7.349090962278225,5.795024060612266
21,041,00516867,0500000US21041,21041,Carroll,Carroll County,KY,Kentucky,06,333331142,22186244,21041,10954,9487,242,0,0,0,922,826,"Carroll County, Kentucky",86.60763191528208,2.209238634288844,0.0,0.0,0.0,8.417016614935184,7.54062442943217
19,043,00465210,0500000US19043,19043,Clayton,Clayton County,IA,Iowa,06,2016207829,36695624,19043,17013,16159,112,10,56,0,581,394,"Clayton County, Iowa",94.98030917533652,0.6583201081525892,0.058778581085052614,0.3291600540762946,0.0,3.4150355610415564,2.3158760947510726
27,049,00659470,0500000US27049,27049,Goodhue,Goodhue County,MN,Minnesota,06,1959878213,59112990,27049,47943,42969,752,451,329,15,2231,1964,"Goodhue County, Minnesota",89.62517990113258,1.5685292952047223,0.9407004150762365,0.686231566652066,0.031287153494775045,4.653442629789542,4.096531297582546
40,135,01101855,0500000US40135,40135,Sequoyah,Sequoyah County,OK,Oklahoma,06,1744553528,105073391,40135,39860,24654,799,7468,272,20,6170,2022,"Sequoyah County, Oklahoma",61.851480180632215,2.004515805318615,18.735574510787757,0.6823883592574009,0.050175614651279475,15.479177119919719,5.072754641244355
01,047,00161549,0500000US01047,01047,Dallas,Dallas County,AL,Alabama,06,2534919602,39124772,01047,36858,9936,25810,46,226,0,801,360,"Dallas County, Alabama",26.957512615985674,70.0255032828694,0.12480329914808183,0.6131640349449238,0.0,2.1732052742959467,0.9767214715936839
08,049,00198140,0500000US08049,08049,Grand,Grand County,CO,Colorado,06,4782276777,59886083,08049,15895,12503,33,285,113,0,2822,1614,"Grand County, Colorado",78.65995596099403,0.20761245674740486,1.7930166719094056,0.7109153821956591,0.0,17.754010695187166,10.154136520918527
12,069,00308551,0500000US12069,12069,Lake,Lake County,FL,Florida,06,2465151774,530846242,12069,412924,277461,43228,641,8527,456,65983,77473,"Lake County, Florida",67.1942052290494,10.468754540787167,0.15523437727039358,2.065028915732677,0.11043194389282289,15.979453846228362,18.76204822194883
25,009,00606931,0500000US25009,25009,Essex,Essex County,MA,Massachusetts,06,1275605370,870172676,25009,813054,551107,32753,2429,29493,182,98713,195593,"Essex County, Massachusetts",67.78233672056223,4.028391718139263,0.2987501445168464,3.6274343401545286,0.022384737053135463,12.141014003989895,24.056581727658926
47,131,01639779,0500000US47131,47131,Obion,Obion County,TN,Tennessee,06,1411149165,27448111,47131,30453,24234,3198,29,99,40,2209,1686,"Obion County, Tennessee",79.57836666338292,10.501428430696484,0.09522871309887367,0.3250911240271894,0.1313499491018947,7.253800939152136,5.536400354644862
25,025,00606939,0500000US25025,25025,Suffolk,Suffolk County,MA,Massachusetts,06,150875412,160499085,25025,785121,362430,143125,2825,72712,455,138244,182283,"Suffolk County, Massachusetts",46.162311287050024,18.22967415213706,0.3598171492037533,9.261247629346304,0.057952850579719564,17.607986539654398,23.217185631259383
48,005,01383788,0500000US48005,48005,Angelina,Angelina County,TX,Texas,06,2066460810,173300091,48005,87275,55368,10591,899,825,0,16288,20528,"Angelina County, Texas",63.440847894586085,12.135204812374678,1.0300773417358922,0.9452878831280435,0.0,18.662847321684332,23.521054139215124
46,127,01265763,0500000US46127,46127,Union,Union County,SD,South Dakota,06,1193354526,16502827,46127,17081,15367,160,167,190,18,1054,823,"Union County, South Dakota",89.96545869679761,0.9367133071834202,0.9776945143726947,1.1123470522803114,0.10538024705813477,6.170598911070781,4.818219073824718
46,039,01265781,0500000US46039,46039,Deuel,Deuel County,SD,South Dakota,06,1612885711,35935421,46039,4328,4098,22,13,4,0,166,136,"Deuel County, South Dakota",94.68576709796673,0.5083179297597042,0.30036968576709794,0.09242144177449169,0.0,3.8354898336414047,3.1423290203327174
45,017,01247986,0500000US45017,45017,Calhoun,Calhoun County,SC,South Carolina,06,987179024,29351080,45017,14182,7803,5526,0,30,4,434,557,"Calhoun County, South Carolina",55.02044845578903,38.964885065576084,0.0,0.21153574954167254,0.02820476660555634,3.0602171767028628,3.9275137498237203
13,063,01672399,0500000US13063,13063,Clayton,Clayton County,GA,Georgia,06,367145192,6928044,13063,298924,28917,207482,1345,14751,189,24485,43419,"Clayton County, Georgia",9.673696324149281,69.40961582208188,0.44994714375560346,4.93469912084677,0.06322677336045282,8.191045215506282,14.5250966800926
13,133,00348672,0500000US13133,13133,Greene,Greene County,GA,Georgia,06,1003664492,48417220,13133,20109,11931,5983,114,250,0,1118,1442,"Greene County, Georgia",59.33164254811278,29.75284698393754,0.5669103386543339,1.2432244268735393,0.0,5.5596996369784675,7.170918494206574
02,016,01419965,0500000US02016,02016,Aleutians West,Aleutians West Census Area,AK,Alaska,05,11377885026,25183635754,02016,5235,1276,369,435,2079,87,611,715,"Aleutians West Census Area, Alaska",24.37440305635148,7.048710601719198,8.30945558739255,39.7134670487106,1.66189111747851,11.671442215854823,13.658070678127984
27,093,00659492,0500000US27093,27093,Meeker,Meeker County,MN,Minnesota,06,1574629006,94913846,27093,23468,21849,72,105,69,0,1042,1042,"Meeker County, Minnesota",93.10124424748594,0.30680074995738876,0.4474177603545253,0.29401738537583094,0.0,4.440088631327765,4.440088631327765
55,111,01581115,0500000US55111,55111,Sauk,Sauk County,WI,Wisconsin,06,2153683697,45695276,55111,66009,57628,517,381,296,18,4987,4488,"Sauk County, Wisconsin",87.30324652698874,0.7832265297156449,0.5771940189974094,0.4484236997985123,0.027269008771531156,7.555030374645881,6.799072853701768
05,095,00069167,0500000US05095,05095,Monroe,Monroe County,AR,Arkansas,06,1573316480,35707672,05095,6589,3519,2651,0,48,0,354,193,"Monroe County, Arkansas",53.40719380786159,40.23372287145242,0.0,0.728486872059493,0.0,5.372590681438762,2.929124298072545
34,017,00882278,0500000US34017,34017,Hudson,Hudson County,NJ,New Jersey,06,119640821,41836491,34017,718323,231594,85703,7051,122062,222,148803,292607,"Hudson County, New Jersey",32.240927827732094,11.93098369396497,0.9815918465648462,16.992634232789428,0.030905316967436657,20.715332795970614,40.73473910761594
05,017,00069160,0500000US05017,05017,Chicot,Chicot County,AR,Arkansas,06,1649764401,140413175,05017,9765,3942,5204,13,20,0,503,624,"Chicot County, Arkansas",40.36866359447004,53.292370711725546,0.13312852022529442,0.2048131080389145,0.0,5.151049667178699,6.390168970814132
19,171,00465274,0500000US19171,19171,Tama,Tama County,IA,Iowa,06,1867410499,2769418,19171,16868,13459,207,1029,116,6,1691,1968,"Tama County, Iowa",79.79013516718047,1.227175717334598,6.10030827602561,0.6876926725160066,0.03557031064737966,10.024899217453166,11.667061892340525
06,109,00277319,0500000US06109,06109,Tuolumne,Tuolumne County,CA,California,06,5752133238,138668837,06109,54498,43875,1082,867,844,367,5621,7398,"Tuolumne County, California",80.5075415611582,1.9853939594113543,1.590884069140152,1.5486806855297444,0.6734192080443319,10.314139968439209,13.574810084773754
38,047,01035620,0500000US38047,38047,Logan,Logan County,ND,North Dakota,06,2570819037,47710154,38047,1819,1713,4,8,3,0,78,71,"Logan County, North Dakota",94.17262231995602,0.21990104452996154,0.4398020890599231,0.16492578339747113,0.0,4.28807036833425,3.9032435404068173
29,019,00758464,0500000US29019,29019,Boone,Boone County,MO,Missouri,06,1775568234,14222019,29019,188043,144850,18277,188,9111,154,12877,8454,"Boone County, Missouri",77.03025371856437,9.719585413974464,0.09997713288981776,4.845168392335795,0.0818961620480422,6.8479018096924635,4.495780220481485
37,179,01008590,0500000US37179,37179,Union,Union County,NC,North Carolina,06,1638781163,17889220,37179,250958,173717,28009,1319,11323,74,20966,33636,"Union County, North Carolina",69.22154304704374,11.160831692952605,0.525585954621889,4.511910359502387,0.029487005793798163,8.3543859928753,13.40303955243507
55,115,01581117,0500000US55115,55115,Shawano,Shawano County,WI,Wisconsin,06,2313441748,41883059,55115,41039,34965,245,2485,262,6,2670,1334,"Shawano County, Wisconsin",85.19944443090719,0.5969931041204708,6.055215770364775,0.6384171154267891,0.014620239284582958,6.5060064816394165,3.2505665342722776
21,067,00516880,0500000US21067,21067,Fayette,Fayette County,KY,Kentucky,06,735181664,4434380,21067,323725,221483,46839,714,14103,33,28714,30824,"Fayette County, Kentucky",68.41702061935284,14.468762066568846,0.22055757201328288,4.356475403506063,0.010193837361958454,8.869874121553787,9.521661904394161
46,115,01266987,0500000US46115,46115,Spink,Spink County,SD,South Dakota,06,3894043703,16165380,46115,6219,5768,97,28,0,0,311,175,"Spink County, South Dakota",92.7480302299405,1.5597362920083615,0.4502331564560219,0.0,0.0,5.000803987779386,2.813957227850137
06,025,00277277,0500000US06025,06025,Imperial,Imperial County,CA,California,06,10814595263,790216760,06025,180202,35716,3975,2795,2764,195,60055,154886,"Imperial County, California",19.819979800446166,2.205857870611869,1.5510371693987859,1.5338342526720015,0.10821189553945018,33.32648916216247,85.95132129499117
06,097,01657246,0500000US06097,06097,Sonoma,Sonoma County,CA,California,06,4080091725,497303747,06097,485040,299837,7630,6555,21865,1616,75520,145518,"Sonoma County, California",61.81696354939798,1.5730661388751443,1.3514349332013853,4.507875639122546,0.3331683984825994,15.569849909285832,30.001237011380503
23,013,00581292,0500000US23013,23013,Knox,Knox County,ME,Maine,06,945723205,2017077723,23013,41003,38422,118,53,202,5,2011,768,"Knox County, Maine",93.7053386337585,0.28778382069604663,0.12925883471941077,0.4926468794966222,0.01219422969051045,4.904519181523303,1.8730336804624053
28,121,00695781,0500000US28121,28121,Rankin,Rankin County,MS,Mississippi,06,2008526163,79225994,28121,158854,113415,33225,965,2194,148,6650,5279,"Rankin County, Mississippi",71.39574703816083,20.915431780125147,0.6074760471879839,1.3811424326740276,0.09316731086406385,4.186233900310977,3.3231772571040077
08,043,00198137,0500000US08043,08043,Fremont,Fremont County,CO,Colorado,06,3972613671,2235542,08043,49634,41815,1693,1029,457,20,3618,6546,"Fremont County, Colorado",84.24668573961397,3.410968287867188,2.0731756457267196,0.9207398154490873,0.04029495910061651,7.289358101301527,13.188540113631786
27,165,00659527,0500000US27165,27165,Watonwan,Watonwan County,MN,Minnesota,06,1126508687,12387832,27165,11205,8278,4,118,36,0,1160,3401,"Watonwan County, Minnesota",73.87773315484158,0.035698348951361,1.0531012940651496,0.321285140562249,0.0,10.35252119589469,30.35252119589469
01,093,00161573,0500000US01093,01093,Marion,Marion County,AL,Alabama,06,1922660062,3180617,01093,29184,26364,1024,181,86,18,1163,925,"Marion County, Alabama",90.33717105263158,3.508771929824561,0.620202850877193,0.29468201754385964,0.061677631578947366,3.985060307017544,3.1695449561403506
06,015,01682074,0500000US06015,06015,Del Norte,Del Norte County,CA,California,06,2606049835,578810831,06015,27107,17396,682,1659,931,129,3902,5396,"Del Norte County, California",64.17530527170103,2.5159552883019147,6.1201903567344225,3.4345372044121443,0.47589183605710705,14.394805769727375,19.906297266388755
26,131,01623008,0500000US26131,26131,Ontonagon,Ontonagon County,MI,Michigan,06,3395416183,6292279424,26131,5850,5415,31,28,24,0,315,105,"Ontonagon County, Michigan",92.56410256410257,0.5299145299145299,0.47863247863247865,0.41025641025641024,0.0,5.384615384615385,1.7948717948717947
31,107,00835875,0500000US31107,31107,Knox,Knox County,NE,Nebraska,06,2870350752,81515363,31107,8363,7173,56,780,36,1,266,246,"Knox County, Nebraska",85.77065646299175,0.6696161664474471,9.326796604089441,0.4304675355733588,0.011957431543704412,3.1806767906253737,2.9415281597512855
48,113,01383842,0500000US48113,48113,Dallas,Dallas County,TX,Texas,06,2261429757,91669776,48113,2621179,910742,587065,23770,185198,1294,559343,1081496,"Dallas County, Texas",34.74550955886645,22.396982426610315,0.9068438286740431,7.065446503272001,0.04936709778309684,21.33936675061108,41.25990632459668
48,019,01383795,0500000US48019,48019,Bandera,Bandera County,TX,Texas,06,2048663887,17291422,48019,22021,16998,274,131,110,0,3655,4619,"Bandera County, Texas",77.18995504291358,1.2442668362018074,0.5948866990599883,0.499523182416784,0.0,16.597793015757688,20.975432541664773
51,177,01480172,0500000US51177,51177,Spotsylvania,Spotsylvania County,VA,Virginia,06,1041093158,32918176,51177,146603,92975,24730,459,3911,131,14987,19628,"Spotsylvania County, Virginia",63.41957531564838,16.868686179682545,0.31309045517486,2.6677489546598636,0.08935697086689905,10.222846735742106,13.388539115843468
48,167,01383869,0500000US48167,48167,Galveston,Galveston County,TX,Texas,06,982664550,1280836456,48167,358990,216591,44109,1950,12211,297,65884,94669,"Galveston County, Texas",60.33343547174016,12.286971781943787,0.5431906181230675,3.401487506615783,0.08273210952951335,18.35260035098471,26.37092955235522
13,093,00351608,0500000US13093,13093,Dooly,Dooly County,GA,Georgia,06,1016908646,12141885,13093,10984,4548,5179,102,0,0,784,915,"Dooly County, Georgia",41.405680990531685,47.1504005826657,0.9286234522942461,0.0,0.0,7.137654770575383,8.330298616168973
17,107,00424255,0500000US17107,17107,Logan,Logan County,IL,Illinois,06,1600748259,2262329,17107,27713,24136,1492,18,130,4,1761,966,"Logan County, Illinois",87.09270017681231,5.383754916465197,0.06495146682062569,0.46909392703785224,0.01443365929347238,6.354418503951215,3.4857287193735793
18,027,00450343,0500000US18027,18027,Daviess,Daviess County,IN,Indiana,06,1112436829,19061974,18027,33658,30161,555,66,88,0,2113,2193,"Daviess County, Indiana",89.61019668429496,1.6489393309168696,0.19609008259551963,0.2614534434606929,0.0,6.277853704914136,6.515538653514766
50,001,01461757,0500000US50001,50001,Addison,Addison County,VT,Vermont,06,1984788915,107311072,50001,37664,33924,345,45,748,26,2201,1224,"Addison County, Vermont",90.07009345794393,0.9159940526762956,0.11947748513169074,1.9859813084112148,0.06903143585386576,5.843776550552252,3.2497875955819886
51,003,01675170,0500000US51003,51003,Albemarle,Albemarle County,VA,Virginia,06,1866014148,14223772,51003,114919,85958,10584,399,6680,9,7851,8647,"Albemarle County, Virginia",74.79877130848685,9.209965279892794,0.34720107205945056,5.8127898780880445,0.00783160312916054,6.831768463004377,7.524430250872354
41,017,01155130,0500000US41017,41017,Deschutes,Deschutes County,OR,Oregon,06,7815575342,94725560,41017,206334,180121,882,1528,2235,345,16255,19035,"Deschutes County, Oregon",87.2958407242626,0.4274622699118904,0.7405468803008715,1.0831952077699265,0.1672046293873041,7.878003625190226,9.225333682282125
41,033,01155133,0500000US41033,41033,Josephine,Josephine County,OR,Oregon,06,4244080759,5631773,41033,88179,75554,367,477,703,113,8720,7777,"Josephine County, Oregon",85.68253212216061,0.4161988682112521,0.5409451229884666,0.7972419737125619,0.12814842536204765,9.888975833248278,8.819560212749067
31,055,00835849,0500000US31055,31055,Douglas,Douglas County,NE,Nebraska,06,845399893,33511554,31055,590736,405474,62368,4344,25957,313,61347,85851,"Douglas County, Nebraska",68.63878280653287,10.557677202675984,0.7353538636548306,4.394010183906178,0.05298475122558977,10.38484195986024,14.532887787438042
34,001,00882270,0500000US34001,34001,Atlantic,Atlantic County,NJ,New Jersey,06,1438939253,301106094,34001,276270,155037,37110,1961,21681,29,34088,56285,"Atlantic County, New Jersey",56.11792811380172,13.432511673363015,0.7098128642270243,7.847757628406993,0.010496977594382307,12.338654215079451,20.373185651717524
05,109,00069173,0500000US05109,05109,Pike,Pike County,AR,Arkansas,06,1554861223,35284868,05109,10115,8748,331,30,49,0,670,807,"Pike County, Arkansas",86.48541769649036,3.2723677706376666,0.2965892239248641,0.4844290657439446,0.0,6.623826000988631,7.978250123578843
54,065,01557950,0500000US54065,54065,Morgan,Morgan County,WV,West Virginia,06,593295507,1401571,54065,17426,16320,8,0,115,12,839,310,"Morgan County, West Virginia",93.65316194192586,0.04590841271663032,0.0,0.6599334328015609,0.0688626190749455,4.814644783656605,1.778950992769425
51,750,01498438,0500000US51750,51750,Radford,Radford city,VA,Virginia,25,25061727,858278,51750,16726,13781,1568,8,406,0,728,731,"Radford city, Virginia",82.39268205189525,9.37462633026426,0.04782972617481765,2.427358603371996,0.0,4.352505081908406,4.370441229223963
41,065,01155136,0500000US41065,41065,Wasco,Wasco County,OR,Oregon,06,6167114402,35722739,41065,26552,20024,114,522,185,87,4539,5470,"Wasco County, Oregon",75.41428141006328,0.42934618861102736,1.9659536004820728,0.6967460078336848,0.3276589334136788,17.09475745706538,20.60108466405544
30,083,01715338,0500000US30083,30083,Richland,Richland County,MT,Montana,06,5398974516,49002593,30083,11235,10086,30,24,48,61,758,620,"Richland County, Montana",89.77303070761015,0.26702269692923897,0.2136181575433912,0.4272363150867824,0.5429461504227859,6.746773475745438,5.518469069870939
37,053,01026125,0500000US37053,37053,Currituck,Currituck County,NC,North Carolina,06,678344375,685095432,37053,30601,25917,1541,54,280,0,2200,1587,"Currituck County, North Carolina",84.6933106761217,5.035783144341687,0.176464821411065,0.9150027776870037,0.0,7.189307538969316,5.18610502924741
04,007,00040471,0500000US04007,04007,Gila,Gila County,AZ,Arizona,06,12322070148,96465330,04007,53795,35199,289,5279,415,46,9735,9659,"Gila County, Arizona",65.43173157356632,0.5372246491309601,9.813179663537504,0.7714471605167766,0.08550980574402825,18.09647736778511,17.95520029742541
21,103,00516898,0500000US21103,21103,Henry,Henry County,KY,Kentucky,06,741386195,12616890,21103,15856,14304,421,53,78,0,792,651,"Henry County, Kentucky",90.21190716448032,2.655146316851665,0.3342583249243189,0.4919273461150353,0.0,4.994954591321897,4.105701311806256
31,143,00835893,0500000US31143,31143,Polk,Polk County,NE,Nebraska,06,1136152530,5104668,31143,5225,4757,10,6,11,0,278,330,"Polk County, Nebraska",91.04306220095694,0.19138755980861244,0.11483253588516747,0.21052631578947367,0.0,5.320574162679426,6.315789473684211
28,119,00695780,0500000US28119,28119,Quitman,Quitman County,MS,Mississippi,06,1048975539,3676001,28119,5774,1409,4258,16,0,0,90,17,"Quitman County, Mississippi",24.402493938344303,73.74437131970905,0.27710426047800485,0.0,0.0,1.5587114651887772,0.29442327675788016
28,081,00695764,0500000US28081,28081,Lee,Lee County,MS,Mississippi,06,1165404272,8314455,28081,83034,52273,24874,148,823,234,2791,2933,"Lee County, Mississippi",62.95372979743238,29.956403401016452,0.17824023893826627,0.991160247609413,0.2818122696726642,3.3612736951128452,3.5322879784184793
28,029,00695739,0500000US28029,28029,Copiah,Copiah County,MS,Mississippi,06,2013158772,5644780,28029,27855,12008,14080,12,82,0,556,1287,"Copiah County, Mississippi",43.108957099264046,50.547478011129066,0.043080236941303175,0.29438161909890503,0.0,1.9960509782803806,4.620355411954765
20,037,00484988,0500000US20037,20037,Crawford,Crawford County,KS,Kansas,06,1527499258,13573629,20037,39008,33844,681,206,655,88,2410,2936,"Crawford County, Kansas",86.7616899097621,1.7457957342083674,0.5280968006562756,1.6791427399507792,0.2255947497949139,6.178219852337982,7.526661197703036
25,017,00606935,0500000US25017,25017,Middlesex,Middlesex County,MA,Massachusetts,06,2118264215,75317586,25017,1638365,1093628,80327,3246,223582,623,163181,151761,"Middlesex County, Massachusetts",66.75118181845926,4.902875732818999,0.19812434958022176,13.646653828664554,0.03802571466065254,9.95999060038514,9.262954225706727
35,025,01702365,0500000US35025,35025,Lea,Lea County,NM,New Mexico,06,11374066523,8147103,35025,73733,31609,2525,687,788,25,27944,46266,"Lea County, New Mexico",42.86954280986804,3.4245181940243854,0.9317401977404962,1.0687209255014716,0.033906120732914706,37.89890551042274,62.748023273161266
36,063,00974130,0500000US36063,36063,Niagara,Niagara County,NY,New York,06,1352887560,1598842379,36063,210721,174788,13944,1194,2483,12,15026,8459,"Niagara County, New York",82.94759421225221,6.617280669700694,0.5666260125948529,1.1783353343995142,0.005694733794923145,7.130755833542931,4.01431276427124
01,027,00161539,0500000US01027,01027,Clay,Clay County,AL,Alabama,06,1564255426,5281616,01027,14192,11357,1818,24,54,0,797,465,"Clay County, Alabama",80.0239571589628,12.810033821871478,0.16910935738444194,0.3804960541149943,0.0,5.615839909808343,3.2764937993235628
12,087,00295759,0500000US12087,12087,Monroe,Monroe County,FL,Florida,06,2546044689,11153864839,12087,81860,57200,6012,96,929,35,13735,20132,"Monroe County, Florida",69.87539701930125,7.344246274126558,0.11727339359882726,1.1348644026386514,0.04275592474957244,16.778646469582213,24.593207915954068
48,323,01383944,0500000US48323,48323,Maverick,Maverick County,TX,Texas,06,3313819983,31871181,48323,58082,9998,103,1005,270,44,40659,55049,"Maverick County, Texas",17.213594573189628,0.1773354912020936,1.7303123170689716,0.4648600254812162,0.07575496711545746,70.00275472607692,94.77807238042767
72,143,01804552,0500000US72143,72143,Vega Alta,Vega Alta Municipio,PR,Puerto Rico,13,71816310,25307600,72143,34921,3454,1034,81,0,0,20190,34786,"Vega Alta Municipio, Puerto Rico",9.89089659517196,2.9609690444145356,0.23195212050055838,0.0,0.0,57.81621373958363,99.61341313249908
22,109,00559517,0500000US22109,22109,Terrebonne,Terrebonne Parish,LA,Louisiana,15,3185395699,2207589252,22109,106186,68490,19664,5340,1161,26,8639,7696,"Terrebonne Parish, Louisiana",64.50002825231198,18.518448759723505,5.028911532593751,1.093364473659428,0.02448533705008193,8.135724106756069,7.247659766824252
17,035,00424219,0500000US17035,17035,Cumberland,Cumberland County,IL,Illinois,06,895989975,2538006,17035,10334,9817,18,0,4,0,488,38,"Cumberland County, Illinois",94.99709696148636,0.17418231081865687,0.0,0.03870718018192375,0.0,4.722275982194697,0.36771821172827557
53,037,01531926,0500000US53037,53037,Kittitas,Kittitas County,WA,Washington,06,5949905814,92507199,53037,47172,38721,532,237,813,25,4536,4974,"Kittitas County, Washington",82.0847112693971,1.1277876706520817,0.502416687865683,1.7234800305265834,0.05299754091410159,9.615873823454592,10.544390740269652
36,029,00974113,0500000US36029,36029,Erie,Erie County,NY,New York,06,2700663216,476876397,36029,950622,699174,118588,3857,46784,205,57911,60918,"Erie County, New York",73.54910784728315,12.474779670573582,0.4057343507724416,4.921409350930233,0.021564828080982767,6.0919061414526485,6.408225351401503
35,011,00933054,0500000US35011,35011,De Baca,De Baca County,NM,New Mexico,06,6016818946,29090018,35011,1576,672,1,0,0,0,260,1003,"De Baca County, New Mexico",42.63959390862944,0.06345177664974619,0.0,0.0,0.0,16.49746192893401,63.64213197969543
24,019,00596495,0500000US24019,24019,Dorchester,Dorchester County,MD,Maryland,06,1400573748,1145353067,24019,32754,20185,8133,0,381,6,2804,1996,"Dorchester County, Maryland",61.62606093912194,24.83055504671185,0.0,1.1632167063564756,0.018318373328448434,8.560786468828235,6.093912193930513
13,243,00352242,0500000US13243,13243,Randolph,Randolph County,GA,Georgia,06,1109126226,6830041,13243,6196,1672,4174,0,5,0,306,261,"Randolph County, Georgia",26.985151710781146,67.36604260813428,0.0,0.08069722401549387,0.0,4.938670109748225,4.21239509360878
21,023,00516858,0500000US21023,21023,Bracken,Bracken County,KY,Kentucky,06,524900457,16279752,21023,8444,8080,54,84,7,0,202,125,"Bracken County, Kentucky",95.68924680246329,0.63950734249171,0.994789199431549,0.08289909995262909,0.0,2.392231170061582,1.4803410705826623
40,009,01101792,0500000US40009,40009,Beckham,Beckham County,OK,Oklahoma,06,2335328724,5521744,40009,22148,17861,1230,407,262,0,1820,3006,"Beckham County, Oklahoma",80.6438504605382,5.553548853169586,1.8376377099512369,1.1829510565288062,0.0,8.217446270543615,13.572331587502257
47,173,01648583,0500000US47173,47173,Union,Union County,TN,Tennessee,06,579077904,61005196,47173,20431,19327,70,0,11,0,936,485,"Union County, Tennessee",94.59644657628115,0.3426166120111595,0.0,0.053839753316039345,0.0,4.581273554892076,2.3738436689344624
05,047,00066853,0500000US05047,05047,Franklin,Franklin County,AR,Arkansas,06,1577206796,28861865,05047,17326,15049,40,168,105,0,1707,577,"Franklin County, Arkansas",86.85790141983146,0.23086690522913542,0.9696410019623687,0.6060256262264805,0.0,9.852245180653354,3.330255107930278
29,117,00758513,0500000US29117,29117,Livingston,Livingston County,MO,Missouri,06,1378657549,16187907,29117,14364,13093,434,51,52,6,662,295,"Livingston County, Missouri",91.15148983570036,3.0214424951267054,0.35505430242272346,0.3620161514898357,0.04177109440267335,4.608744082428292,2.0537454747981063
36,055,00974126,0500000US36055,36055,Monroe,Monroe County,NY,New York,06,1701477040,1838269506,36055,753753,524918,107052,1232,29319,354,62073,74960,"Monroe County, New York",69.6405851784338,14.202530537191894,0.16344876902645827,3.8897357622457225,0.04696498720403103,8.235191103717,9.94490237518126
12,075,00295724,0500000US12075,12075,Levy,Levy County,FL,Florida,06,2896271441,1224284037,12075,45391,36035,3573,99,260,24,3781,4706,"Levy County, Florida",79.38798440219426,7.871604503095327,0.2181049106651098,0.5728007754841268,0.05287391773699632,8.32984512348263,10.367694036262694
02,130,01419973,0500000US02130,02130,Ketchikan Gateway,Ketchikan Gateway Borough,AK,Alaska,04,12579396153,4651598031,02130,13768,8602,66,1734,1220,15,1969,744,"Ketchikan Gateway Borough, Alaska",62.478210342823935,0.4793724578733295,12.594421847762929,8.861127251597908,0.10894828588030214,14.301278326554328,5.403834979662987
21,199,00516946,0500000US21199,21199,Pulaski,Pulaski County,KY,Kentucky,06,1704469887,49351326,21199,65897,61777,551,106,535,0,2509,2040,"Pulaski County, Kentucky",93.74781856533681,0.8361533908979164,0.1608570951636645,0.8118730746467974,0.0,3.807457092128625,3.0957403220176944
22,049,00558592,0500000US22049,22049,Jackson,Jackson Parish,LA,Louisiana,15,1474681465,28647417,22049,14884,9868,3515,58,58,9,939,522,"Jackson Parish, Louisiana",66.29938188658963,23.6159634506853,0.38968019349637195,0.38968019349637195,0.06046761623219565,6.308787960225745,3.5071217414673477
30,017,01720109,0500000US30017,30017,Custer,Custer County,MT,Montana,06,9798723734,25612454,30017,11961,10817,4,220,54,0,798,409,"Custer County, Montana",90.43558230917147,0.033442019898001836,1.839311094390101,0.4514672686230248,0.0,6.671682969651367,3.419446534570688
19,105,00465241,0500000US19105,19105,Jones,Jones County,IA,Iowa,06,1490844765,3782492,19105,20896,19201,514,17,128,0,829,543,"Jones County, Iowa",91.88839969372128,2.459800918836141,0.08135528330781011,0.6125574272588056,0.0,3.9672664624808576,2.598583460949464
37,013,01026333,0500000US37013,37013,Beaufort,Beaufort County,NC,North Carolina,06,2156776424,336988229,37013,44499,30368,10166,95,118,30,2706,3513,"Beaufort County, North Carolina",68.24423020742039,22.84545720128542,0.21348794354929326,0.2651744983033327,0.06741724533135576,6.08103552888829,7.894559428301759
46,093,01266991,0500000US46093,46093,Meade,Meade County,SD,South Dakota,06,8989677126,30742173,46093,30546,26380,656,558,211,14,2433,1489,"Meade County, South Dakota",86.36155306750474,2.147580697963727,1.8267530936947556,0.6907614744974793,0.04583251489556734,7.965036338636811,4.874615334249984
48,161,01383866,0500000US48161,48161,Freestone,Freestone County,TX,Texas,06,2273311866,36936963,48161,20049,13164,2908,92,44,0,3226,3455,"Freestone County, Texas",65.65913511895856,14.504464063045539,0.45887575440171585,0.21946231732255972,0.0,16.090578083694947,17.23277968976009
53,033,01531933,0500000US53033,53033,King,King County,WA,Washington,06,5479725584,496550780,53033,2287171,1251054,149956,14675,472849,17249,266129,251983,"King County, Washington",54.6987523014239,6.55639652653868,0.6416223360649467,20.67396797178698,0.754163112421415,11.635728155000216,11.017234828528345
12,037,00306911,0500000US12037,12037,Franklin,Franklin County,FL,Florida,06,1411539850,2270399638,12037,12553,9961,1340,8,8,0,1095,707,"Franklin County, Florida",79.35154943041503,10.674739106189755,0.06372978570859555,0.06372978570859555,0.0,8.723014418864016,5.632119811997132
30,021,01715632,0500000US30021,30021,Dawson,Dawson County,MT,Montana,06,6143260044,29884283,30021,8827,8188,23,119,29,16,351,319,"Dawson County, Montana",92.76084740002266,0.26056417808995125,1.3481363996827915,0.3285374419395038,0.18126203693214002,3.9764359351988214,3.6139118613345422
47,081,01639756,0500000US47081,47081,Hickman,Hickman County,TN,Tennessee,06,1586324712,373710,47081,25436,22754,806,104,139,0,1296,858,"Hickman County, Tennessee",89.45588929076898,3.168737222833779,0.4088693190753263,0.5464695706872149,0.0,5.09514074540022,3.3731718823714423
31,065,00835854,0500000US31065,31065,Furnas,Furnas County,NE,Nebraska,06,1862542300,3915843,31065,4568,4248,17,46,7,0,139,232,"Furnas County, Nebraska",92.99474605954467,0.37215411558669004,1.0070052539404553,0.1532399299474606,0.0,3.042907180385289,5.078809106830122
48,001,01383786,0500000US48001,48001,Anderson,Anderson County,TX,Texas,06,2752164827,39845046,48001,58439,34060,10841,854,390,60,9938,11442,"Anderson County, Texas",58.28299594448912,18.550967675696025,1.4613528636698097,0.6673625489826999,0.10267116138195384,17.00576669689762,19.579390475538595
46,103,01266995,0500000US46103,46103,Pennington,Pennington County,SD,South Dakota,06,7191788476,19926710,46103,113512,89672,1280,7690,1401,20,11871,6444,"Pennington County, South Dakota",78.9978152089647,1.1276340827401508,6.774614137712312,1.2342307421241807,0.017619282542814856,10.457925153287759,5.676932835294947
51,153,01480161,0500000US51153,51153,Prince William,Prince William County,VA,Virginia,06,868305537,30842048,51153,488880,211371,97931,3271,48981,390,78120,127463,"Prince William County, Virginia",43.23576337751596,20.03170512191131,0.6690803469153984,10.019023073146785,0.07977417771232204,15.979381443298967,26.07245131729668
54,023,01697238,0500000US54023,54023,Grant,Grant County,WV,West Virginia,06,1236387824,7546060,54023,10983,10547,185,0,19,0,231,79,"Grant County, West Virginia",96.03022853500866,1.6844213784940363,0.0,0.17299462806154967,0.0,2.1032504780114722,0.7192934535190749
04,005,00025443,0500000US04005,04005,Coconino,Coconino County,AZ,Arizona,06,48216135498,116634312,04005,144508,80956,2060,36562,2684,241,14294,22327,"Coconino County, Arizona",56.02181194120741,1.425526614443491,25.30102139673928,1.8573366180419075,0.16677277382567054,9.89149389653168,15.450355689650399
21,221,00516957,0500000US21221,21221,Trigg,Trigg County,KY,Kentucky,06,1143304981,103337186,21221,14315,12479,604,0,23,0,1171,387,"Trigg County, Kentucky",87.17429269996508,4.219350331819769,0.0,0.16067062521830247,0.0,8.180230527418791,2.7034579112818724
25,021,00606937,0500000US25021,25021,Norfolk,Norfolk County,MA,Massachusetts,06,1025902910,124957102,25021,730082,509654,54240,706,90735,216,55502,42383,"Norfolk County, Massachusetts",69.80777501705288,7.429302461915237,0.09670146641062237,12.428056026583317,0.029585717768688995,7.602159757397114,5.805238315696045
29,173,00758541,0500000US29173,29173,Ralls,Ralls County,MO,Missouri,06,1216743025,36381069,29173,10428,9688,187,6,17,0,483,128,"Ralls County, Missouri",92.90372075182202,1.7932489451476792,0.05753739930955121,0.16302263137706177,0.0,4.631760644418873,1.2274645186037592
46,015,01265768,0500000US46015,46015,Brule,Brule County,SD,South Dakota,06,2116594503,75770744,46015,5283,4342,34,541,0,0,353,121,"Brule County, South Dakota",82.18815067196668,0.6435737270490252,10.240393715691843,0.0,0.0,6.681809577891349,2.2903653227332956
48,383,01383977,0500000US48383,48383,Reagan,Reagan County,TX,Texas,06,3044049119,1792716,48383,3232,1235,188,35,46,0,957,2220,"Reagan County, Texas",38.211633663366335,5.816831683168317,1.0829207920792079,1.4232673267326734,0.0,29.61014851485149,68.6881188118812
51,683,01498430,0500000US51683,51683,Manassas,Manassas city,VA,Virginia,25,25493247,146287,51683,42976,18655,5153,254,2397,8,10680,18865,"Manassas city, Virginia",43.40794862248697,11.990413253909159,0.5910275502606106,5.5775316455696204,0.018615040953090096,24.851079672375278,43.89659344750558
50,009,01461761,0500000US50009,50009,Essex,Essex County,VT,Vermont,06,1715530213,28688490,50009,5982,5606,4,41,62,0,267,96,"Essex County, Vermont",93.7144767636242,0.06686726847208291,0.6853895018388498,1.0364426613172852,0.0,4.463390170511534,1.60481444332999
51,067,01494434,0500000US51067,51067,Franklin,Franklin County,VA,Virginia,06,1788671765,54404459,51067,55130,47606,3781,247,329,12,2468,2062,"Franklin County, Virginia",86.35225829856702,6.858334844912026,0.4480319245419916,0.5967712679122076,0.02176673317612915,4.476691456557228,3.740250317431525
28,073,00695760,0500000US28073,28073,Lamar,Lamar County,MS,Mississippi,06,1286109796,8871408,28073,65713,46820,14306,118,611,0,2532,2419,"Lamar County, Mississippi",71.24922009343662,21.77042594311628,0.17956873069255702,0.9298008004504437,0.0,3.8531188653691055,3.6811589791974195
33,013,00873180,0500000US33013,33013,Merrimack,Merrimack County,NH,New Hampshire,06,2416197730,57178203,33013,155967,141669,2533,259,2362,99,7862,4277,"Merrimack County, New Hampshire",90.83267614303026,1.6240615001891425,0.16606076926529328,1.5144229227977712,0.0634749658581623,5.040809914917899,2.7422467573268707
06,033,00277281,0500000US06033,06033,Lake,Lake County,CA,California,06,3250647503,189100323,06033,68152,46044,1523,2053,999,224,8512,16796,"Lake County, California",67.56074656649842,2.2347106467895292,3.0123840826388073,1.4658410611574129,0.3286770747740345,12.489728841413312,24.64491137457448
06,061,00277295,0500000US06061,06061,Placer,Placer County,CA,California,06,3644336873,246435971,06061,419156,289678,6924,2075,38592,754,60191,65841,"Placer County, California",69.10983023027227,1.6518909427516246,0.49504241857446873,9.207073261506455,0.17988529330368647,14.360047333212457,15.707994159692335
17,087,00424245,0500000US17087,17087,Johnson,Johnson County,IL,Illinois,06,890273379,12814661,17087,13376,10772,1043,0,33,0,1399,597,"Johnson County, Illinois",80.53229665071771,7.797547846889952,0.0,0.24671052631578946,0.0,10.45903110047847,4.463217703349282
18,141,00452855,0500000US18141,18141,St. Joseph,St. Joseph County,IN,Indiana,06,1185647212,9335868,18141,273040,193905,34025,736,7435,236,28049,28786,"St. Joseph County, Indiana",71.01706709639613,12.461544096103134,0.26955757398183416,2.7230442426018167,0.08643422209200118,10.272853794315852,10.542777615001466
16,073,00399760,0500000US16073,16073,Owyhee,Owyhee County,ID,Idaho,06,19860555062,74132051,16073,12503,8729,66,611,17,25,1669,3103,"Owyhee County, Idaho",69.81524434135807,0.5278733104055027,4.886827161481245,0.1359673678317204,0.19995201151723585,13.348796288890666,24.818043669519316
02,110,01419971,0500000US02110,02110,Juneau,Juneau City and Borough,AK,Alaska,03,7003393461,1426244167,02110,31794,19888,226,2786,2383,424,5650,2245,"Juneau City and Borough, Alaska",62.55268289614393,0.7108259420016355,8.762659621312197,7.49512486632698,1.3335849531358117,17.77064855004089,7.061080707051645
06,019,00277274,0500000US06019,06019,Fresno,Fresno County,CA,California,06,15432139293,136609893,06019,1016725,360596,44540,15039,114064,1707,254828,554390,"Fresno County, California",35.46642405763604,4.380732253067447,1.4791610317440802,11.218766136369226,0.1678920061963658,25.063611104280902,54.52703533403821
16,087,00399757,0500000US16087,16087,Washington,Washington County,ID,Idaho,06,3762870369,53228012,16087,11142,8857,33,189,86,17,1117,1843,"Washington County, Idaho",79.49201220606713,0.2961766289714593,1.6962843295638126,0.7718542451983487,0.15257583916711542,10.02513013821576,16.541015975587868
24,031,01712500,0500000US24031,24031,Montgomery,Montgomery County,MD,Maryland,06,1277247584,35632258,24031,1065949,448341,198264,6190,164064,435,122326,223958,"Montgomery County, Maryland",42.06026742367599,18.59976415381974,0.5807032043746934,15.391355496369902,0.04080870660791464,11.475783550620152,21.010198424127232
54,103,01717836,0500000US54103,54103,Wetzel,Wetzel County,WV,West Virginia,06,927389119,8449879,54103,14078,13327,26,0,6,0,649,196,"Wetzel County, West Virginia",94.6654354311692,0.18468532461997442,0.0,0.04261969029691717,0.0,4.610029833783208,1.392243216365961
53,065,01531930,0500000US53065,53065,Stevens,Stevens County,WA,Washington,06,6415666346,162933477,53065,48067,40868,197,1954,430,128,3767,2012,"Stevens County, Washington",85.02298874487694,0.40984459192377304,4.065159048827678,0.8945846422701644,0.26629496328042107,7.836977552166767,4.185823954064119
31,017,00835830,0500000US31017,31017,Brown,Brown County,NE,Nebraska,06,3163421298,9689320,31017,2869,2540,2,15,1,0,182,177,"Brown County, Nebraska",88.53258975252702,0.06971070059254096,0.5228302544440572,0.03485535029627048,0.0,6.343673753921227,6.169397002439875
29,005,00758457,0500000US29005,29005,Atchison,Atchison County,MO,Missouri,06,1417462629,7359186,29005,5187,4853,13,7,22,7,226,107,"Atchison County, Missouri",93.5608251397725,0.2506265664160401,0.1349527665317139,0.42413726624252934,0.1349527665317139,4.35704646230962,2.0628494312704837
27,071,00659481,0500000US27071,27071,Koochiching,Koochiching County,MN,Minnesota,06,8041149101,132758680,27071,11833,10618,35,246,81,0,835,182,"Koochiching County, Minnesota",89.73210512972196,0.29578297980224794,2.0789318008957998,0.6845263246852024,0.0,7.05653680385363,1.5380714949716894
21,225,00516959,0500000US21225,21225,Union,Union County,KY,Kentucky,06,888050070,52667331,21225,13260,11762,915,0,18,5,411,232,"Union County, Kentucky",88.70286576168928,6.900452488687783,0.0,0.13574660633484162,0.037707390648567124,3.0995475113122173,1.7496229260935143
48,465,01384018,0500000US48465,48465,Val Verde,Val Verde County,TX,Texas,06,8144863965,227711025,48465,47741,23381,672,242,381,8,16224,38761,"Val Verde County, Texas",48.974675855135,1.407595148823862,0.5069018244276408,0.7980561781278147,0.016757085105045977,33.98336859303324,81.19017196958589
49,049,01448038,0500000US49049,49049,Utah,Utah County,UT,Utah,06,5191527720,362177780,49049,705400,573234,5344,4049,11125,5222,70935,102417,"Utah County, Utah",81.26368018145733,0.7575843493053587,0.5740005670541537,1.577119364899348,0.7402891976183725,10.055996597675078,14.518996314148
53,031,01531936,0500000US53031,53031,Jefferson,Jefferson County,WA,Washington,06,4671633827,994992501,53031,33577,28727,131,357,434,35,3108,1480,"Jefferson County, Washington",85.5555886469905,0.390148017988504,1.0632278047472972,1.292551448908479,0.10423802007326444,9.256336182505882,4.407779134526611
30,005,01722470,0500000US30005,30005,Blaine,Blaine County,MT,Montana,06,10949218331,29079295,30005,6949,3069,29,3351,7,0,493,194,"Blaine County, Montana",44.16462800402935,0.4173262339905022,48.22276586559217,0.10073391854943158,0.0,7.094545977838537,2.791768599798532
46,105,01266990,0500000US46105,46105,Perkins,Perkins County,SD,South Dakota,06,7434457142,50539948,46105,3001,2787,0,35,20,0,151,32,"Perkins County, South Dakota",92.86904365211596,0.0,1.166277907364212,0.6664445184938355,0.0,5.031656114628457,1.0663112295901367
17,101,00424252,0500000US17101,17101,Lawrence,Lawrence County,IL,Illinois,06,963938126,5076516,17101,15031,12621,932,7,69,0,1226,323,"Lawrence County, Illinois",83.96646929678664,6.200518927549731,0.046570421129665356,0.4590512939924156,0.0,8.156476614995675,2.1488922892688445
30,007,01719625,0500000US30007,30007,Broadwater,Broadwater County,MT,Montana,06,3088195855,118487318,30007,7668,6837,17,90,15,0,697,217,"Broadwater County, Montana",89.16275430359939,0.2217005738132499,1.1737089201877933,0.19561815336463223,0.0,9.089723526343246,2.8299426186750134
06,113,00277321,0500000US06113,06113,Yolo,Yolo County,CA,California,06,2623627933,22888380,06113,220564,107834,5795,2870,33861,875,41326,73569,"Yolo County, California",48.89011806097096,2.6273553254384217,1.3012096262309352,15.352006673799895,0.39671025189967535,18.73651185143541,33.35494459657968
48,241,01383906,0500000US48241,48241,Jasper,Jasper County,TX,Texas,06,2431105359,80399907,48241,32727,24241,5001,26,147,13,2428,2288,"Jasper County, Texas",74.07033947505118,15.28096067467229,0.0794451064869985,0.44917040975341455,0.03972255324349925,7.418950713478168,6.991169370855868
30,111,01719558,0500000US30111,30111,Yellowstone,Yellowstone County,MT,Montana,06,6820102421,40493134,30111,168957,144550,1146,6682,1298,71,12248,11144,"Yellowstone County, Montana",85.5543126357594,0.6782790887622294,3.95485241807087,0.768242807341513,0.042022526441638994,7.249181744467527,6.5957610516285206
13,121,01694833,0500000US13121,13121,Fulton,Fulton County,GA,Georgia,06,1364327945,19520065,13121,1076561,410923,458298,2748,84228,226,83527,87967,"Fulton County, Georgia",38.169969003149845,42.57055568611533,0.25525724970531166,7.82380190253966,0.020992772355677012,7.7586871528877595,8.171111530140884
39,119,01074072,0500000US39119,39119,Muskingum,Muskingum County,OH,Ohio,06,1721165826,20823924,39119,86411,78448,2714,38,398,12,4246,1146,"Muskingum County, Ohio",90.78473805418291,3.1408038328453554,0.0439758827001192,0.46058950828019585,0.013887120852669221,4.913726261702792,1.3262200414299106
20,163,00485045,0500000US20163,20163,Rooks,Rooks County,KS,Kansas,06,2306454194,11962259,20163,4813,4438,92,23,33,0,167,156,"Rooks County, Kansas",92.2086017037191,1.911489715354249,0.47787242883856224,0.6856430500727196,0.0,3.4697693746104297,3.2412216912528566
29,099,00758504,0500000US29099,29099,Jefferson,Jefferson County,MO,Missouri,06,1699707557,20268873,29099,229458,204876,2315,351,2358,47,17493,6066,"Jefferson County, Missouri",89.28692832675262,1.0088992321034786,0.1529691708286484,1.0276390450539967,0.02048305136451987,7.623617394032895,2.6436210548335644
30,089,01719578,0500000US30089,30089,Sanders,Sanders County,MT,Montana,06,7149404122,76395122,30089,13285,11846,33,384,60,15,905,466,"Sanders County, Montana",89.1682348513361,0.24840045163718477,2.890477982687241,0.45163718479488146,0.11290929619872037,6.812194203989462,3.507715468573579
54,079,01550046,0500000US54079,54079,Putnam,Putnam County,WV,West Virginia,06,895304726,12224530,54079,57177,53747,542,32,458,0,2052,871,"Putnam County, West Virginia",94.00108435209961,0.9479336096682233,0.05596655998041171,0.8010213897196425,0.0,3.5888556587439,1.5233398044668311
13,087,00352234,0500000US13087,13087,Decatur,Decatur County,GA,Georgia,06,1546842840,67154651,13087,29195,14368,12291,575,210,0,968,2067,"Decatur County, Georgia",49.21390649083747,42.09967460181538,1.9695153279671176,0.7193012502140778,0.0,3.315636239082034,7.079979448535709
22,043,00558567,0500000US22043,22043,Grant,Grant Parish,LA,Louisiana,15,1665848458,56005520,22043,22095,17155,3348,243,185,0,1015,1389,"Grant Parish, Louisiana",77.64200045259109,15.15274949083503,1.0997963340122199,0.8372935053179452,0.0,4.593799502149808,6.286490156143924
13,217,01673547,0500000US13217,13217,Newton,Newton County,GA,Georgia,06,709175871,13946237,13217,118152,46820,56661,64,1791,0,9418,8435,"Newton County, Georgia",39.626921253977926,47.95602275035547,0.05416751303405782,1.5158439975624618,0.0,7.971088089918071,7.13910894441059
30,047,01796943,0500000US30047,30047,Lake,Lake County,MT,Montana,06,3860292625,423545836,30047,32561,21367,71,6608,218,58,3952,1397,"Lake County, Montana",65.6214489726974,0.2180522711218943,20.294217008077148,0.6695126071066614,0.17812720739535026,12.137219372869383,4.290408771229385
35,005,01702364,0500000US35005,35005,Chaves,Chaves County,NM,New Mexico,06,15713917209,20469858,35005,64217,34497,1054,1233,1005,96,16740,37529,"Chaves County, New Mexico",53.71942009125309,1.6413099335067036,1.9200523225937058,1.5650061510192006,0.14949312487347585,26.067863649812356,58.44091128517371
42,091,01213680,0500000US42091,42091,Montgomery,Montgomery County,PA,Pennsylvania,06,1250888781,10983227,42091,867573,633871,80978,1047,69994,174,60633,58178,"Montgomery County, Pennsylvania",73.06255496655612,9.333854326955771,0.12068148732152799,8.067793718799456,0.02005594918237428,6.988806705602872,6.705833399610177
48,237,01383904,0500000US48237,48237,Jack,Jack County,TX,Texas,06,2359405672,23704615,48237,8882,7598,259,4,42,0,697,1660,"Jack County, Texas",85.54379644224274,2.916009907678451,0.04503490204908804,0.47286647151542444,0.0,7.847331682053592,18.689484350371536
41,021,01135850,0500000US41021,41021,Gilliam,Gilliam County,OR,Oregon,06,3120213943,46914702,41021,1971,1602,0,32,0,0,315,186,"Gilliam County, Oregon",81.27853881278538,0.0,1.6235413495687467,0.0,0.0,15.981735159817351,9.43683409436834
12,103,00295745,0500000US12103,12103,Pinellas,Pinellas County,FL,Florida,06,709087754,1535985874,12103,963481,708809,92541,2454,35302,706,95515,108089,"Pinellas County, Florida",73.5675119696185,9.60485987788031,0.254701441958897,3.6640058288642954,0.07327596496454003,9.91353228553547,11.218591752198538
16,049,00395699,0500000US16049,16049,Idaho,Idaho County,ID,Idaho,06,21956620659,67532942,16049,17432,15876,22,319,95,2,964,689,"Idaho County, Idaho",91.07388710417624,0.12620468104635152,1.8299678751720974,0.5449747590637907,0.011473152822395595,5.530059660394676,3.952501147315282
06,013,01675903,0500000US06013,06013,Contra Costa,Contra Costa County,CA,California,06,1856752855,225364427,06013,1165012,479110,96408,11438,219557,5646,190585,321749,"Contra Costa County, California",41.124898284309516,8.275279567935781,0.9817924622235651,18.8459002997394,0.48463020123397876,16.359058962482788,27.617655440458982
02,090,01419969,0500000US02090,02090,Fairbanks North Star,Fairbanks North Star Borough,AK,Alaska,04,18996838330,259573207,02090,95460,65695,3916,5931,2718,653,14238,8067,"Fairbanks North Star Borough, Alaska",68.81940079614498,4.102241776660382,6.213073538654934,2.8472658705216847,0.6840561491724282,14.91514770584538,8.450659962287869
12,033,00295737,0500000US12033,12033,Escambia,Escambia County,FL,Florida,06,1701606706,1213969803,12033,325923,207088,68090,1254,9393,376,32344,22701,"Escambia County, Florida",63.538934042703346,20.891437548132537,0.38475345403668965,2.8819690540403715,0.11536467202376022,9.923816361533246,6.965142073434523
37,189,01008594,0500000US37189,37189,Watauga,Watauga County,NC,North Carolina,06,809214847,2271720,37189,55123,49473,1112,168,487,0,3086,3410,"Watauga County, North Carolina",89.75019501841336,2.0173067503582898,0.3047729622843459,0.8834787656695027,0.0,5.598389057199355,6.1861654844620215
01,117,00161584,0500000US01117,01117,Shelby,Shelby County,AL,Alabama,06,2034280320,62287592,01117,230211,173778,31044,418,5042,92,12516,17419,"Shelby County, Alabama",75.48640160548366,13.48502026401866,0.18157255734956193,2.190164675015529,0.039963337981243297,5.436751501883055,7.5665367858182275
20,077,00485004,0500000US20077,20077,Harper,Harper County,KS,Kansas,06,2075290355,3899269,20077,5400,4825,45,15,15,0,328,436,"Harper County, Kansas",89.35185185185185,0.8333333333333334,0.2777777777777778,0.2777777777777778,0.0,6.074074074074074,8.074074074074074
37,003,01008532,0500000US37003,37003,Alexander,Alexander County,NC,North Carolina,06,673358185,9445988,37003,36412,31805,1828,368,363,0,1480,2031,"Alexander County, North Carolina",87.34757772163023,5.020322970449302,1.0106558277490936,0.9969240909590245,0.0,4.064594089860486,5.577831484126112
13,135,01688166,0500000US13135,13135,Gwinnett,Gwinnett County,GA,Georgia,06,1115656265,15624550,13135,979864,326395,278338,4656,129768,896,127158,232470,"Gwinnett County, Georgia",33.310234889739796,28.405778761134197,0.47516798249553005,13.243470522439848,0.0914412612362532,12.977107027097636,23.724720981687256
13,109,00345923,0500000US13109,13109,Evans,Evans County,GA,Georgia,06,473694904,10295112,13109,10757,5948,3033,20,109,0,1239,1327,"Evans County, Georgia",55.294227014967,28.195593566979642,0.1859254438969973,1.0132936692386354,0.0,11.518081249418984,12.336153202565772
47,061,01639748,0500000US47061,47061,Grundy,Grundy County,TN,Tennessee,06,933545795,1755421,47061,13819,12962,62,16,105,0,672,56,"Grundy County, Tennessee",93.79839351617338,0.4486576452710037,0.11578261813445256,0.759823431507345,0.0,4.862869961647008,0.405239163470584
51,013,01480097,0500000US51013,51013,Arlington,Arlington County,VA,Virginia,06,67332992,273562,51013,236254,142640,22327,1476,24923,109,31531,37572,"Arlington County, Virginia",60.37569734269049,9.450422003436978,0.6247513269616599,10.54923937795762,0.04613678498565104,13.346229058555622,15.903222802576888
51,193,01480179,0500000US51193,51193,Westmoreland,Westmoreland County,VA,Virginia,06,593951805,61108784,51193,18826,11820,4424,16,185,0,1550,1210,"Westmoreland County, Virginia",62.785509401891005,23.499415701689152,0.08498884521406566,0.9826835227876342,0.0,8.23329438011261,6.427281419313716
51,019,01674818,0500000US51019,51019,Bedford,Bedford County,VA,Virginia,06,1968660754,42062887,51019,80894,69252,5108,160,1044,0,4170,2283,"Bedford County, Virginia",85.60832694637426,6.314436175736149,0.19778970010136723,1.290577793161421,0.0,5.154894058891883,2.8222117833213836
53,021,01531822,0500000US53021,53021,Franklin,Franklin County,WA,Washington,06,3215718486,60508754,53021,98902,44953,1909,1342,1825,164,28101,54664,"Franklin County, Washington",45.45206365897555,1.9301935249034397,1.3568987482558492,1.845260965400093,0.16582071141129603,28.412974459566037,55.27087419870175
72,087,01804524,0500000US72087,72087,Loíza,Loíza Municipio,PR,Puerto Rico,13,50179423,119730395,72087,22768,1905,7787,25,50,0,3470,22637,"Loíza Municipio, Puerto Rico",8.367006324666198,34.20151089248068,0.10980323260716796,0.2196064652143359,0.0,15.240688685874911,99.42463106113844
13,035,00352295,0500000US13035,13035,Butts,Butts County,GA,Georgia,06,475754793,11269640,13035,26496,17046,6497,125,68,0,2502,1022,"Butts County, Georgia",64.33423913043478,24.52068236714976,0.4717693236714976,0.2566425120772947,0.0,9.442934782608695,3.8571859903381642
13,277,00344090,0500000US13277,13277,Tift,Tift County,GA,Georgia,06,675702302,20458311,13277,41438,23418,12316,255,539,1,3299,5472,"Tift County, Georgia",56.51334523866982,29.72151165596795,0.6153771900188233,1.3007384526280226,0.002413243882426758,7.961291568125875,13.20527052463922
46,023,01266976,0500000US46023,46023,Charles Mix,Charles Mix County,SD,South Dakota,06,2841586061,137511873,46023,9281,5928,14,2625,54,0,622,274,"Charles Mix County, South Dakota",63.87242754013576,0.1508458140286607,28.28359013037388,0.5818338541105484,0.0,6.701864023273354,2.952268074560931
06,111,00277320,0500000US06111,06111,Ventura,Ventura County,CA,California,06,4767585001,947376202,06111,837469,435268,15401,14035,60589,1637,209484,371359,"Ventura County, California",51.97422232942353,1.8389934433393953,1.6758829282039096,7.23477525735281,0.19546992187173495,25.01394081452567,44.34301448770044
13,105,00347828,0500000US13105,13105,Elbert,Elbert County,GA,Georgia,06,909352139,59863331,13105,19849,12568,4430,91,261,0,2036,1174,"Elbert County, Georgia",63.3180512872185,22.318504710564763,0.4584613834450098,1.3149277041664567,0.0,10.257443699934505,5.914655650158698
26,141,01623013,0500000US26141,26141,Presque Isle,Presque Isle County,MI,Michigan,06,1706069656,4957327108,26141,13209,12521,48,32,30,0,544,213,"Presque Isle County, Michigan",94.79143008554773,0.36338859868271634,0.24225906578847753,0.22711787417669774,0.0,4.1184041184041185,1.6125369066545536
29,021,00758465,0500000US29021,29021,Buchanan,Buchanan County,MO,Missouri,06,1057361276,17942874,29021,83568,67554,4855,352,930,349,6679,6318,"Buchanan County, Missouri",80.83716255025847,5.809640053609037,0.421213861765269,1.1128661688684665,0.4176239708979514,7.992293700938157,7.560310166570937
39,089,01074057,0500000US39089,39089,Licking,Licking County,OH,Ohio,06,1767478830,12761091,39089,181837,155770,7654,48,6787,52,9704,4459,"Licking County, Ohio",85.66463371041098,4.209264341140692,0.026397267882774134,3.7324636900080845,0.028597040206338645,5.336647656967504,2.4521961976935387
21,055,00516874,0500000US21055,21055,Crittenden,Crittenden County,KY,Kentucky,06,931272391,30377986,21055,8979,8533,33,14,27,0,309,158,"Crittenden County, Kentucky",95.03285443813341,0.3675242231874373,0.1559193674128522,0.3007016371533578,0.0,3.441363180755095,1.7596614322307609
06,001,01675839,0500000US06001,06001,Alameda,Alameda County,CA,California,06,1910010507,216909647,06001,1649473,492184,158576,16403,543240,12217,206881,386114,"Alameda County, California",29.8388636855529,9.613737236074794,0.9944388298565664,32.93415533324886,0.740660804996505,12.542248342349344,23.408324961972703
41,061,01164165,0500000US41061,41061,Union,Union County,OR,Oregon,06,5275651492,4936782,41061,26144,22960,260,154,326,391,1650,1441,"Union County, Oregon",87.82129742962056,0.9944920440636474,0.5890452876376989,1.2469400244798041,1.4955630354957161,6.311199510403917,5.5117809057527545
24,003,01710958,0500000US24003,24003,Anne Arundel,Anne Arundel County,MD,Maryland,06,1074343715,448054686,24003,598166,379136,107044,3261,25238,325,53063,62581,"Anne Arundel County, Maryland",63.38307426366594,17.895366837968055,0.545166391938024,4.219230113379898,0.05433274375340625,8.87094886703691,10.462145959482818
45,015,01247985,0500000US45015,45015,Berkeley,Berkeley County,SC,South Carolina,06,2858412773,337382775,45015,246802,154062,56699,1205,6365,151,19441,22587,"Berkeley County, South Carolina",62.42331909790034,22.973476714127113,0.4882456382039043,2.5789904457824493,0.06118264843882951,7.877164690723738,9.15187073038306
17,143,01784920,0500000US17143,17143,Peoria,Peoria County,IL,Illinois,06,1602412932,29919375,17143,179645,120891,31145,509,8302,112,14144,10799,"Peoria County, Illinois",67.29438615046341,17.3369701355451,0.2833365804781653,4.6213365248128255,0.06234518077319158,7.873305686214478,6.011300064015141
49,037,01448032,0500000US49037,49037,San Juan,San Juan County,UT,Utah,06,20263458440,285011234,49037,14483,6712,20,6583,37,55,569,833,"San Juan County, Utah",46.34398950493682,0.13809293654629565,45.45329006421321,0.25547193261064693,0.37975557550231304,3.9287440447421114,5.751570807153214
48,039,01383805,0500000US48039,48039,Brazoria,Brazoria County,TX,Texas,06,3530864177,635541938,48039,391255,186775,63338,1831,29076,123,82548,123657,"Brazoria County, Texas",47.737409106592885,16.188419317325017,0.46798123985635964,7.431470524338348,0.0314372979259051,21.098260725102556,31.605219102631278
55,067,01581093,0500000US55067,55067,Langlade,Langlade County,WI,Wisconsin,06,2255098143,44277570,55067,19490,17893,93,143,31,0,1269,493,"Langlade County, Wisconsin",91.80605438686506,0.47716777834787066,0.7337095946639303,0.1590559261159569,0.0,6.511031298101591,2.5295023088763466
29,145,00758527,0500000US29145,29145,Newton,Newton County,MO,Missouri,06,1618106506,4715004,29145,60118,48846,567,1019,963,837,6601,4058,"Newton County, Missouri",81.25020792441532,0.9431451478758441,1.694999833660468,1.601849695598656,1.3922618849595794,10.980072524036062,6.750058218836289
16,035,00395697,0500000US16035,16035,Clearwater,Clearwater County,ID,Idaho,06,6364412864,79592497,16035,9012,7988,20,181,87,1,597,411,"Clearwater County, Idaho",88.63737239236573,0.22192632046160676,2.008433200177541,0.9653794940079893,0.011096316023080336,6.624500665778961,4.560585885486019
05,107,00069172,0500000US05107,05107,Phillips,Phillips County,AR,Arkansas,06,1788024160,95966884,05107,15450,5232,9349,4,167,0,674,320,"Phillips County, Arkansas",33.86407766990291,60.51132686084142,0.02588996763754045,1.0809061488673137,0.0,4.3624595469255665,2.071197411003236
39,001,01074014,0500000US39001,39001,Adams,Adams County,OH,Ohio,06,1512221266,6250108,39001,27540,26541,110,45,132,9,598,257,"Adams County, Ohio",96.37254901960785,0.39941902687000724,0.16339869281045752,0.4793028322440087,0.0326797385620915,2.1713870733478577,0.9331880900508351
04,001,00025441,0500000US04001,04001,Apache,Apache County,AZ,Arizona,06,29003497233,54139714,04001,65341,13582,633,46752,465,77,3004,4169,"Apache County, Arizona",20.786336297271237,0.9687638695459206,71.55078740760013,0.7116511837896573,0.11784331430495401,4.597419690546518,6.380373731653939
18,153,00450391,0500000US18153,18153,Sullivan,Sullivan County,IN,Indiana,06,1158231909,17922659,18153,20780,18839,625,17,80,0,1066,393,"Sullivan County, Indiana",90.65928777670837,3.0076997112608277,0.08180943214629452,0.384985563041386,0.0,5.129932627526468,1.8912415784408085
06,017,00277273,0500000US06017,06017,El Dorado,El Dorado County,CA,California,06,4423288012,203364019,06017,192662,150027,1574,1069,10497,167,20439,27892,"El Dorado County, California",77.87057125951148,0.8169748056181292,0.5548577301180305,5.44840186440502,0.0866803002148841,10.608734467616863,14.47716726702723
38,065,01034205,0500000US38065,38065,Oliver,Oliver County,ND,North Dakota,06,1871017442,22475760,38065,1839,1820,0,0,0,0,19,18,"Oliver County, North Dakota",98.9668297988037,0.0,0.0,0.0,0.0,1.0331702011963024,0.9787928221859705
53,053,01529159,0500000US53053,53053,Pierce,Pierce County,WA,Washington,06,4320041415,356079568,53053,930319,595791,68964,9941,64156,15370,141533,119500,"Pierce County, Washington",64.04158143604506,7.412941152443409,1.068558204228872,6.896129177196208,1.652121476611786,15.213383796310728,12.845056373136526
35,045,00936844,0500000US35045,35045,San Juan,San Juan County,NM,New Mexico,06,14289565202,54893423,35045,120942,48274,759,47935,962,37,12528,23976,"San Juan County, New Mexico",39.91500057878984,0.6275735476509402,39.63470093102479,0.7954225992624565,0.03059317689470986,10.358684328025005,19.824378627771992
21,059,00516876,0500000US21059,21059,Daviess,Daviess County,KY,Kentucky,06,1187242067,46811527,21059,103648,88857,4285,505,2173,39,5473,4412,"Daviess County, Kentucky",85.72958474837912,4.134184933621488,0.4872259956776783,2.0965189873417724,0.03762735412164248,5.2803720284038285,4.256715035504786
54,051,01717539,0500000US54051,54051,Marshall,Marshall County,WV,West Virginia,06,791063472,17411505,54051,29865,27801,98,19,104,18,1370,347,"Marshall County, West Virginia",93.08890005022602,0.32814331156872595,0.06361962163067135,0.34823371839946426,0.06027122049221497,4.5873095596852504,1.1618951950443663
18,177,00450336,0500000US18177,18177,Wayne,Wayne County,IN,Indiana,06,1040539271,6701976,18177,66397,57465,2566,119,602,4,4110,2630,"Wayne County, Indiana",86.54758498124914,3.86463243821257,0.1792249649833577,0.9066674699158095,0.006024368570869166,6.1900387065680675,3.9610223353464766
42,039,01213666,0500000US42039,42039,Crawford,Crawford County,PA,Pennsylvania,06,2621988043,65389924,42039,82716,77153,1148,46,457,24,3287,1327,"Crawford County, Pennsylvania",93.27457807437497,1.3878814256008511,0.05561197349968566,0.5524928671599207,0.02901494269548818,3.973838193336235,1.604284539871367
49,019,01448024,0500000US49019,49019,Grand,Grand County,UT,Utah,06,9512657346,30634871,49019,9754,8175,0,314,216,126,547,1265,"Grand County, Utah",83.81176953044904,0.0,3.2191921263071563,2.2144761123641583,1.2917777322124255,5.607955710477753,12.969038343243797
48,377,01383974,0500000US48377,48377,Presidio,Presidio County,TX,Texas,06,9985057446,1773188,48377,5930,2683,42,45,1,0,3054,4715,"Presidio County, Texas",45.24451939291737,0.7082630691399663,0.7588532883642496,0.016863406408094434,0.0,51.50084317032041,79.51096121416526
06,105,00277317,0500000US06105,06105,Trinity,Trinity County,CA,California,06,8234265080,73407950,06105,15860,12412,174,594,101,97,1710,973,"Trinity County, California",78.25977301387137,1.0970996216897855,3.7452711223203026,0.6368221941992434,0.6116015132408575,10.781841109709962,6.1349306431273645
36,101,00974148,0500000US36101,36101,Steuben,Steuben County,NY,New York,06,3601398422,35039875,36101,92588,85025,1522,75,1546,0,3605,1855,"Steuben County, New York",91.83155484512032,1.6438415345401132,0.08100401779928285,1.6697628202358836,0.0,3.8935931222188622,2.0034993735689293
36,043,00974120,0500000US36043,36043,Herkimer,Herkimer County,NY,New York,06,3653400319,120358452,36043,59757,54844,751,45,369,71,3067,1700,"Herkimer County, New York",91.7783690613652,1.25675653061566,0.07530498519001957,0.6175008785581606,0.11881453218869757,5.132453101728668,2.8448549960674065
42,067,01209180,0500000US42067,42067,Juniata,Juniata County,PA,Pennsylvania,06,1013697486,5502986,42067,23379,21660,233,34,112,0,1023,969,"Juniata County, Pennsylvania",92.64724752983446,0.9966208990974806,0.14542965909576971,0.47906240643312376,0.0,4.3757218016168355,4.144745284229437
51,163,01480166,0500000US51163,51163,Rockbridge,Rockbridge County,VA,Virginia,06,1545064660,8810379,51163,22531,20297,697,41,196,0,980,522,"Rockbridge County, Virginia",90.08477209178464,3.093515600727886,0.18197150592516978,0.8699125649105678,0.0,4.349562824552838,2.316807953486308
72,015,01804487,0500000US72015,72015,Arroyo,Arroyo Municipio,PR,Puerto Rico,13,38872745,53456650,72015,15341,5691,2515,0,0,0,4323,15262,"Arroyo Municipio, Puerto Rico",37.09666905677596,16.39397692458119,0.0,0.0,0.0,28.179388566586272,99.48504008865132
16,079,01702379,0500000US16079,16079,Shoshone,Shoshone County,ID,Idaho,06,6830898576,13962457,16079,13785,12355,142,144,47,38,935,565,"Shoshone County, Idaho",89.62640551323902,1.0301051867972433,1.044613710554951,0.3409503083061299,0.2756619513964454,6.782734856728329,4.098657961552412
22,115,00559548,0500000US22115,22115,Vernon,Vernon Parish,LA,Louisiana,15,3436208063,35118476,22115,47117,35086,5851,470,787,191,3818,4446,"Vernon Parish, Louisiana",74.46569178852643,12.418023218795764,0.9975168198314833,1.6703100791646326,0.4053738565698155,8.103232378971496,9.436084640363351
28,093,00695770,0500000US28093,28093,Marshall,Marshall County,MS,Mississippi,06,1829011195,9173803,28093,33979,16105,14570,160,51,39,1570,1748,"Marshall County, Mississippi",47.39692162806439,42.87942552753171,0.47087907236822746,0.1500927043173725,0.11477677388975543,4.620500897613232,5.144353865622884
41,029,01135853,0500000US41029,41029,Jackson,Jackson County,OR,Oregon,06,7208589510,46774848,41029,222645,180152,1419,1369,2411,149,27620,32570,"Jackson County, Oregon",80.91446023939454,0.6373374654719396,0.6148801904376923,1.082889802151407,0.06692267960205708,12.405398728918234,14.628668957308722
44,007,01219781,0500000US44007,44007,Providence,Providence County,RI,Rhode Island,06,1060552452,67870210,44007,664854,396508,52364,4298,28206,593,105678,170376,"Providence County, Rhode Island",59.63835669184513,7.876014884470877,0.6464577185367013,4.24243518125784,0.0891925144467808,15.894918282810963,25.626077304190094
48,015,01383793,0500000US48015,48015,Austin,Austin County,TX,Texas,06,1674415879,25596214,48015,31170,20766,2463,115,257,0,3741,8661,"Austin County, Texas",66.62175168431183,7.901828681424447,0.36894449791466155,0.8245107475136348,0.0,12.001924927815207,27.78633301251203
49,021,01448025,0500000US49021,49021,Iron,Iron County,UT,Utah,06,8537032441,11390957,49021,62252,54088,435,883,789,183,4025,6534,"Iron County, Utah",86.88556190965751,0.6987727301934075,1.4184283235879973,1.2674291589025253,0.2939664589089507,6.465655721904517,10.496048319732699
04,027,00023901,0500000US04027,04027,Yuma,Yuma County,AZ,Arizona,06,14280777141,13250807,04027,211741,79485,3578,2965,2233,97,88580,137437,"Yuma County, Arizona",37.538785591831534,1.689800274864103,1.4002956442068375,1.054590277744981,0.04581068380710396,41.83412754261102,64.90807165357677
22,045,00558576,0500000US22045,22045,Iberia,Iberia Parish,LA,Louisiana,15,1488572462,1205958049,22045,68599,38761,21426,256,1775,7,5297,3837,"Iberia Parish, Louisiana",56.50373912156154,31.23369145322818,0.3731832825551393,2.5875012755287976,0.010204230382367091,7.7216869050569255,5.593375996734646
34,021,00882229,0500000US34021,34021,Mercer,Mercer County,NJ,New Jersey,06,581395408,11337168,34021,385864,178342,71211,5214,48018,68,41493,89099,"Mercer County, New Jersey",46.21887504405697,18.45494785727614,1.3512532913150748,12.44428088652997,0.017622789376567912,10.753270582381356,23.09077809798271
39,019,01074022,0500000US39019,39019,Carroll,Carroll County,OH,Ohio,06,1022040910,11183048,39019,26659,25228,195,19,9,0,1104,355,"Carroll County, Ohio",94.63220675944333,0.731460294834765,0.07127049026595146,0.03375970591545069,0.0,4.141190592295285,1.3316328444427772
04,009,00025444,0500000US04009,04009,Graham,Graham County,AZ,Arizona,06,11970605961,47476264,04009,39232,24317,641,3505,225,218,8365,12075,"Graham County, Arizona",61.98256525285481,1.6338703099510603,8.93403344208809,0.5735114192495921,0.5556688417618271,21.32188009787928,30.77844616639478
17,031,01784766,0500000US17031,17031,Cook,Cook County,IL,Illinois,06,2447342616,1786339408,17031,5182090,2257930,1148066,47333,411778,2389,672450,1387163,"Cook County, Illinois",43.57180211073138,22.154497509692035,0.9133959464231614,7.946176156724411,0.04610109048665693,12.976424570009398,26.76840811332879
51,161,01480165,0500000US51161,51161,Roanoke,Roanoke County,VA,Virginia,06,648915079,1762677,51161,97023,80836,6284,316,3681,39,4511,3966,"Roanoke County, Virginia",83.31632705647115,6.476814775877885,0.32569596899704195,3.7939457654370616,0.04019665440153365,4.649413025777393,4.087690547602115
12,131,00295727,0500000US12131,12131,Walton,Walton County,FL,Florida,06,2689179222,961275980,12131,82948,69331,3406,1089,920,25,5647,7154,"Walton County, Florida",83.58369098712446,4.10618700872836,1.3128707141823794,1.1091286106958576,0.03013936442108309,6.807879635434248,8.624680522737137
51,035,01480108,0500000US51035,51035,Carroll,Carroll County,VA,Virginia,06,1229582401,7586185,51035,29157,27402,71,49,82,8,775,1191,"Carroll County, Virginia",93.98086222862435,0.24350927736049663,0.16805569846006105,0.2812360668107144,0.027437665054703846,2.658023802174435,4.084782385019035
35,039,01702368,0500000US35039,35039,Rio Arriba,Rio Arriba County,NM,New Mexico,06,15179593247,91463243,35039,40070,8691,272,6800,252,22,12135,26916,"Rio Arriba County, New Mexico",21.689543299226354,0.6788120788619915,16.970301971549787,0.6288994260044921,0.05490391814324931,30.284502121287748,67.17244821562267
13,049,00357747,0500000US13049,13049,Charlton,Charlton County,GA,Georgia,06,2020415648,5963237,13049,12818,7088,3183,45,135,0,2200,1980,"Charlton County, Georgia",55.2972382586987,24.832267124356374,0.35106880948665936,1.0532064284599782,0.0,17.163364019347792,15.447027617413012
16,039,00400252,0500000US16039,16039,Elmore,Elmore County,ID,Idaho,06,7964417377,68330393,16039,29321,21315,948,274,800,112,4466,5334,"Elmore County, Idaho",72.69533781248934,3.2331775860304903,0.9344838170594455,2.7284199038231987,0.3819787865352478,15.231404113093006,18.191739708741174
16,051,00399751,0500000US16051,16051,Jefferson,Jefferson County,ID,Idaho,06,2832619466,31166194,16051,33154,29020,45,79,42,4,2686,3638,"Jefferson County, Idaho",87.53091632985462,0.13573022863002956,0.2382819569282741,0.12668154672136092,0.012064909211558183,8.101586535561319,10.973034927912167
02,063,02804400,0500000US02063,02063,Chugach,Chugach Census Area,AK,Alaska,05,24682189588,14538907494,02063,6862,4872,106,345,348,55,920,326,"Chugach Census Area, Alaska",70.99970853978432,1.544739143106966,5.027688720489653,5.071407752841737,0.8015155931215389,13.407169921305742,4.750801515593121
17,105,00424254,0500000US17105,17105,Livingston,Livingston County,IL,Illinois,06,2702983877,5975815,17105,35565,31676,1209,37,239,62,1599,2070,"Livingston County, Illinois",89.06509208491494,3.399409531843104,0.10403486573878813,0.6720089976100099,0.17432869394067202,4.495993251792493,5.820328975115984
21,179,00516936,0500000US21179,21179,Nelson,Nelson County,KY,Kentucky,06,1084389929,13962497,21179,47606,42741,2535,26,236,0,1866,1397,"Nelson County, Kentucky",89.78069991177583,5.324959038776625,0.05461496450027307,0.4957358316178633,0.0,3.9196739906734446,2.9345040541108265
29,043,00758476,0500000US29043,29043,Christian,Christian County,MO,Missouri,06,1457206786,3049199,29043,92915,84787,653,304,750,140,4912,3505,"Christian County, Missouri",91.25221977075823,0.7027928752085238,0.32718075660549967,0.8071893666254102,0.15067534843674327,5.286552225152021,3.772264973362751
29,195,00758550,0500000US29195,29195,Saline,Saline County,MO,Missouri,06,1956761965,29542462,29195,23231,18438,1138,30,144,321,2018,2932,"Saline County, Missouri",79.36808574749257,4.898626834832767,0.1291377900219534,0.6198613921053764,1.3817743532349016,8.686668675476733,12.621066678145581
38,101,01034231,0500000US38101,38101,Ward,Ward County,ND,North Dakota,06,5213719161,111244414,38101,68973,56047,3271,1269,1148,34,5556,4947,"Ward County, North Dakota",81.25933336233018,4.742435445754135,1.8398503762341787,1.6644194104939614,0.049294651530308965,8.055325997129312,7.172371797659954
51,185,01497748,0500000US51185,51185,Tazewell,Tazewell County,VA,Virginia,06,1343663016,2920222,51185,39624,36879,1268,14,244,6,1010,535,"Tazewell County, Virginia",93.07238037552999,3.2000807591358775,0.035332121946295175,0.6157884110640016,0.015142337976983646,2.5489602261255806,1.3501918029477085
04,021,00025447,0500000US04021,04021,Pinal,Pinal County,AZ,Arizona,06,13899612881,20747424,04021,469006,290049,24954,20793,8256,1692,79060,139779,"Pinal County, Arizona",61.84334528769355,5.320614235212343,4.433418762233319,1.7603186313181494,0.3607629753137487,16.856927203489935,29.80324345530761
36,069,00974133,0500000US36069,36069,Ontario,Ontario County,NY,New York,06,1668147120,47854414,36069,112625,99659,2353,34,1578,0,6879,6438,"Ontario County, New York",88.48745837957824,2.089234184239734,0.03018867924528302,1.4011098779134294,0.0,6.10788013318535,5.7163152053274136
19,023,00465201,0500000US19023,19023,Butler,Butler County,IA,Iowa,06,1502550829,4194983,19023,14268,13549,24,7,179,0,387,249,"Butler County, Iowa",94.96075133165125,0.16820857863751051,0.049060835435940565,1.254555649004766,0.0,2.7123633305298567,1.7451640033641715
21,207,00516950,0500000US21207,21207,Russell,Russell County,KY,Kentucky,06,655971056,76673438,21207,18221,16853,224,3,50,13,777,842,"Russell County, Kentucky",92.49217935349321,1.2293507491356128,0.01646451896163767,0.27440864936062787,0.07134624883376324,4.264310411064157,4.621041655232973
22,075,00558125,0500000US22075,22075,Plaquemines,Plaquemines Parish,LA,Louisiana,15,2020676390,4628435461,22075,22803,13692,4811,298,797,0,2677,2227,"Plaquemines Parish, Louisiana",60.044730956453094,21.09810112704469,1.3068455904924792,3.4951541463842473,0.0,11.739683374994518,9.766258825593125
32,031,00858608,0500000US32031,32031,Washoe,Washoe County,NV,Nevada,06,16358036862,582745905,32031,497200,311168,11837,6690,28668,3787,82927,129643,"Washoe County, Nevada",62.58407079646018,2.3807320997586485,1.3455349959774738,5.765888978278358,0.7616653258246179,16.678801287208366,26.07461786001609
47,099,01639764,0500000US47099,47099,Lawrence,Lawrence County,TN,Tennessee,06,1598359119,2218403,47099,45385,42177,631,6,166,25,2065,1272,"Lawrence County, Tennessee",92.9315853255481,1.390327200616944,0.013220226947229262,0.3657596122066762,0.055084278946788585,4.549961441004737,2.8026881128126035
05,045,00066852,0500000US05045,05045,Faulkner,Faulkner County,AR,Arkansas,06,1676351971,43617754,05045,127717,100664,15079,250,1268,50,7372,7303,"Faulkner County, Arkansas",78.81801169773797,11.806572343540797,0.19574528058128518,0.9928200631082785,0.03914905611625704,5.772136833780937,5.718111136340503
06,107,00277318,0500000US06107,06107,Tulare,Tulare County,CA,California,06,12493840855,37260863,06107,478693,177316,7451,7616,17582,672,123927,318976,"Tulare County, California",37.04169478141523,1.5565299680588602,1.590998823880859,3.672917715529577,0.14038224916595815,25.88861754819895,66.6347742707748
02,195,02516404,0500000US02195,02195,Petersburg,Petersburg Borough,AK,Alaska,04,7512663865,2385848260,02195,3409,2160,45,261,424,8,390,371,"Petersburg Borough, Alaska",63.361689645057204,1.3200352009386918,7.656204165444412,12.437665004400117,0.23467292461132297,11.440305074801994,10.882956878850102
54,055,01557645,0500000US54055,54055,Mercer,Mercer County,WV,West Virginia,06,1085106062,4442450,54055,58563,52059,2372,245,127,0,3506,789,"Mercer County, West Virginia",88.89401157727576,4.050338951214931,0.4183528849273432,0.21686047504396977,0.0,5.986715161450062,1.3472670457456073
29,155,00758532,0500000US29155,29155,Pemiscot,Pemiscot County,MO,Missouri,06,1275841039,53915406,29155,14958,9856,3649,43,26,0,1313,478,"Pemiscot County, Missouri",65.89116192004279,24.39497258991844,0.2874715871105763,0.1738200294156973,0.0,8.777911485492714,3.195614386950127
53,047,01531928,0500000US53047,53047,Okanogan,Okanogan County,WA,Washington,06,13639402442,120409385,53047,43425,27935,559,3847,303,17,6663,9128,"Okanogan County, Washington",64.3293033966609,1.2872769142199194,8.85895221646517,0.697754749568221,0.03914795624640184,15.343696027633852,21.020149683362117
42,027,01214720,0500000US42027,42027,Centre,Centre County,PA,Pennsylvania,06,2867787787,11295681,42027,158576,133022,5257,475,9133,14,9183,5824,"Centre County, Pennsylvania",83.8853294319443,3.315129653919887,0.2995409141358087,5.759383513268086,0.008828574311371204,5.7909141358086975,3.6726869135304208
48,455,01384013,0500000US48455,48455,Trinity,Trinity County,TX,Texas,06,1796920726,52260791,48455,14046,11070,1141,22,26,0,1011,1569,"Trinity County, Texas",78.81247330200769,8.123309127153638,0.15662822155773887,0.18510608002278228,0.0,7.197778727039726,11.170439982913285
54,061,01550037,0500000US54061,54061,Monongalia,Monongalia County,WV,West Virginia,06,932633989,14990435,54061,107163,93057,3486,98,3738,1,5557,3397,"Monongalia County, West Virginia",86.8368746675625,3.2529884381736234,0.09144947416552354,3.4881442288849698,0.0009331578996481995,5.185558448345044,3.1699373851049337
53,005,01513302,0500000US53005,53005,Benton,Benton County,WA,Washington,06,4403309850,154293639,53005,212905,148319,3542,2237,6663,502,32236,54546,"Benton County, Washington",69.66440431178225,1.6636528028933093,1.0507033653507434,3.1295648293839977,0.2357859139052629,15.141025339940347,25.61987741011249
22,073,00558114,0500000US22073,22073,Ouachita,Ouachita Parish,LA,Louisiana,15,1580797959,55327711,22073,158480,89400,59054,322,1819,17,5688,5878,"Ouachita Parish, Louisiana",56.410903584048455,37.26274608783442,0.20318021201413428,1.147778899545684,0.010726905603230691,3.58909641595154,3.708985360928824
12,129,00306912,0500000US12129,12129,Wakulla,Wakulla County,FL,Florida,06,1570615734,804111188,12129,35387,27541,4857,214,210,0,2119,1737,"Wakulla County, Florida",77.82801593805635,13.725379376607227,0.6047418543532935,0.5934382682906152,0.0,5.988074716703874,4.908582247718089
38,001,01034210,0500000US38001,38001,Adams,Adams County,ND,North Dakota,06,2557733899,2894336,38001,2145,1858,14,20,41,0,204,99,"Adams County, North Dakota",86.62004662004662,0.6526806526806527,0.9324009324009324,1.9114219114219115,0.0,9.51048951048951,4.615384615384616
22,001,00558389,0500000US22001,22001,Acadia,Acadia Parish,LA,Louisiana,15,1697073813,5934788,22001,56955,43868,9110,31,103,5,3330,1904,"Acadia Parish, Louisiana",77.02221051707488,15.995083838117813,0.05442893512422088,0.18084452638047582,0.008778860503906593,5.846721095601791,3.34299007988763
31,179,00835911,0500000US31179,31179,Wayne,Wayne County,NE,Nebraska,06,1147147000,1084590,31179,9844,8496,101,90,30,0,648,1012,"Wayne County, Nebraska",86.30637952052011,1.026005688744413,0.914262494920764,0.304754164973588,0.0,6.5826899634295,10.2803738317757
37,167,01025844,0500000US37167,37167,Stanly,Stanly County,NC,North Carolina,06,1023250043,25187036,37167,64651,51164,7259,59,1222,162,2727,3685,"Stanly County, North Carolina",79.1387604213392,11.227977912174598,0.09125922259516481,1.890148644259176,0.25057617051553727,4.21803220367821,5.699834495986141
48,029,01383800,0500000US48029,48029,Bexar,Bexar County,TX,Texas,06,3212426750,40788665,48029,2067341,874523,163786,25205,69327,3285,702580,1234086,"Bexar County, Texas",42.301826355690714,7.922543982826248,1.2191989613711527,3.3534380636769647,0.15889976544749995,33.9847175671551,59.69436101736482
05,103,00069170,0500000US05103,05103,Ouachita,Ouachita County,AR,Arkansas,06,1897739680,18183262,05103,22085,12052,9010,49,71,0,798,575,"Ouachita County, Arkansas",54.570975775413174,40.79692098709531,0.22187004754358164,0.3214851709304958,0.0,3.6133122028526152,2.6035770885216207
53,035,01529223,0500000US53035,53035,Kitsap,Kitsap County,WA,Washington,06,1023308789,442187072,53035,277881,208426,6408,2796,13655,2683,36090,26018,"Kitsap County, Washington",75.0054879606738,2.306023081822795,1.0061861012447775,4.913973967273761,0.9655212123175029,12.987573817569393,9.363000708936559
31,061,00835852,0500000US31061,31061,Franklin,Franklin County,NE,Nebraska,06,1491355863,487899,31061,2846,2667,5,16,0,0,124,99,"Franklin County, Nebraska",93.71047083626142,0.17568517217146873,0.5621925509486999,0.0,0.0,4.356992269852424,3.478566408995081
21,015,00516854,0500000US21015,21015,Boone,Boone County,KY,Kentucky,06,637830300,26513521,21015,139841,116684,6112,566,3371,423,9396,8264,"Boone County, Kentucky",83.44047882952782,4.370678127301721,0.40474538940654026,2.4105948899106844,0.30248639526319177,6.7190595032930265,5.9095687244799455
28,151,00695796,0500000US28151,28151,Washington,Washington County,MS,Mississippi,06,1875077589,94257003,28151,42765,10216,30599,18,338,1,1013,664,"Washington County, Mississippi",23.88869402548813,71.55150239681983,0.04209049456331112,0.7903659534666199,0.00233836080907284,2.368759499590787,1.5526715772243658
42,007,01214112,0500000US42007,42007,Beaver,Beaver County,PA,Pennsylvania,06,1125854815,24162295,42007,166324,144595,10367,143,795,24,8658,3968,"Beaver County, Pennsylvania",86.93573988119574,6.233015079002429,0.08597676823549216,0.4779827324980159,0.014429667396166518,5.205502513167072,2.385705009499531
46,109,01265786,0500000US46109,46109,Roberts,Roberts County,SD,South Dakota,06,2851720399,89929974,46109,10221,5830,33,3544,83,0,669,269,"Roberts County, South Dakota",57.03942862733587,0.3228646903434106,34.67371098718325,0.8120536151061539,0.0,6.545347813325507,2.6318364152235594
51,027,01497431,0500000US51027,51027,Buchanan,Buchanan County,VA,Virginia,06,1302386894,2804450,51027,19415,18205,751,8,152,0,284,213,"Buchanan County, Virginia",93.76770538243626,3.868143188256503,0.04120525366984291,0.7828998197270152,0.0,1.462786505279423,1.0970898789595673
54,021,01689673,0500000US54021,54021,Gilmer,Gilmer County,WV,West Virginia,06,876717620,4082112,54021,7288,5915,1008,9,16,0,246,299,"Gilmer County, West Virginia",81.16081229418222,13.830954994511528,0.12349066959385291,0.21953896816684962,0.0,3.3754116355653125,4.102634467618002
02,188,01419979,0500000US02188,02188,Northwest Arctic,Northwest Arctic Borough,AK,Alaska,04,92367472817,12837268666,02188,7441,726,42,5997,116,10,519,173,"Northwest Arctic Borough, Alaska",9.75675312458003,0.5644402634054563,80.5940061819648,1.5589302513103076,0.134390538906061,6.974868969224566,2.3249563230748556
51,025,01493961,0500000US51025,51025,Brunswick,Brunswick County,VA,Virginia,06,1466554906,8366820,51025,15841,6535,8198,60,87,0,744,456,"Brunswick County, Virginia",41.25370873050944,51.751783347010914,0.3787639669212802,0.5492077520358564,0.0,4.6966731898238745,2.8786061486017296
16,059,00399754,0500000US16059,16059,Lemhi,Lemhi County,ID,Idaho,06,11819914569,14105634,16059,8249,7624,8,34,13,10,470,324,"Lemhi County, Idaho",92.42332403927749,0.09698145229724815,0.41217117226330463,0.15759485998302825,0.1212268153715602,5.697660322463329,3.9277488180385505
38,021,01035622,0500000US38021,38021,Dickey,Dickey County,ND,North Dakota,06,2930554406,27619632,38021,4935,4452,0,51,71,0,227,204,"Dickey County, North Dakota",90.2127659574468,0.0,1.033434650455927,1.4387031408308004,0.0,4.599797365754813,4.133738601823708
38,085,01034208,0500000US38085,38085,Sioux,Sioux County,ND,North Dakota,06,2833580511,88449896,38085,3740,465,14,3098,25,0,95,56,"Sioux County, North Dakota",12.433155080213904,0.37433155080213903,82.83422459893049,0.6684491978609626,0.0,2.5401069518716577,1.4973262032085561
46,019,01265793,0500000US46019,46019,Butte,Butte County,SD,South Dakota,06,5827498555,42750488,46019,10676,9496,0,167,50,16,847,456,"Butte County, South Dakota",88.94717122517797,0.0,1.564256275758711,0.4683402023229674,0.14986886474334957,7.933683027351068,4.2712626451854625
17,161,00424282,0500000US17161,17161,Rock Island,Rock Island County,IL,Illinois,06,1107209786,61633874,17161,142757,102074,16270,555,3943,231,13440,20305,"Rock Island County, Illinois",71.50192284791639,11.396989289491934,0.3887725295432098,2.7620361873673445,0.1618134312152819,9.414599634343675,14.223470652927702
23,009,00581290,0500000US23009,23009,Hancock,Hancock County,ME,Maine,06,4110642800,1962698999,23009,56460,52554,537,237,542,0,2257,1050,"Hancock County, Maine",93.08182784272051,0.9511158342189161,0.4197662061636557,0.9599716613531704,0.0,3.9975203684024088,1.8597236981934113
38,057,01034233,0500000US38057,38057,Mercer,Mercer County,ND,North Dakota,06,2700790002,180823535,38057,8337,7647,1,204,42,0,308,231,"Mercer County, North Dakota",91.72364159769701,0.011994722322178242,2.4469233537243613,0.5037783375314862,0.0,3.6943744752308985,2.770780856423174
13,207,00343073,0500000US13207,13207,Monroe,Monroe County,GA,Georgia,06,1025872449,5643846,13207,29664,21679,6565,96,356,0,742,853,"Monroe County, Georgia",73.08185005393743,22.131202804746493,0.3236245954692557,1.2001078748651564,0.0,2.5013484358144553,2.875539374325782
27,037,00659464,0500000US27037,27037,Dakota,Dakota County,MN,Minnesota,06,1457015230,62996790,27037,445771,331321,34647,1944,23217,168,35855,38684,"Dakota County, Minnesota",74.3253823151349,7.772376399541468,0.43609835543361947,5.208279587501206,0.03768751219796712,8.043367558679233,8.677998344441429
53,009,01531341,0500000US53009,53009,Clallam,Clallam County,WA,Washington,06,4503402364,2409320333,53009,77813,63706,656,2743,1384,34,7593,5273,"Clallam County, Washington",81.87063858224204,0.8430467916672022,3.525117910888926,1.7786231092490974,0.04369449834860499,9.758009587086992,6.776502640946886
02,220,01419981,0500000US02220,02220,Sitka,Sitka City and Borough,AK,Alaska,03,7433415763,5037747535,02220,8368,4901,42,641,720,102,1798,577,"Sitka City and Borough, Alaska",58.56835564053537,0.5019120458891013,7.660133843212237,8.604206500956023,1.218929254302103,21.486615678776293,6.895315487571701
28,017,00695733,0500000US28017,28017,Chickasaw,Chickasaw County,MS,Mississippi,06,1299608408,6380767,28017,16915,8366,8100,7,61,0,255,189,"Chickasaw County, Mississippi",49.459060005911915,47.886491279929054,0.041383387525864616,0.3606266627253917,0.0,1.507537688442211,1.1173514631983448
46,075,01266981,0500000US46075,46075,Jones,Jones County,SD,South Dakota,06,2511438730,3147180,46075,1004,805,0,175,0,0,21,10,"Jones County, South Dakota",80.17928286852589,0.0,17.43027888446215,0.0,0.0,2.091633466135458,0.9960159362549801
42,081,01213677,0500000US42081,42081,Lycoming,Lycoming County,PA,Pennsylvania,06,3182886778,38917581,42081,113489,100481,4828,235,1077,22,6101,2691,"Lycoming County, Pennsylvania",88.53809620315626,4.254156790525954,0.20706852646512,0.9489906510763156,0.019385138647798467,5.375851404100838,2.371154913692076
06,037,00277283,0500000US06037,06037,Los Angeles,Los Angeles County,CA,California,06,10515988166,1785003207,06037,9808667,3025998,751615,141639,1486983,22609,1950972,4752274,"Los Angeles County, California",30.850247031528344,7.662763961708559,1.4440188457820007,15.159888698433743,0.2305002300516472,19.890286824906994,48.44974347686592
37,085,01008560,0500000US37085,37085,Harnett,Harnett County,NC,North Carolina,06,1540870410,16294103,37085,139150,86245,28104,1674,1331,229,12916,21043,"Harnett County, North Carolina",61.9798778296802,20.19690980955803,1.2030183255479698,0.9565217391304347,0.1645706072583543,9.28206970894718,15.122529644268775
06,063,00277296,0500000US06063,06063,Plumas,Plumas County,CA,California,06,6612400772,156387638,06063,19423,16266,315,549,196,1,1647,1998,"Plumas County, California",83.74607424187819,1.6217886011429747,2.8265458477063277,1.009112907377851,0.00514853524172373,8.479637543118983,10.286773412964012
12,093,00295760,0500000US12093,12093,Okeechobee,Okeechobee County,FL,Florida,06,1992442653,317924583,12093,40816,28213,3147,142,313,0,6235,10673,"Okeechobee County, Florida",69.12240297922384,7.710211681693453,0.3479027832222658,0.7668561348490788,0.0,15.275872206977656,26.14905919247354
21,111,00516902,0500000US21111,21111,Jefferson,Jefferson County,KY,Kentucky,06,986344428,43437019,21111,783022,494460,162586,1196,24685,309,80001,67277,"Jefferson County, Kentucky",63.14765102385373,20.76391212507439,0.15274155770846795,3.1525295585564646,0.03946249275243863,10.21695431290564,8.591968041766387
20,143,00485035,0500000US20143,20143,Ottawa,Ottawa County,KS,Kansas,06,1866683177,1567629,20143,5819,5442,23,30,3,0,251,194,"Ottawa County, Kansas",93.52122357793435,0.3952569169960474,0.5155525004296271,0.05155525004296271,0.0,4.313455920261213,3.3339061694449215
26,115,01623000,0500000US26115,26115,Monroe,Monroe County,MI,Michigan,06,1422818203,338203448,26115,155505,139931,3386,165,623,25,9740,6830,"Monroe County, Michigan",89.98488794572522,2.1774219478473364,0.10610591299315135,0.40063020481656536,0.01607665348381081,6.263464197292691,4.392141731777113
20,097,00485013,0500000US20097,20097,Kiowa,Kiowa County,KS,Kansas,06,1871627806,596764,20097,2422,2144,23,10,66,0,150,110,"Kiowa County, Kansas",88.52188274153592,0.9496284062758051,0.41288191577208916,2.725020644095789,0.0,6.193228736581338,4.541701073492981
40,075,01101825,0500000US40075,40075,Kiowa,Kiowa County,OK,Oklahoma,06,2629039887,40296743,40075,8383,6631,302,344,45,1,861,1019,"Kiowa County, Oklahoma",79.10056065847549,3.602528927591554,4.103542884408923,0.5368006680186092,0.01192890373374687,10.270786114756055,12.15555290468806
48,363,01383967,0500000US48363,48363,Palo Pinto,Palo Pinto County,TX,Texas,06,2467090694,85364147,48363,29295,23144,698,370,255,0,3336,6034,"Palo Pinto County, Texas",79.00324287421061,2.3826591568527054,1.2630141662399725,0.8704557091653866,0.0,11.387608806963646,20.5973715651135
53,075,01533501,0500000US53075,53075,Whitman,Whitman County,WA,Washington,06,5592463293,48246698,53075,47003,35796,685,298,3228,94,5610,3827,"Whitman County, Washington",76.15684105269877,1.4573537859285577,0.6340020849732996,6.867646745952386,0.19998723485734954,11.935408378188626,8.14203348722422
55,075,01581097,0500000US55075,55075,Marinette,Marinette County,WI,Wisconsin,06,3624598414,389877403,55075,42046,39496,214,120,214,34,1638,1233,"Marinette County, Wisconsin",93.93521381344242,0.5089663701660087,0.2854017028968273,0.5089663701660087,0.08086381582076772,3.895733244541692,2.9325024972649003
09,180,02830253,0500000US09180,09180,Southeastern Connecticut,Southeastern Connecticut Planning Region,CT,Connecticut,PL,1549162991,216462800,09180,279971,207385,14996,1791,10721,31,30412,42111,"Southeastern Connecticut Planning Region, Connecticut",74.07374335199003,5.356269042150794,0.6397091127295327,3.82932518010794,0.011072575373878008,10.862553621625096,15.04120069578635
29,186,00765806,0500000US29186,29186,Ste. Genevieve,Ste. Genevieve County,MO,Missouri,06,1292800351,19739769,29186,18571,17445,227,17,9,0,803,279,"Ste. Genevieve County, Missouri",93.93678315653439,1.2223359000592322,0.09154057401324646,0.04846265683054224,0.0,4.323945937213935,1.5023423617468095
51,181,01480174,0500000US51181,51181,Surry,Surry County,VA,Virginia,06,722475752,81216905,51181,6549,3630,2554,0,23,0,283,205,"Surry County, Virginia",55.428309665597794,38.998320354252556,0.0,0.3511986562834021,0.0,4.3212704229653385,3.1302488929607577
36,081,00974139,0500000US36081,36081,Queens,Queens County,NY,New York,06,281594048,188444349,36081,2323052,603199,398510,18828,604964,1916,299183,652505,"Queens County, New York",25.965798441016386,17.15458801610984,0.8104855164671304,26.041776077332752,0.08247770605221062,12.878876581324914,28.08826492045809
48,201,01383886,0500000US48201,48201,Harris,Harris County,TX,Texas,06,4421145870,182187806,48201,4838303,1666127,919291,49729,355427,4249,1168103,2126581,"Harris County, Texas",34.43618557994404,19.00027757666273,1.0278190514318761,7.346108749286681,0.08782004764893807,24.142824457252885,43.9530347727292
54,107,01560558,0500000US54107,54107,Wood,Wood County,WV,West Virginia,06,949229778,26590767,54107,83407,78671,978,85,365,89,2938,1231,"Wood County, West Virginia",94.32181951155178,1.1725634539067464,0.1019099116381119,0.4376131499754217,0.10670567218578775,3.5224861222679147,1.4758953085472442
39,113,01074069,0500000US39113,39113,Montgomery,Montgomery County,OH,Ohio,06,1194894573,7494894,39113,536096,366623,109607,485,12151,97,38313,22744,"Montgomery County, Ohio",68.38756491374679,20.445405300543186,0.09046887124694085,2.2665716588073774,0.01809377424938817,7.146667760998031,4.242523727093655
49,045,01448036,0500000US49045,49045,Tooele,Tooele County,UT,Utah,06,18234232014,636461735,49045,79347,66774,790,456,581,726,7155,11935,"Tooele County, Utah",84.15441037468335,0.9956268037859024,0.5746909145903436,0.7322268012653282,0.9149684298083103,9.017354153276116,15.041526459727525
06,041,00277285,0500000US06041,06041,Marin,Marin County,CA,California,06,1347890152,797077336,06041,257969,174615,5670,1871,16031,435,31742,50216,"Marin County, California",67.68836565633856,2.197938511991751,0.7252809446096237,6.214312572440875,0.16862491229566343,12.304579232388388,19.46590481802077
30,015,01719619,0500000US30015,30015,Chouteau,Chouteau County,MT,Montana,06,10288778621,62611691,30015,5906,4550,4,987,8,0,336,183,"Chouteau County, Montana",77.04029800203183,0.06772773450728073,16.711818489671522,0.13545546901456146,0.0,5.689129698611581,3.0985438537080934
54,027,01718644,0500000US54027,54027,Hampshire,Hampshire County,WV,West Virginia,06,1658633561,10902927,54027,23465,21939,227,17,7,0,1098,409,"Hampshire County, West Virginia",93.49669720860857,0.9673982527168122,0.07244832729597273,0.029831664180694654,0.0,4.679309610057532,1.7430215214148732
53,029,01513272,0500000US53029,53029,Island,Island County,WA,Washington,06,539943914,799920796,53029,86836,67437,1969,874,4291,363,9802,7582,"Island County, Washington",77.66018701920862,2.267492744944493,1.0064950020728731,4.941498917499654,0.4180293887327836,11.28794509189737,8.731401722787783
32,013,00863310,0500000US32013,32013,Humboldt,Humboldt County,NV,Nevada,06,24969535440,44194837,32013,17289,11831,143,553,265,25,2772,4720,"Humboldt County, Nevada",68.43079414656718,0.8271155069697494,3.1985655619179827,1.5327664989299554,0.14460061310659955,16.03331598125976,27.300595754525997
30,067,01720027,0500000US30067,30067,Park,Park County,MT,Montana,06,7258388276,27861797,30067,17710,16159,36,124,35,0,1145,638,"Park County, Montana",91.24223602484473,0.20327498588368154,0.7001693958215698,0.1976284584980237,0.0,6.465273856578205,3.602484472049689
28,027,00695738,0500000US28027,28027,Coahoma,Coahoma County,MS,Mississippi,06,1432526489,77525442,28027,20540,3894,15292,135,53,0,1007,636,"Coahoma County, Mississippi",18.95813047711782,74.44985394352483,0.6572541382667966,0.25803310613437197,0.0,4.9026290165530675,3.0963972736124634
49,017,01448023,0500000US49017,49017,Garfield,Garfield County,UT,Utah,06,13414986700,75978582,49017,5219,4925,6,27,0,27,210,381,"Garfield County, Utah",94.36673692278215,0.11496455259628281,0.5173404866832727,0.0,0.5173404866832727,4.023759340869899,7.300249089863958
54,025,01557518,0500000US54025,54025,Greenbrier,Greenbrier County,WV,West Virginia,06,2641329257,12163298,54025,32386,29951,758,44,214,11,1234,609,"Greenbrier County, West Virginia",92.48131908849503,2.3405175075649973,0.13586117458160935,0.6607793491014636,0.033965293645402336,3.8102883962205887,1.8804421663681836
55,083,01581102,0500000US55083,55083,Oconto,Oconto County,WI,Wisconsin,06,2583453775,392049248,55083,39589,37016,57,539,140,0,1631,903,"Oconto County, Wisconsin",93.50071989694106,0.1439793882138978,1.361489302584051,0.3536335850867665,0.0,4.11983126626083,2.280936623809644
42,075,01214034,0500000US42075,42075,Lebanon,Lebanon County,PA,Pennsylvania,06,937148915,1722125,42075,144186,116318,3168,93,2331,57,11367,21918,"Lebanon County, Pennsylvania",80.67218731360882,2.197161999084516,0.06450002080645832,1.616661811826391,0.03953227081686155,7.883567059215181,15.2011984519995
18,047,00450352,0500000US18047,18047,Franklin,Franklin County,IN,Indiana,06,995658286,17155846,18047,23020,22081,18,8,207,0,545,270,"Franklin County, Indiana",95.92093831450912,0.07819287576020852,0.03475238922675934,0.8992180712423979,0.0,2.36750651607298,1.1728931364031276
19,093,00465235,0500000US19093,19093,Ida,Ida County,IA,Iowa,06,1117614339,1391966,19093,6911,6395,23,32,46,0,318,286,"Ida County, Iowa",92.53364201996817,0.33280277817971354,0.4630299522500362,0.6656055563594271,0.0,4.601360150484735,4.138330198234699
37,049,01026123,0500000US37049,37049,Craven,Craven County,NC,North Carolina,06,1830014539,172777673,37049,102612,68018,20249,375,2944,160,7976,7996,"Craven County, North Carolina",66.28659416052703,19.73355942774724,0.36545433282656997,2.869060148910459,0.1559271820060032,7.772970022999259,7.792460920750009
05,031,00066847,0500000US05031,05031,Craighead,Craighead County,AR,Arkansas,06,1831541649,14320012,05031,113249,81397,18982,246,1404,31,8308,7146,"Craighead County, Arkansas",71.87436533655926,16.76129590548261,0.21722046110782436,1.2397460463227048,0.027373310139603882,7.336047117413841,6.3099894921809465
01,037,00161544,0500000US01037,01037,Coosa,Coosa County,AL,Alabama,06,1685846963,39991153,01037,10300,6806,3007,7,29,0,439,253,"Coosa County, Alabama",66.07766990291262,29.194174757281555,0.06796116504854369,0.2815533980582524,0.0,4.262135922330097,2.4563106796116503
27,171,00659530,0500000US27171,27171,Wright,Wright County,MN,Minnesota,06,1712394403,137711642,27171,148269,131418,3463,390,2701,19,7506,5389,"Wright County, Minnesota",88.63484612427412,2.335619718214866,0.2630354288489165,1.821688957233137,0.012814546533665162,5.062420330615301,3.634610066837977
47,025,01639733,0500000US47025,47025,Claiborne,Claiborne County,TN,Tennessee,06,1125619421,18052387,47025,32466,30577,191,22,220,0,1249,560,"Claiborne County, Tennessee",94.18160537177354,0.5883077681266555,0.06776319842296556,0.6776319842296556,0.0,3.8471015831947266,1.7248814144027595
51,165,01488970,0500000US51165,51165,Rockingham,Rockingham County,VA,Virginia,06,2200954972,10645881,51165,85600,73563,2060,327,943,54,6413,7966,"Rockingham County, Virginia",85.93808411214954,2.4065420560747666,0.3820093457943925,1.1016355140186915,0.0630841121495327,7.4918224299065415,9.30607476635514
01,003,00161527,0500000US01003,01003,Baldwin,Baldwin County,AL,Alabama,06,4117724893,1132887353,01003,246989,202133,19909,910,2552,139,15592,14276,"Baldwin County, Alabama",81.83886731797773,8.060682864419064,0.3684374607776055,1.0332443954993946,0.05627780994295293,6.312831745543324,5.780014494572633
12,097,00295748,0500000US12097,12097,Osceola,Osceola County,FL,Florida,06,3438319511,462144531,12097,427415,161840,47181,2057,12324,258,103512,239150,"Osceola County, Florida",37.864838622884086,11.038686054537159,0.4812652808160687,2.883380321233462,0.06036287916895757,24.21814863774084,55.952645555256595
16,085,00399756,0500000US16085,16085,Valley,Valley County,ID,Idaho,06,9492613292,177110437,16085,12389,11300,15,9,25,15,763,670,"Valley County, Idaho",91.20994430543223,0.12107514730809589,0.07264508838485755,0.20179191218015982,0.12107514730809589,6.158689159738477,5.408023246428283
13,139,01686953,0500000US13139,13139,Hall,Hall County,GA,Georgia,06,1017850585,93972134,13139,212705,134591,14600,910,4710,13,38273,61982,"Hall County, Georgia",63.27589854493312,6.863966526409817,0.42782257116663924,2.2143344068075503,0.006111751016666275,17.993465127759105,29.13988857807762
22,025,00558495,0500000US22025,22025,Catahoula,Catahoula Parish,LA,Louisiana,15,1833776037,81356082,22025,8583,5392,2941,13,12,0,178,50,"Catahoula Parish, Louisiana",62.821857159501334,34.26540836537341,0.15146219270651287,0.13981125480601186,0.0,2.0738669462891766,0.5825468950250495
28,149,00695795,0500000US28149,28149,Warren,Warren County,MS,Mississippi,06,1524296048,77750343,28149,43020,20018,20966,60,261,8,1511,918,"Warren County, Mississippi",46.53184565318457,48.73547187354718,0.1394700139470014,0.606694560669456,0.018596001859600187,3.5123198512319855,2.1338912133891212
40,051,01101813,0500000US40051,40051,Grady,Grady County,OK,Oklahoma,06,2850386657,11374380,40051,56606,45420,1065,2096,277,17,6358,4037,"Grady County, Oklahoma",80.23884393880508,1.8814259972441083,3.7027876903508465,0.4893474190015193,0.0300321520686853,11.232024873688301,7.131752817722504
32,003,00863600,0500000US32003,32003,Clark,Clark County,NV,Nevada,06,20439308551,438384090,32003,2329548,1016671,280163,27274,250287,19077,415863,742075,"Clark County, Nevada",43.64241475170291,12.026496127145696,1.1707850621665663,10.744015577270783,0.818914227137625,17.851660493795364,31.854892021971644
30,001,01719627,0500000US30001,30001,Beaverhead,Beaverhead County,MT,Montana,06,14355492121,78345288,30001,9713,8870,52,129,29,2,572,508,"Beaverhead County, Montana",91.32091012045713,0.5353649747760733,1.328116956656028,0.2985689282405024,0.02059096056831051,5.889014722536806,5.23010398435087
39,109,01074067,0500000US39109,39109,Miami,Miami County,OH,Ohio,06,1053040432,7924793,39109,110296,99677,2167,70,2062,0,5576,2366,"Miami County, Ohio",90.3722709799086,1.9647131355624865,0.06346558352070791,1.8695147602814246,0.0,5.055487053020962,2.1451367229999274
28,135,00695788,0500000US28135,28135,Tallahatchie,Tallahatchie County,MS,Mississippi,06,1672069540,16969517,28135,11764,4314,7155,30,4,0,243,91,"Tallahatchie County, Mississippi",36.67120027201632,60.82114926895614,0.2550153009180551,0.034002040122407345,0.0,2.065623937436246,0.7735464127847671
04,017,00042808,0500000US04017,04017,Navajo,Navajo County,AZ,Arizona,06,25769070673,24116169,04017,108415,49164,1206,45712,458,159,7923,11786,"Navajo County, Arizona",45.347968454549644,1.112392196651755,42.16390720841212,0.42245076788267305,0.14665867269289304,7.308029331734539,10.871189411059355
17,183,01785114,0500000US17183,17183,Vermilion,Vermilion County,IL,Illinois,06,2326634937,7531157,17183,72386,56446,10699,94,640,5,3650,4038,"Vermilion County, Illinois",77.97916724228442,14.780482413726412,0.12985936507059376,0.8841488685657447,0.0069074130356698805,5.042411516039013,5.578426767606995
22,103,01629503,0500000US22103,22103,St. Tammany,St. Tammany Parish,LA,Louisiana,15,2189234360,648416550,22103,272421,201130,33305,2079,3711,952,26515,22407,"St. Tammany Parish, Louisiana",73.83057840621686,12.225562640178254,0.7631570253394562,1.3622297840474853,0.3494591092463503,9.733096934524136,8.225136828658583
25,027,00606940,0500000US25027,25027,Worcester,Worcester County,MA,Massachusetts,06,3912614264,177372507,25027,867788,630934,45228,2170,46238,261,101798,118968,"Worcester County, Massachusetts",72.7060065361586,5.211872024042739,0.2500610748247268,5.328259897578672,0.030076470289978657,11.730745297238496,13.709339147349354
42,101,01209187,0500000US42101,42101,Philadelphia,Philadelphia County,PA,Pennsylvania,06,347981635,21606282,42101,1579706,555069,621637,7518,125902,615,133309,245882,"Philadelphia County, Pennsylvania",35.137487608453725,39.351436279915376,0.4759113404646181,7.96996403128177,0.03893129481055335,8.43884874780497,15.565048179851187
24,023,01711058,0500000US24023,24023,Garrett,Garrett County,MD,Maryland,06,1681102438,22498420,24023,28615,27216,175,68,137,1,806,393,"Garrett County, Maryland",95.11095579241656,0.6115673597763411,0.23763760265594966,0.4787698759391927,0.0034946706272933775,2.816704525598462,1.3734055565262975
37,031,01026337,0500000US37031,37031,Carteret,Carteret County,NC,North Carolina,06,1314688734,2131061849,37031,69148,59438,2913,173,692,11,4439,3401,"Carteret County, North Carolina",85.95765604211257,4.212703187366229,0.25018800254526524,1.000752010181061,0.015907907676288538,6.419563834094985,4.918435818823394
36,077,00974137,0500000US36077,36077,Otsego,Otsego County,NY,New York,06,2594488425,36312826,36077,60108,53637,1357,140,922,52,3128,2687,"Otsego County, New York",89.2343781193851,2.2576029813003258,0.23291408797497837,1.533905636520929,0.08651094696213484,5.203966194183803,4.470286817062621
01,095,00161574,0500000US01095,01095,Marshall,Marshall County,AL,Alabama,06,1465531833,148497637,01095,99748,78468,2591,1321,606,73,7701,17192,"Marshall County, Alabama",78.66623892208365,2.5975458154549464,1.324337330071781,0.6075309780647231,0.07318442475037093,7.720455547980912,17.23543329189558
40,013,01101794,0500000US40013,40013,Bryan,Bryan County,OK,Oklahoma,06,2342250032,101809038,40013,48253,33524,1162,6089,347,48,6201,3882,"Bryan County, Oklahoma",69.47547302758377,2.408140426501979,12.618904524071043,0.7191262719416409,0.09947568026858435,12.85101444469774,8.045095641721758
54,009,01558262,0500000US54009,54009,Brooke,Brooke County,WV,West Virginia,06,231015795,8732461,54009,21805,20236,327,7,144,4,1053,310,"Brooke County, West Virginia",92.80440265994038,1.4996560421921579,0.03210272873194221,0.660398991057097,0.018344416418252695,4.829167622105022,1.421692272414584
72,085,01804523,0500000US72085,72085,Las Piedras,Las Piedras Municipio,PR,Puerto Rico,13,87748418,32509,72085,34951,1252,460,12,29,0,953,34876,"Las Piedras Municipio, Puerto Rico",3.5821578781722985,1.3161282938971703,0.034333781579926184,0.08297330548482161,0.0,2.726674487139138,99.78541386512546
36,091,00974143,0500000US36091,36091,Saratoga,Saratoga County,NY,New York,06,2097812305,87488004,36091,238284,209586,4078,467,7114,78,13752,9412,"Saratoga County, New York",87.9563881754545,1.7114031995434018,0.19598462339057596,2.985513085226033,0.0327340484463917,5.771264541471521,3.949908512531265
54,063,01557702,0500000US54063,54063,Monroe,Monroe County,WV,West Virginia,06,1224426771,2297599,54063,12386,11690,180,0,0,0,403,79,"Monroe County, West Virginia",94.38075246245762,1.4532536735023414,0.0,0.0,0.0,3.2536735023413534,0.6378168900371387
46,123,01265784,0500000US46123,46123,Tripp,Tripp County,SD,South Dakota,06,4175808485,13340585,46123,5611,4485,44,770,25,0,257,107,"Tripp County, South Dakota",79.93227588665121,0.7841739440384958,13.723044020673678,0.44555337729459993,0.0,4.580288718588487,1.9069684548208874
30,045,01719602,0500000US30045,30045,Judith Basin,Judith Basin County,MT,Montana,06,4842466560,2066739,30045,2071,1868,0,29,0,0,68,159,"Judith Basin County, Montana",90.19797199420569,0.0,1.4002897151134719,0.0,0.0,3.283437952679865,7.677450507001449
04,012,00043540,0500000US04012,04012,La Paz,La Paz County,AZ,Arizona,06,11646086560,36514347,04012,16664,9848,238,2202,238,2,3004,4263,"La Paz County, Arizona",59.09745559289487,1.42822851656265,13.214114258281326,1.42822851656265,0.01200192030724916,18.026884301488238,25.582093134901584
05,091,00069166,0500000US05091,05091,Miller,Miller County,AR,Arkansas,06,1616257228,36848741,05091,42360,28325,10806,258,337,0,1814,1754,"Miller County, Arkansas",66.86732766761095,25.509915014164307,0.6090651558073654,0.795561850802644,0.0,4.282341831916902,4.140698772426818
23,025,00581298,0500000US23025,23025,Somerset,Somerset County,ME,Maine,06,10163811990,437942552,23025,50959,48140,249,108,192,11,1976,787,"Somerset County, Maine",94.46810180733532,0.48862811279656193,0.2119350850683883,0.37677348456602366,0.021585980886595104,3.877627111991994,1.5443788143409407
49,043,01448035,0500000US49043,49043,Summit,Summit County,UT,Utah,06,4844461875,26592219,49043,42970,36536,159,206,756,87,3489,4914,"Summit County, Utah",85.02676285780777,0.3700255992552944,0.4794042355131487,1.7593670002327206,0.20246683732836865,8.119618338375611,11.435885501512685
30,039,01719605,0500000US30039,30039,Granite,Granite County,MT,Montana,06,4473328971,14546367,30039,3462,3134,9,63,32,2,205,91,"Granite County, Montana",90.52570768341998,0.25996533795493937,1.8197573656845754,0.924321201617562,0.05777007510109763,5.921432697862508,2.628538417099942
48,077,01383824,0500000US48077,48077,Clay,Clay County,TX,Texas,06,2819871856,72506820,48077,10495,9426,104,61,84,7,744,746,"Clay County, Texas",89.81419723677942,0.9909480705097666,0.5812291567413054,0.800381133873273,0.06669842782277274,7.089090042877561,7.10814673654121
01,009,00161530,0500000US01009,01009,Blount,Blount County,AL,Alabama,06,1670259093,14860281,01009,59518,52460,716,216,69,81,3671,6130,"Blount County, Alabama",88.14140260089385,1.2029974125474647,0.3629154205450452,0.11593131489633388,0.13609328270439194,6.167881985281763,10.299405221949662
13,311,00326781,0500000US13311,13311,White,White County,GA,Georgia,06,623524626,3917258,13311,28810,25899,538,34,165,0,1550,1091,"White County, Georgia",89.8958694897605,1.8674071502950367,0.11801457827143352,0.5727178063172509,0.0,5.380076362374176,3.7868795557098234
19,015,00465197,0500000US19015,19015,Boone,Boone County,IA,Iowa,06,1477553326,8143073,19015,26668,25099,307,11,53,0,1029,783,"Boone County, Iowa",94.11654417279136,1.1511924403779812,0.041247937603119844,0.19874006299685018,0.0,3.858557072146393,2.9361031948402583
21,081,00516887,0500000US21081,21081,Grant,Grant County,KY,Kentucky,06,668154250,7246883,21081,25418,23544,218,17,146,23,1020,824,"Grant County, Kentucky",92.62727201196003,0.857659926036667,0.0668817373514832,0.5743960972539146,0.09048705641671256,4.012904241088992,3.2417971516248327
27,109,00659500,0500000US27109,27109,Olmsted,Olmsted County,MN,Minnesota,06,1692579770,3226187,27109,164498,127008,12419,289,10487,0,11018,9814,"Olmsted County, Minnesota",77.20944935500735,7.549635861834187,0.17568602657783075,6.375153497306958,0.0,6.6979537745139766,5.966029982127442
36,097,00974146,0500000US36097,36097,Schuyler,Schuyler County,NY,New York,06,850405403,36246373,36097,17562,16345,225,39,85,0,798,366,"Schuyler County, New York",93.07026534563262,1.2811752647762216,0.2220703792278784,0.48399954447101695,0.0,4.543901605739665,2.0840450973693203
39,069,01074047,0500000US39069,39069,Henry,Henry County,OH,Ohio,06,1077461417,9687647,39069,27567,24924,138,128,42,53,1463,2280,"Henry County, Ohio",90.41244966808141,0.5005985417346828,0.464323285087242,0.15235607791925126,0.19225886023143615,5.307070047520586,8.270758515616498
48,305,01383938,0500000US48305,48305,Lynn,Lynn County,TX,Texas,06,2309924847,4169718,48305,5752,3558,103,88,28,8,1579,2370,"Lynn County, Texas",61.856745479833094,1.7906815020862308,1.52990264255911,0.48678720445062584,0.13908205841446453,27.451321279554936,41.20305980528512
01,129,00161590,0500000US01129,01129,Washington,Washington County,AL,Alabama,06,2797848584,21524393,01129,15143,9973,3643,1011,27,0,436,159,"Washington County, Alabama",65.85881265271082,24.057320213960246,6.676352109885755,0.17830020471504987,0.0,2.879218120583768,1.0499900944330713
28,147,00695794,0500000US28147,28147,Walthall,Walthall County,MS,Mississippi,06,1046169275,1236552,28147,13839,7324,5792,51,26,0,417,274,"Walthall County, Mississippi",52.92289905339981,41.85273502420695,0.3685237372642532,0.18787484644844282,0.0,3.0132234988077173,1.9799118433412821
53,059,01529220,0500000US53059,53059,Skamania,Skamania County,WA,Washington,06,4294897557,73323232,53059,12402,10742,98,120,158,19,960,832,"Skamania County, Washington",86.61506208676019,0.7901951298177713,0.9675858732462507,1.2739880664408965,0.153201096597323,7.740686985970005,6.708595387840671
36,123,00974159,0500000US36123,36123,Yates,Yates County,NY,New York,06,875777224,97488350,36123,24526,23137,201,13,215,0,660,637,"Yates County, New York",94.33662235994454,0.8195384489929056,0.05300497431297399,0.876620729022262,0.0,2.6910217728125256,2.597243741335725
21,203,00516948,0500000US21203,21203,Rockcastle,Rockcastle County,KY,Kentucky,06,819904083,3961380,21203,16163,15473,97,5,13,23,390,204,"Rockcastle County, Kentucky",95.73099053393554,0.6001361133452948,0.03093485120336571,0.08043061312875086,0.14230031553548228,2.4129183938625256,1.262141929097321
20,177,00485051,0500000US20177,20177,Shawnee,Shawnee County,KS,Kansas,06,1409020132,30313507,20177,178025,132921,12180,1085,2576,193,20272,24637,"Shawnee County, Kansas",74.66423255160792,6.841735711276506,0.6094649627861256,1.4469877826148014,0.10841173992416796,11.387164724055609,13.83906754669288
29,169,00758539,0500000US29169,29169,Pulaski,Pulaski County,MO,Missouri,06,1417014582,11312724,29169,53894,38565,5611,194,1205,327,6984,6199,"Pulaski County, Missouri",71.55713066389579,10.411177496567337,0.35996585890822724,2.235870412290793,0.6067465766133522,12.95877092069618,11.50220803800052
39,167,01074095,0500000US39167,39167,Washington,Washington County,OH,Ohio,06,1636805226,20784952,39167,58978,55364,509,110,324,0,2189,741,"Washington County, Ohio",93.87229136288107,0.8630336735731967,0.1865102241513785,0.549357387500424,0.0,3.7115534606124316,1.2564006917833768
08,009,00198120,0500000US08009,08009,Baca,Baca County,CO,Colorado,06,6617400566,6142192,08009,3428,3027,13,16,88,0,136,375,"Baca County, Colorado",88.30221703617269,0.3792298716452742,0.4667444574095682,2.5670945157526255,0.0,3.9673278879813303,10.939323220536757
20,025,00484982,0500000US20025,20025,Clark,Clark County,KS,Kansas,06,2524300310,6603384,20025,1974,1732,0,18,7,0,172,106,"Clark County, Kansas",87.74062816616008,0.0,0.911854103343465,0.3546099290780142,0.0,8.713272543059777,5.369807497467072
17,079,00424241,0500000US17079,17079,Jasper,Jasper County,IL,Illinois,06,1281043621,9334509,17079,9180,8892,7,0,12,3,221,123,"Jasper County, Illinois",96.86274509803921,0.07625272331154684,0.0,0.130718954248366,0.0326797385620915,2.4074074074074074,1.3398692810457515
20,093,00485011,0500000US20093,20093,Kearny,Kearny County,KS,Kansas,06,2254696661,1133601,20093,3864,2540,0,15,140,0,601,1377,"Kearny County, Kansas",65.73498964803312,0.0,0.38819875776397517,3.6231884057971016,0.0,15.553830227743271,35.63664596273292
35,033,01702367,0500000US35033,35033,Mora,Mora County,NM,New Mexico,06,4988962636,6093304,35033,4149,1849,26,99,0,0,1522,3049,"Mora County, New Mexico",44.564955410942396,0.6266570257893469,2.386117136659436,0.0,0.0,36.683538201976376,73.48758737045071
48,457,01384014,0500000US48457,48457,Tyler,Tyler County,TX,Texas,06,2394158684,29093511,48457,20238,15775,2157,24,98,0,1855,1696,"Tyler County, Texas",77.94742563494417,10.658167803142602,0.11858879335902757,0.4842375728826959,0.0,9.165925486708172,8.380274730704615
40,003,01101789,0500000US40003,40003,Alfalfa,Alfalfa County,OK,Oklahoma,06,2244392664,38546676,40003,5696,4668,213,141,24,6,542,351,"Alfalfa County, Oklahoma",81.95224719101124,3.739466292134831,2.475421348314607,0.42134831460674155,0.10533707865168539,9.515449438202248,6.162219101123596
21,003,00516848,0500000US21003,21003,Allen,Allen County,KY,Kentucky,06,890240991,21079866,21003,21293,20030,100,32,3,0,949,620,"Allen County, Kentucky",94.06847320715728,0.46963790917202836,0.15028413093504908,0.01408913727516085,0.0,4.456863758042549,2.911755036866576
38,027,01034222,0500000US38027,38027,Eddy,Eddy County,ND,North Dakota,06,1632310789,36012924,38027,2307,2085,0,98,0,1,115,124,"Eddy County, North Dakota",90.37711313394018,0.0,4.247941048981361,0.0,0.043346337234503686,4.984828781967924,5.374945817078457
47,087,01639758,0500000US47087,47087,Jackson,Jackson County,TN,Tennessee,06,799813547,27751888,47087,12029,11171,49,19,0,4,723,342,"Jackson County, Tennessee",92.86723750935239,0.4073489068085461,0.15795161692576273,0.0,0.033252971984371105,6.010474686175077,2.843129104663729
48,405,01383988,0500000US48405,48405,San Augustine,San Augustine County,TX,Texas,06,1374400363,159644688,48405,7874,5468,1696,39,0,0,312,657,"San Augustine County, Texas",69.44373888747778,21.539243078486155,0.4953009906019812,0.0,0.0,3.9624079248158495,8.343916687833376
01,059,00161555,0500000US01059,01059,Franklin,Franklin County,AL,Alabama,06,1641945980,32539346,01059,31966,23800,1296,235,22,6,1964,6573,"Franklin County, Alabama",74.45410748920727,4.054307701933304,0.7351561033598198,0.06882312456985547,0.018769943064506037,6.144028029781643,20.562472627166365
29,167,00758538,0500000US29167,29167,Polk,Polk County,MO,Missouri,06,1646006170,17837927,29167,32444,29769,239,82,269,0,1660,970,"Polk County, Missouri",91.75502404142523,0.7366539267661201,0.2527431882628529,0.8291209468622859,0.0,5.116508445321169,2.989766983109358
39,131,01074078,0500000US39131,39131,Pike,Pike County,OH,Ohio,06,1140325072,9566957,39131,27044,25666,260,27,117,154,809,150,"Pike County, Ohio",94.90459991125573,0.961396243159296,0.09983730217423459,0.4326283094216832,0.5694423901789677,2.9914213873687325,0.5546516787457476
51,057,01480118,0500000US51057,51057,Essex,Essex County,VA,Virginia,06,666494469,74795283,51057,10623,5819,3941,11,107,62,542,488,"Essex County, Virginia",54.7773698578556,37.09874799962346,0.10354890332297845,1.0072484232326084,0.5836392732749695,5.102136872823119,4.593805892873952
48,495,01384033,0500000US48495,48495,Winkler,Winkler County,TX,Texas,06,2178876165,19838,48495,7454,3773,294,181,41,4,1779,4657,"Winkler County, Texas",50.61711832573115,3.9441910383686616,2.428226455594312,0.5500402468473303,0.053662463107056614,23.86638046686343,62.476522672390665
42,005,01213658,0500000US42005,42005,Armstrong,Armstrong County,PA,Pennsylvania,06,1692093647,27586728,42005,64622,61501,608,12,228,0,1933,605,"Armstrong County, Pennsylvania",95.17037541394572,0.9408560552133948,0.01856952740552753,0.3528210207050231,0.0,2.9912413729070595,0.936213673362013
29,205,00758555,0500000US29205,29205,Shelby,Shelby County,MO,Missouri,06,1297230222,3764606,29205,5986,5625,98,2,21,0,222,139,"Shelby County, Missouri",93.96926161042433,1.6371533578349484,0.03341129301703976,0.35081857667891747,0.0,3.7086535248914134,2.3220848646842636
37,039,01008545,0500000US37039,37039,Cherokee,Cherokee County,NC,North Carolina,06,1179845613,28813485,37039,29562,26739,527,347,156,0,1583,1088,"Cherokee County, North Carolina",90.4505784453014,1.782693999052838,1.1738042081049997,0.5277044854881267,0.0,5.354847439280157,3.680400514173601
01,119,00161585,0500000US01119,01119,Sumter,Sumter County,AL,Alabama,06,2340898915,24634880,01119,11878,3097,8097,13,32,0,631,87,"Sumter County, Alabama",26.073413032497054,68.1680417578717,0.10944603468597405,0.2694056238423977,0.0,5.31234214514228,0.7324465398215187
51,091,01673774,0500000US51091,51091,Highland,Highland County,VA,Virginia,06,1075266904,1791758,51091,2296,2179,0,0,55,0,62,0,"Highland County, Virginia",94.90418118466899,0.0,0.0,2.3954703832752613,0.0,2.7003484320557494,0.0
29,171,00758540,0500000US29171,29171,Putnam,Putnam County,MO,Missouri,06,1339844722,5942463,29171,4642,4458,9,23,0,0,145,139,"Putnam County, Missouri",96.0361912968548,0.1938819474364498,0.4954760878931495,0.0,0.0,3.123653597587247,2.994398965962947
30,085,01669428,0500000US30085,30085,Roosevelt,Roosevelt County,MT,Montana,06,6098391677,38582249,30085,10526,3434,7,6033,100,1,935,301,"Roosevelt County, Montana",32.62397871936158,0.0665019950598518,57.3152194565837,0.9500285008550257,0.009500285008550257,8.88276648299449,2.8595857875736272
42,087,01213679,0500000US42087,42087,Mifflin,Mifflin County,PA,Pennsylvania,06,1064581425,9507560,42087,46041,43044,449,41,146,24,2077,1050,"Mifflin County, Pennsylvania",93.49058447905128,0.9752177407093677,0.08905106318281532,0.31710866401685456,0.05212745161920897,4.511196542212375,2.2805760083403923
72,035,01804497,0500000US72035,72035,Cayey,Cayey Municipio,PR,Puerto Rico,13,134509879,68570,72035,40917,12995,3686,394,0,0,9762,40866,"Cayey Municipio, Puerto Rico",31.759415401911184,9.00848058264291,0.9629249456216243,0.0,0.0,23.858054109538823,99.8753574308967
37,001,01008531,0500000US37001,37001,Alamance,Alamance County,NC,North Carolina,06,1096736064,27940533,37001,176893,106569,34953,972,3241,77,14234,27012,"Alamance County, North Carolina",60.244893805860045,19.75940257669891,0.5494847167496735,1.8321810359935102,0.04352913908407908,8.046672282114047,15.27024811609278
27,067,00659479,0500000US27067,27067,Kandiyohi,Kandiyohi County,MN,Minnesota,06,2065166101,168381166,27067,44079,34580,2287,227,594,67,3087,6484,"Kandiyohi County, Minnesota",78.45005558202318,5.188411715329295,0.514984459720048,1.3475804805009188,0.1519998185076794,7.003334921391138,14.709952585131242
56,027,01605078,0500000US56027,56027,Niobrara,Niobrara County,WY,Wyoming,06,6801380673,4969450,56027,2368,2177,82,57,0,1,45,133,"Niobrara County, Wyoming",91.93412162162163,3.4628378378378377,2.4070945945945947,0.0,0.04222972972972973,1.900337837837838,5.616554054054054
48,365,01383968,0500000US48365,48365,Panola,Panola County,TX,Texas,06,2101400900,25810623,48365,22726,16526,2575,6,121,3,3175,2359,"Panola County, Texas",72.71847223444513,11.33063451553287,0.02640147848279504,0.5324298160696999,0.01320073924139752,13.970782363812372,10.38018129015225
05,051,00066855,0500000US05051,05051,Garland,Garland County,AR,Arkansas,06,1755013697,147452177,05051,100035,82699,7606,421,671,122,6579,7484,"Garland County, Arkansas",82.67006547708303,7.6033388314090065,0.420852701554456,0.670765232168741,0.12195731493977108,6.576698155645524,7.481381516469236
05,055,00066857,0500000US05055,05055,Greene,Greene County,AR,Arkansas,06,1495304294,5273183,05055,46432,41506,1059,19,191,238,2625,1741,"Greene County, Arkansas",89.39093728463129,2.2807546519641626,0.04092005513439007,0.4113542384562371,0.5125775327360441,5.65342866988284,3.7495692625775323
47,143,01639784,0500000US47143,47143,Rhea,Rhea County,TN,Tennessee,06,817071271,54409427,47143,33992,29863,506,26,241,0,2526,2142,"Rhea County, Tennessee",87.85302424099788,1.4885855495410685,0.07648858554954108,0.708990350670746,0.0,7.431160273005413,6.3014827018121915
26,105,01622995,0500000US26105,26105,Mason,Mason County,MI,Michigan,06,1281963206,1935616622,26105,29207,26749,279,140,145,0,1540,1420,"Mason County, Michigan",91.58420926490226,0.9552504536583696,0.47933714520491666,0.4964563289622351,0.0,5.272708597254083,4.86184818707844
21,233,00516963,0500000US21233,21233,Webster,Webster County,KY,Kentucky,06,859944623,9398697,21233,12842,11337,522,13,4,27,527,912,"Webster County, Kentucky",88.28064164460365,4.064787416290297,0.1012303379535898,0.03114779629341224,0.21024762498053265,4.103722161657062,7.101697554897991
55,089,01581105,0500000US55089,55089,Ozaukee,Ozaukee County,WI,Wisconsin,06,603495168,2287434584,55089,92966,83279,1392,136,2028,23,5097,3470,"Ozaukee County, Wisconsin",89.5800615278704,1.4973216014456898,0.1462900415205559,2.1814426779682896,0.024740227610094014,5.482649570810834,3.7325473829141838
22,055,00558059,0500000US22055,22055,Lafayette,Lafayette Parish,LA,Louisiana,15,696257603,1149127,22055,247997,155592,62988,298,4794,133,20219,16679,"Lafayette Parish, Louisiana",62.73946862260431,25.398694339044425,0.12016274390416012,1.933087900256858,0.0536296810042057,8.152921204691992,6.725484582474787
38,039,01034219,0500000US38039,38039,Griggs,Griggs County,ND,North Dakota,06,1835486225,20446712,38039,2245,2116,18,3,5,0,103,40,"Griggs County, North Dakota",94.25389755011136,0.8017817371937639,0.13363028953229397,0.22271714922048996,0.0,4.587973273942094,1.7817371937639197
48,409,01383990,0500000US48409,48409,San Patricio,San Patricio County,TX,Texas,06,1795693481,37532483,48409,70181,39142,1050,872,754,127,23279,39623,"San Patricio County, Texas",55.77292999529787,1.496131431584047,1.2425015317536086,1.0743648565851156,0.18096065886778473,33.16994628175717,56.45830067967113
39,049,01074037,0500000US39049,39049,Franklin,Franklin County,OH,Ohio,06,1378950150,29029553,39049,1333048,785967,311199,3546,74387,540,114146,99547,"Franklin County, Ohio",58.960142470488684,23.344920813053992,0.2660069254820532,5.580219166901717,0.040508668855134995,8.562782435441184,7.467623071337266
48,463,01384017,0500000US48463,48463,Uvalde,Uvalde County,TX,Texas,06,4019458733,17382915,48463,24881,14609,86,367,425,0,5717,17635,"Uvalde County, Texas",58.71548571198907,0.34564527149230334,1.4750211004380853,1.708130702142197,0.0,22.977372292110445,70.87737631124152
18,025,00451674,0500000US18025,18025,Crawford,Crawford County,IN,Indiana,06,791534794,8201106,18025,10499,10037,46,8,2,0,347,167,"Crawford County, Indiana",95.59958091246786,0.4381369654252786,0.07619773311743976,0.01904943327935994,0.0,3.305076673968949,1.590627678826555
26,099,01622992,0500000US26099,26099,Macomb,Macomb County,MI,Michigan,06,1241505063,237173297,26099,879853,658451,112586,1898,44501,522,52555,27877,"Macomb County, Michigan",74.83647836627256,12.796001150192135,0.2157178528686042,5.057776696789123,0.05932809230632844,5.973156879615118,3.1683701709262797
38,049,01035305,0500000US38049,38049,McHenry,McHenry County,ND,North Dakota,06,4853487958,97323497,38049,5207,4908,40,40,12,0,168,112,"McHenry County, North Dakota",94.2577299788746,0.7681966583445362,0.7681966583445362,0.23045899750336085,0.0,3.226425965047052,2.1509506433647014
45,045,01245489,0500000US45045,45045,Greenville,Greenville County,SC,South Carolina,06,2035564261,24967296,45045,548166,366157,85988,3377,13813,444,55785,63570,"Greenville County, South Carolina",66.7967367549246,15.686489129205386,0.616054260935556,2.5198571235720566,0.0809973621129366,10.176661814122,11.59685204846707
12,043,00295743,0500000US12043,12043,Glades,Glades County,FL,Florida,06,2089659352,467293938,12043,12563,7912,1849,459,57,0,1713,3225,"Glades County, Florida",62.97858791689883,14.717822176231794,3.6535859269282813,0.4537132850433814,0.0,13.635278197882672,25.670620074822892
17,017,00424210,0500000US17017,17017,Cass,Cass County,IL,Illinois,06,973198203,20569928,17017,12784,9562,508,128,117,70,1203,2929,"Cass County, Illinois",74.79662077596996,3.9737171464330414,1.0012515644555695,0.915206508135169,0.5475594493116396,9.410200250312892,22.911451814768462
20,009,00484974,0500000US20009,20009,Barton,Barton County,KS,Kansas,06,2318705423,13926862,20009,25097,20421,159,203,50,0,3605,4183,"Barton County, Kansas",81.36829103080049,0.633541857592541,0.8088616169263257,0.1992269992429374,0.0,14.364266645415787,16.667330756664143
26,075,01622980,0500000US26075,26075,Jackson,Jackson County,MI,Michigan,06,1817904856,55933446,26075,160060,133048,11836,495,1239,54,11705,6542,"Jackson County, Michigan",83.12382856428839,7.394726977383481,0.3092590278645508,0.7740847182306635,0.03373734849431463,7.3128826689991255,4.087217293514931
31,149,00835896,0500000US31149,31149,Rock,Rock County,NE,Nebraska,06,2611457643,8816268,31149,1319,1300,1,0,0,0,15,10,"Rock County, Nebraska",98.55951478392721,0.0758150113722517,0.0,0.0,0.0,1.1372251705837757,0.7581501137225171
53,027,01531823,0500000US53027,53027,Grays Harbor,Grays Harbor County,WA,Washington,06,4924743560,834361384,53027,77053,60470,1137,3240,1037,310,7110,8617,"Grays Harbor County, Washington",78.47844989812207,1.4756076985970696,4.204897927400621,1.3458268983686552,0.402320480708084,9.227414896240251,11.183211555682453
13,027,00345518,0500000US13027,13027,Brooks,Brooks County,GA,Georgia,06,1277341275,11955761,13027,16293,9124,5531,8,235,0,955,1112,"Brooks County, Georgia",55.99950899159148,33.94709384398208,0.04910084085189959,1.4423372000245505,0.0,5.861412876695513,6.8250168784140435
55,071,01581095,0500000US55071,55071,Manitowoc,Manitowoc County,WI,Wisconsin,06,1526284885,2343355262,55071,81406,71911,620,172,1964,90,5324,4474,"Manitowoc County, Wisconsin",88.33624057194801,0.7616146230007617,0.2112866373485984,2.412598579957251,0.11055696140333637,6.540058472348475,5.495909392428076
30,035,01719607,0500000US30035,30035,Glacier,Glacier County,MT,Montana,06,7757405145,105684958,30035,13637,4115,34,8812,81,32,486,389,"Glacier County, Montana",30.175258487937228,0.24932169832074502,64.61831781183545,0.5939722812935396,0.23465571606658356,3.563833687761238,2.8525335484344065
72,145,01804553,0500000US72145,72145,Vega Baja,Vega Baja Municipio,PR,Puerto Rico,13,118746310,57826361,72145,53892,7170,2726,259,0,0,31250,53481,"Vega Baja Municipio, Puerto Rico",13.304386550879538,5.058264677503155,0.4805908112521339,0.0,0.0,57.986343056483335,99.23736361612113
13,107,00347508,0500000US13107,13107,Emanuel,Emanuel County,GA,Georgia,06,1762679433,24889123,13107,23026,13461,7339,10,199,0,1594,1112,"Emanuel County, Georgia",58.46000173716668,31.872665682272217,0.04342916702857639,0.8642404238686702,0.0,6.922609224355076,4.8293233735776955
42,033,01209175,0500000US42033,42033,Clearfield,Clearfield County,PA,Pennsylvania,06,2965949946,23867425,42033,78635,73217,1556,51,451,24,2562,2378,"Clearfield County, Pennsylvania",93.10993832262987,1.9787626375023843,0.06485661601068227,0.5735359572709353,0.030520760475615184,3.258091180771921,3.0240986837922046
24,029,00593907,0500000US24029,24029,Kent,Kent County,MD,Maryland,06,717394874,353423861,24029,19346,14903,2707,2,242,1,829,1126,"Kent County, Maryland",77.03401219890416,13.992556600847719,0.010338054378166029,1.2509045797580896,0.0051690271890830145,4.285123539749819,5.8203246149074745
47,015,01648572,0500000US47015,47015,Cannon,Cannon County,TN,Tennessee,06,687992379,156144,47015,14818,13832,337,26,0,0,485,460,"Cannon County, Tennessee",93.34593062491564,2.2742610338777163,0.17546227561074368,0.0,0.0,3.2730462950465653,3.104332568497773
37,135,01008576,0500000US37135,37135,Orange,Orange County,NC,North Carolina,06,1029651668,8829147,37135,149678,102595,15708,775,11806,57,12572,15914,"Orange County, North Carolina",68.54380737316104,10.494528253985221,0.5177781637916059,7.887598711901549,0.03808174882080199,8.399363967984605,10.632157030425313
48,439,01384005,0500000US48439,48439,Tarrant,Tarrant County,TX,Texas,06,2240985259,99783487,48439,2167390,1044807,383072,12664,132937,4144,407546,655747,"Tarrant County, Texas",48.205768228145374,17.67434564153198,0.5842972423052611,6.133506198699819,0.19119770784215115,18.80353789581017,30.255145589856923
17,055,00424229,0500000US17055,17055,Franklin,Franklin County,IL,Illinois,06,1059114972,58391305,17055,37323,35347,154,29,131,0,1480,756,"Franklin County, Illinois",94.70567746429815,0.41261420571765395,0.0777000777000777,0.35099000616241993,0.0,3.9653832757281036,2.0255606462503013
18,121,00450380,0500000US18121,18121,Parke,Parke County,IN,Indiana,06,1151822273,13655204,18121,16406,15503,261,6,0,0,585,125,"Parke County, Indiana",94.49591612824577,1.5908813848591978,0.03657198585883213,0.0,0.0,3.565768621236133,0.7619163720590028
19,047,00465212,0500000US19047,19047,Crawford,Crawford County,IA,Iowa,06,1849765416,2171717,19047,16277,10805,152,117,357,0,2985,5019,"Crawford County, Iowa",66.38201142716717,0.9338330159120232,0.7188056767217547,2.1932788597407384,0.0,18.33876021379861,30.8349204398845
48,243,01383907,0500000US48243,48243,Jeff Davis,Jeff Davis County,TX,Texas,06,5865172239,206206,48243,1865,1280,0,0,0,0,484,562,"Jeff Davis County, Texas",68.63270777479893,0.0,0.0,0.0,0.0,25.95174262734584,30.134048257372655
13,279,00345220,0500000US13279,13279,Toombs,Toombs County,GA,Georgia,06,942788055,18076929,13279,27102,16853,6404,92,230,0,2186,3271,"Toombs County, Georgia",62.18360268614862,23.629252453693457,0.3394583425577448,0.848645856394362,0.0,8.06582540033946,12.069219983765036
54,017,01689476,0500000US54017,54017,Doddridge,Doddridge County,WV,West Virginia,06,828078406,1950541,54017,7711,7137,189,12,35,0,292,110,"Doddridge County, West Virginia",92.55608870444819,2.451043963169498,0.1556218389313967,0.45389703021657374,0.0,3.7867980806639867,1.4265335235378032
15,005,01702380,0500000US15005,15005,Kalawao,Kalawao County,HI,Hawaii,06,31057603,105764468,15005,67,19,0,12,12,10,11,9,"Kalawao County, Hawaii",28.35820895522388,0.0,17.91044776119403,17.91044776119403,14.925373134328357,16.417910447761194,13.432835820895523
19,087,00465232,0500000US19087,19087,Henry,Henry County,IA,Iowa,06,1124800190,5774829,19087,20004,17637,510,106,205,7,1160,1109,"Henry County, Iowa",88.16736652669465,2.549490101979604,0.5298940211957609,1.0247950409918016,0.03499300139972006,5.798840231953609,5.543891221755649
13,293,00346759,0500000US13293,13293,Upson,Upson County,GA,Georgia,06,837774876,10585407,13293,28029,19004,7228,23,67,72,1436,744,"Upson County, Georgia",67.80120589389561,25.787577152235187,0.08205786863605552,0.23903813907024868,0.2568768061650433,5.123265189625031,2.6543936637054477
47,185,01639800,0500000US47185,47185,White,White County,TN,Tennessee,06,975592109,7113368,47185,28160,26076,287,130,124,46,1295,909,"White County, Tennessee",92.59943181818183,1.0191761363636362,0.4616477272727273,0.44034090909090906,0.1633522727272727,4.598721590909091,3.2279829545454546
20,127,00485028,0500000US20127,20127,Morris,Morris County,KS,Kansas,06,1800929255,19545268,20127,5340,4872,2,0,37,0,354,232,"Morris County, Kansas",91.23595505617978,0.03745318352059925,0.0,0.6928838951310862,0.0,6.629213483146068,4.344569288389513
48,379,01383975,0500000US48379,48379,Rains,Rains County,TX,Texas,06,594376473,75984089,48379,12775,10773,319,61,128,0,1315,1311,"Rains County, Texas",84.32876712328768,2.49706457925636,0.47749510763209396,1.0019569471624266,0.0,10.293542074363993,10.262230919765166
48,397,01383984,0500000US48397,48397,Rockwall,Rockwall County,TX,Texas,06,329469169,56264592,48397,123617,83523,11479,559,4322,81,17339,25723,"Rockwall County, Texas",67.56594966711698,9.285939636134188,0.4522031759385845,3.4962828737147804,0.06552496824870366,14.026387956349046,20.808626645202523
48,477,01384024,0500000US48477,48477,Washington,Washington County,TX,Texas,06,1564855487,45471320,48477,36647,24488,5218,258,529,0,4638,6772,"Washington County, Texas",66.82129505825853,14.238546129287528,0.7040139711299697,1.443501514448659,0.0,12.6558790624062,18.4790023740006
40,091,01101836,0500000US40091,40091,McIntosh,McIntosh County,OK,Oklahoma,06,1601354476,242872388,40091,19400,13087,504,3094,186,18,2480,637,"McIntosh County, Oklahoma",67.45876288659794,2.597938144329897,15.948453608247423,0.9587628865979381,0.09278350515463918,12.783505154639174,3.2835051546391756
49,031,01448029,0500000US49031,49031,Piute,Piute County,UT,Utah,06,1963753824,20286511,49031,1694,1545,2,0,0,0,101,128,"Piute County, Utah",91.20425029515938,0.11806375442739078,0.0,0.0,0.0,5.962219598583235,7.55608028335301
51,053,01690739,0500000US51053,51053,Dinwiddie,Dinwiddie County,VA,Virginia,06,1305057845,8988308,51053,28191,18028,8415,7,168,0,889,1236,"Dinwiddie County, Virginia",63.94948742506473,29.849952112376286,0.02483061970132312,0.5959348728317548,0.0,3.153488702068036,4.384377992976482
08,007,00198119,0500000US08007,08007,Archuleta,Archuleta County,CO,Colorado,06,3496712165,13740247,08007,13900,11118,3,332,102,0,912,2304,"Archuleta County, Colorado",79.98561151079137,0.02158273381294964,2.3884892086330938,0.7338129496402878,0.0,6.56115107913669,16.575539568345324
37,035,01008543,0500000US37035,37035,Catawba,Catawba County,NC,North Carolina,06,1039552784,37943193,37035,163573,122021,12945,944,6962,80,13944,18786,"Catawba County, North Carolina",74.5972746113356,7.913897770414432,0.5771123596192526,4.256203652191988,0.04890782708637734,8.524634261155569,11.484780495558558
38,087,01035896,0500000US38087,38087,Slope,Slope County,ND,North Dakota,06,3147520240,10980611,38087,766,708,0,0,0,0,52,1,"Slope County, North Dakota",92.42819843342036,0.0,0.0,0.0,0.0,6.7885117493472595,0.13054830287206268
28,065,00695756,0500000US28065,28065,Jefferson Davis,Jefferson Davis County,MS,Mississippi,06,1057871277,1791496,28065,11117,4251,6613,5,3,0,217,80,"Jefferson Davis County, Mississippi",38.23873347126023,59.48547269946928,0.044976162633804086,0.02698569758028245,0.0,1.9519654583070971,0.7196186021408654
55,119,01581119,0500000US55119,55119,Taylor,Taylor County,WI,Wisconsin,06,2525374174,24630990,55119,20024,18903,67,40,63,30,745,599,"Taylor County, Wisconsin",94.40171793847382,0.33459848182181384,0.1997602876548142,0.3146224530563324,0.14982021574111065,3.720535357570915,2.9914103076308427
48,009,01383790,0500000US48009,48009,Archer,Archer County,TX,Texas,06,2339508191,57767717,48009,8867,7883,130,85,50,0,539,837,"Archer County, Texas",88.90267283184843,1.4661102966053907,0.9586105785496787,0.563888575617458,0.0,6.078718845156198,9.439494755836247
13,155,00352302,0500000US13155,13155,Irwin,Irwin County,GA,Georgia,06,917795237,21756147,13155,9285,6442,2241,0,9,0,214,673,"Irwin County, Georgia",69.38072159396876,24.135702746365105,0.0,0.09693053311793215,0.0,2.3047926763597197,7.24824986537426
48,065,01383818,0500000US48065,48065,Carson,Carson County,TX,Texas,06,2383397227,10026604,48065,5801,5237,40,23,16,37,301,635,"Carson County, Texas",90.27753835545596,0.6895362868470953,0.39648336493707986,0.27581451473883817,0.6378210653335632,5.188760558524392,10.946388553697638
20,145,00485036,0500000US20145,20145,Pawnee,Pawnee County,KS,Kansas,06,1953531647,992041,20145,6144,5218,454,91,0,0,342,561,"Pawnee County, Kansas",84.92838541666666,7.389322916666667,1.4811197916666665,0.0,0.0,5.56640625,9.130859375
18,001,00450401,0500000US18001,18001,Adams,Adams County,IN,Indiana,06,877815487,2693924,18001,36227,34120,115,165,136,0,1201,1729,"Adams County, Indiana",94.18389598917935,0.3174427912882657,0.45546139619620724,0.37541060534960113,0.0,3.315206889888757,4.77268335771662
34,029,00882279,0500000US34029,34029,Ocean,Ocean County,NJ,New Jersey,06,1627263273,742151361,34029,654362,545002,19905,2587,12621,236,48190,71391,"Ocean County, New Jersey",83.28753809053704,3.0418942420250565,0.3953469180667582,1.9287489187941844,0.03606566395970426,7.364425195839612,10.910016168420537
22,033,00558530,0500000US22033,22033,East Baton Rouge,East Baton Rouge Parish,LA,Louisiana,15,1179744890,38443657,22033,452938,192201,198154,795,14944,40,29885,31085,"East Baton Rouge Parish, Louisiana",42.434284604073845,43.748592522596915,0.17552071144395037,3.2993478136080436,0.008831230764475492,6.598033284908751,6.862970207843016
26,091,01622988,0500000US26091,26091,Lenawee,Lenawee County,MI,Michigan,06,1941553343,30470381,26091,98415,85816,2335,259,355,32,7450,8797,"Lenawee County, Michigan",87.1980897220952,2.372605801961083,0.26317126454300666,0.3607173703195651,0.03251536859218615,7.569984250368337,8.938678047045673
19,009,00465194,0500000US19009,19009,Audubon,Audubon County,IA,Iowa,06,1147264573,1152260,19009,5599,5293,28,10,3,14,187,140,"Audubon County, Iowa",94.53473834613324,0.500089301661011,0.1786033220217896,0.05358099660653688,0.2500446508305055,3.3398821218074657,2.5004465083050547
26,049,01622967,0500000US26049,26049,Genesee,Genesee County,MI,Michigan,06,1649674147,32748546,26049,403305,290657,77933,1146,4378,57,25038,17176,"Genesee County, Michigan",72.06878169127583,19.32358884715042,0.28415219250939117,1.0855308017505363,0.014133224234760293,6.208204708595232,4.258811569407768
27,075,00659484,0500000US27075,27075,Lake,Lake County,MN,Minnesota,06,5462563285,2283905281,27075,10879,10314,26,46,54,1,407,164,"Lake County, Minnesota",94.80650795109845,0.23899255446272635,0.42283298097251587,0.4963691515764317,0.009192021325489476,3.741152679474216,1.507491497380274
13,303,00348428,0500000US13303,13303,Washington,Washington County,GA,Georgia,06,1757373959,15099021,13303,19849,8370,10553,15,107,0,576,428,"Washington County, Georgia",42.16837120257947,53.166406368079,0.0755705577107159,0.5390699783364402,0.0,2.901909416091491,2.156279913345761
72,131,01804546,0500000US72131,72131,San Sebastián,San Sebastián Municipio,PR,Puerto Rico,13,182394907,2060665,72131,39088,25625,689,55,0,0,4768,38587,"San Sebastián Municipio, Puerto Rico",65.55720425706099,1.7626893164142448,0.14070814572247237,0.0,0.0,12.198117069177242,98.7182767089644
72,009,01804484,0500000US72009,72009,Aibonito,Aibonito Municipio,PR,Puerto Rico,13,81098530,67829,72009,24636,1711,330,115,0,0,21226,24558,"Aibonito Municipio, Puerto Rico",6.945120961194999,1.3395031660983925,0.4667965578827732,0.0,0.0,86.15846728364994,99.68339016074039
32,005,00858643,0500000US32005,32005,Douglas,Douglas County,NV,Nevada,06,1840283025,72182210,32005,49623,39502,134,775,1161,52,4905,6449,"Douglas County, Nevada",79.60421578703424,0.2700360719827499,1.5617757894524715,2.339640892328154,0.10479011748584326,9.884529351308869,12.9959897628116
16,061,00395622,0500000US16061,16061,Lewis,Lewis County,ID,Idaho,06,1240141960,2340247,16061,3682,3049,42,48,37,0,419,158,"Lewis County, Idaho",82.80825638240087,1.1406844106463878,1.3036393264530146,1.004888647474199,0.0,11.37968495382944,4.2911461162411735
22,027,00558505,0500000US22027,22027,Claiborne,Claiborne Parish,LA,Louisiana,15,1954908517,32473223,22027,13833,6155,6957,8,15,7,674,85,"Claiborne Parish, Louisiana",44.49504807344755,50.292778139232276,0.05783271886069544,0.10843634786380395,0.050603629003108504,4.87240656401359,0.614472637894889
50,019,01461766,0500000US50019,50019,Orleans,Orleans County,VT,Vermont,06,1798874564,71422469,50019,27606,25862,255,124,213,0,1032,527,"Orleans County, Vermont",93.68253278272839,0.9237122364703325,0.44917771498949505,0.7715713975222778,0.0,3.7383177570093453,1.909005288705354
41,035,01155134,0500000US41035,41035,Klamath,Klamath County,OR,Oregon,06,15410373388,484953082,41035,70247,54261,534,1929,726,221,9393,9748,"Klamath County, Oregon",77.24315629137187,0.7601748117357324,2.74602474127009,1.033496092359816,0.31460418238501286,13.371389525531338,13.876749185018578
26,103,01622994,0500000US26103,26103,Marquette,Marquette County,MI,Michigan,06,4685420990,4185337774,26103,67112,61199,914,708,340,7,3709,1414,"Marquette County, Michigan",91.18935510787936,1.3619024913577302,1.0549529145309333,0.5066158064131601,0.010430325426153296,5.526582429371796,2.106925736082966
08,121,00198176,0500000US08121,08121,Washington,Washington County,CO,Colorado,06,6521806795,15207397,08121,4831,4201,57,30,27,0,331,569,"Washington County, Colorado",86.95922169323121,1.1798799420409853,0.6209894431794659,0.5588904988615193,0.0,6.851583523080107,11.778099772303872
42,089,01209184,0500000US42089,42089,Monroe,Monroe County,PA,Pennsylvania,06,1575634581,22676290,42089,167515,106651,23309,366,4388,55,20893,30408,"Monroe County, Pennsylvania",63.66653732501567,13.914574814195744,0.21848789660627405,2.619466913410739,0.032832880637554844,12.472315912007879,18.15240426230487
28,009,00695729,0500000US28009,28009,Benton,Benton County,MS,Mississippi,06,1053131418,5279184,28009,7589,4613,2616,7,25,0,181,183,"Benton County, Mississippi",60.78534721307155,34.470944788509684,0.09223876663592041,0.32942416655685863,0.0,2.3850309658716564,2.411384899196205
31,161,00835902,0500000US31161,31161,Sheridan,Sheridan County,NE,Nebraska,06,6321862268,74723228,31161,5014,4075,40,506,70,0,247,270,"Sheridan County, Nebraska",81.27243717590747,0.7977662544874352,10.091743119266056,1.3960909453530115,0.0,4.9262066214599125,5.384922217790187
37,173,01008588,0500000US37173,37173,Swain,Swain County,NC,North Carolina,06,1366810476,32416167,37173,14013,8333,363,3855,69,0,1370,767,"Swain County, North Carolina",59.46620994790551,2.5904517233997004,27.51016912866624,0.4923999143652323,0.0,9.776635980874902,5.47348890316135
31,029,00835836,0500000US31029,31029,Chase,Chase County,NE,Nebraska,06,2316548816,7962797,31029,3671,2888,13,70,61,0,555,658,"Chase County, Nebraska",78.67066194497411,0.3541269408880414,1.9068373740125308,1.6616725687823481,0.0,15.118496322527921,17.92427131571779
22,015,00558453,0500000US22015,22015,Bossier,Bossier Parish,LA,Louisiana,15,2174491550,70806182,22015,129789,82341,30836,517,2105,23,11414,10784,"Bossier Parish, Louisiana",63.442202343804176,23.75856197366495,0.398338842274769,1.6218631779272512,0.0177210703526493,8.794273782832136,8.30887055143348
53,049,01513274,0500000US53049,53049,Pacific,Pacific County,WA,Washington,06,2417475212,759242682,53049,23994,19714,157,467,374,15,2243,2378,"Pacific County, Washington",82.16220721847128,0.654330249228974,1.946319913311661,1.558723014086855,0.06251562890722681,9.348170375927316,9.910811036092356
17,123,00424260,0500000US17123,17123,Marshall,Marshall County,IL,Illinois,06,1001865309,30343504,17123,11647,10812,47,13,10,2,570,409,"Marshall County, Illinois",92.83077187258522,0.40353739160298785,0.11161672533699664,0.08585901948999743,0.017171803897999483,4.893964110929853,3.5116338971408942
47,075,01639753,0500000US47075,47075,Haywood,Haywood County,TN,Tennessee,06,1380741528,2472509,47075,17475,7568,8561,23,21,0,546,844,"Haywood County, Tennessee",43.30758226037196,48.989985693848354,0.13161659513590843,0.12017167381974249,0.0,3.124463519313305,4.829756795422031
47,105,01639767,0500000US47105,47105,Loudon,Loudon County,TN,Tennessee,06,593811373,46869994,47105,58580,51108,743,59,526,0,5315,6095,"Loudon County, Tennessee",87.24479344486173,1.2683509730283373,0.100716968248549,0.897917377944691,0.0,9.073062478661658,10.404574940252646
72,113,01804537,0500000US72113,72113,Ponce,Ponce Municipio,PR,Puerto Rico,13,297688924,203748247,72113,132760,34484,5675,103,120,0,77486,131922,"Ponce Municipio, Puerto Rico",25.974691172039773,4.27463091292558,0.07758360952094004,0.0903886712865321,0.0,58.365471527568545,99.36878577884906
20,053,00484996,0500000US20053,20053,Ellsworth,Ellsworth County,KS,Kansas,06,1853331063,19969761,20053,6360,5435,219,10,29,0,631,387,"Ellsworth County, Kansas",85.45597484276729,3.443396226415094,0.15723270440251574,0.4559748427672956,0.0,9.921383647798743,6.084905660377358
55,051,01581085,0500000US55051,55051,Iron,Iron County,WI,Wisconsin,06,1963751253,416872439,55051,6210,5800,3,14,30,0,328,100,"Iron County, Wisconsin",93.39774557165862,0.04830917874396135,0.22544283413848631,0.4830917874396135,0.0,5.281803542673108,1.610305958132045
18,109,00450375,0500000US18109,18109,Morgan,Morgan County,IN,Indiana,06,1045922857,14491958,18109,72659,68339,576,14,363,0,2761,1560,"Morgan County, Indiana",94.05441858544708,0.7927441886070549,0.019268087917532584,0.4995939938617377,0.0,3.7999421957362474,2.147015510810774
51,770,01498439,0500000US51770,51770,Roanoke,Roanoke city,VA,Virginia,25,110129436,855753,51770,98355,55840,27466,136,3082,95,8852,8823,"Roanoke city, Virginia",56.77393116770881,27.925372375578263,0.13827461745717046,3.133546845610289,0.09658888719434701,9.000050836256419,8.970565807533932
48,419,01383995,0500000US48419,48419,Shelby,Shelby County,TX,Texas,06,2060566466,101081677,48419,24155,15508,3649,493,9,177,2624,4802,"Shelby County, Texas",64.2020285655144,15.10660318774581,2.040985303249845,0.03725936659076796,0.7327675429517698,10.863175326019457,19.879942040985306
16,011,00400593,0500000US16011,16011,Bingham,Bingham County,ID,Idaho,06,5422741969,68632371,16011,49664,38331,96,2598,144,17,4875,8829,"Bingham County, Idaho",77.18065399484536,0.19329896907216496,5.231153350515464,0.28994845360824745,0.03423002577319587,9.815963273195877,17.777464561855673
05,049,00066854,0500000US05049,05049,Fulton,Fulton County,AR,Arkansas,06,1600597353,6357861,05049,12302,11369,42,89,29,0,616,238,"Fulton County, Arkansas",92.41586733864412,0.3414079011542839,0.7234596000650301,0.23573402698748172,0.0,5.0073158835961635,1.9346447732076086
22,065,00558088,0500000US22065,22065,Madison,Madison Parish,LA,Louisiana,15,1616604801,68460376,22065,9513,3147,5887,24,0,0,405,245,"Madison Parish, Louisiana",33.08104698833176,61.88373804267844,0.25228634500157676,0.0,0.0,4.257332071901608,2.57542310522443
08,119,00198175,0500000US08119,08119,Teller,Teller County,CO,Colorado,06,1442988176,4960197,08119,24825,21374,215,47,81,13,2571,1919,"Teller County, Colorado",86.09869083585096,0.866062437059416,0.18932527693857,0.32628398791540786,0.05236656596173213,10.356495468277945,7.730110775427996
40,017,01101796,0500000US40017,40017,Canadian,Canadian County,OK,Oklahoma,06,2322112748,23146754,40017,168985,122750,6586,5887,5289,269,20671,20269,"Canadian County, Oklahoma",72.63958339497589,3.8973873420717813,3.483741160458029,3.1298635973607123,0.15918572654377605,12.232446666863924,11.994555729798503
51,047,01497831,0500000US51047,51047,Culpeper,Culpeper County,VA,Virginia,06,982076138,9005667,51047,54397,36381,6994,154,613,27,4420,8473,"Culpeper County, Virginia",66.88052649962314,12.857326690810156,0.28310384763865654,1.1269003805356912,0.049635090170413815,8.125448094564039,15.576226630145046
40,077,01101826,0500000US40077,40077,Latimer,Latimer County,OK,Oklahoma,06,1870249269,18237494,40077,9518,5907,128,2441,26,0,935,391,"Latimer County, Oklahoma",62.061357428031094,1.3448203404076486,25.64614414793024,0.27316663164530364,0.0,9.823492330321496,4.10800588358899
26,079,01622982,0500000US26079,26079,Kalkaska,Kalkaska County,MI,Michigan,06,1449729130,28020186,26079,18239,16970,148,38,91,0,821,417,"Kalkaska County, Michigan",93.04238170952355,0.8114479960524152,0.20834475574318767,0.4989308624376337,0.0,4.50134327539887,2.2863095564449805
12,053,00295751,0500000US12053,12053,Hernando,Hernando County,FL,Florida,06,1224983072,627920761,12053,207018,157911,10207,611,2835,223,24071,35111,"Hernando County, Florida",76.27887430078543,4.930489136210378,0.2951434174806056,1.3694461351186853,0.10772010163367436,11.627491329256392,16.96036093479794
28,157,00695799,0500000US28157,28157,Wilkinson,Wilkinson County,MS,Mississippi,06,1756287539,25018736,28157,8162,2322,5482,0,0,0,195,67,"Wilkinson County, Mississippi",28.448909580985056,67.16491056113698,0.0,0.0,0.0,2.3891203136486157,0.8208772359715757
40,107,01101841,0500000US40107,40107,Okfuskee,Okfuskee County,OK,Oklahoma,06,1601800028,26649343,40107,11278,6943,737,2063,113,0,1368,442,"Okfuskee County, Oklahoma",61.56233374711828,6.534846604007803,18.292250399006914,1.0019507004788084,0.0,12.129810250044335,3.919134598333038
55,078,01581099,0500000US55078,55078,Menominee,Menominee County,WI,Wisconsin,06,926217566,19022479,55078,4252,567,35,3504,2,0,127,216,"Menominee County, Wisconsin",13.334901222953905,0.8231420507996237,82.40827845719662,0.047036688617121354,0.0,2.986829727187206,5.079962370649106
39,097,01074061,0500000US39097,39097,Madison,Madison County,OH,Ohio,06,1208715706,2129636,39097,44423,38508,1919,85,562,14,2946,1395,"Madison County, Ohio",86.68482542826914,4.319834320059428,0.19134232267068862,1.2651104157756117,0.03151520608693695,6.631699795151161,3.14026517794836
26,129,01623007,0500000US26129,26129,Ogemaw,Ogemaw County,MI,Michigan,06,1459466626,29641292,26129,20885,19455,117,60,162,2,975,470,"Ogemaw County, Michigan",93.15298060809192,0.5602106775197511,0.28728752693320564,0.7756763227196553,0.009576250897773522,4.668422312664592,2.2504189609767775
29,157,00758533,0500000US29157,29157,Perry,Perry County,MO,Missouri,06,1228574129,25394864,29157,18976,17862,131,13,156,0,683,467,"Perry County, Missouri",94.12942664418212,0.690345699831366,0.06850758853288365,0.8220910623946037,0.0,3.599283305227656,2.4610033726812817
48,135,01383853,0500000US48135,48135,Ector,Ector County,TX,Texas,06,2325508519,10188915,48135,164654,79219,7352,942,2015,346,41902,104530,"Ector County, Texas",48.11240540770343,4.465120798765897,0.5721087856960657,1.2237783473222636,0.21013762192233412,25.44851628262903,63.48464051890631
12,051,00307626,0500000US12051,12051,Hendry,Hendry County,FL,Florida,06,2993896404,86578552,12051,42382,19973,4805,1290,489,0,13046,24422,"Hendry County, Florida",47.12613845500449,11.337360200084943,3.043744986078996,1.1537917040252939,0.0,30.78193572743146,57.623519418621115
28,067,00695757,0500000US28067,28067,Jones,Jones County,MS,Mississippi,06,1799639020,12681687,28067,66472,42657,18974,462,256,0,2277,4177,"Jones County, Mississippi",64.17288482368517,28.544349500541582,0.6950294860994103,0.38512456372608017,0.0,3.425502467204236,6.283848838608737
34,035,00882234,0500000US34035,34035,Somerset,Somerset County,NJ,New Jersey,06,781832071,7993022,34035,349846,180538,33390,1478,68731,30,36420,61585,"Somerset County, New Jersey",51.60499191072644,9.544199447757013,0.42247160179050214,19.646072843479704,0.008575201660159041,10.410294815433076,17.603459808029818
17,111,01784815,0500000US17111,17111,McHenry,McHenry County,IL,Illinois,06,1562790267,19871804,17111,312591,248630,4755,1185,9760,47,33870,50243,"McHenry County, Illinois",79.53843840673596,1.5211570390702227,0.3790896091058284,3.1222907889222657,0.015035621626982224,10.83524477672102,16.073079519243997
19,091,00465234,0500000US19091,19091,Humboldt,Humboldt County,IA,Iowa,06,1125017997,3373409,19091,9591,8738,32,16,98,70,359,551,"Humboldt County, Iowa",91.10624543843187,0.33364612657699927,0.16682306328849963,1.0217912626420602,0.7298509018871859,3.743092482535711,5.7449692419977065
37,015,01026334,0500000US37015,37015,Bertie,Bertie County,NC,North Carolina,06,1810858588,109120751,37015,17170,5934,10238,76,130,1,536,422,"Bertie County, North Carolina",34.5602795573675,59.62725684333139,0.4426324985439721,0.7571345369831101,0.005824111822947,3.1217239370995924,2.457775189283634
19,103,00465240,0500000US19103,19103,Johnson,Johnson County,IA,Iowa,06,1587655794,26070847,19103,156639,119654,12059,273,8849,31,12096,10554,"Johnson County, Iowa",76.38838348048698,7.698593581419698,0.17428609733208206,5.649295513888623,0.019790729001078915,7.722214774098404,6.737785608947963
47,007,01639725,0500000US47007,47007,Bledsoe,Bledsoe County,TN,Tennessee,06,1052973468,858669,47007,15032,13213,910,45,26,0,664,525,"Bledsoe County, Tennessee",87.89914848323576,6.053751995742416,0.29936136242682276,0.1729643427354976,0.0,4.417243214475785,3.492549228312932
45,069,01248011,0500000US45069,45069,Marlboro,Marlboro County,SC,South Carolina,06,1242867262,14489019,45069,25975,10179,12429,786,107,0,2064,708,"Marlboro County, South Carolina",39.18768046198268,47.84985563041386,3.0259865255052936,0.4119345524542829,0.0,7.946102021174206,2.7256977863330123
26,071,01622978,0500000US26071,26071,Iron,Iron County,MI,Michigan,06,3020175216,116800609,26071,11667,10646,110,101,69,0,572,268,"Iron County, Michigan",91.24882146224394,0.94283020485129,0.8656895517270936,0.5914116739521729,0.0,4.902717065226708,2.297077226364961
27,055,00659473,0500000US27055,27055,Houston,Houston County,MN,Minnesota,06,1429966786,43313922,27055,18653,17487,50,45,166,0,798,289,"Houston County, Minnesota",93.74899479976412,0.2680533962365303,0.2412480566128773,0.8899372755052806,0.0,4.278132203935024,1.5493486302471453
27,169,00659529,0500000US27169,27169,Winona,Winona County,MN,Minnesota,06,1621791130,40051875,27169,49779,44707,958,202,1089,3,2435,1930,"Winona County, Minnesota",89.81096446292614,1.9245063179252297,0.40579360774623835,2.187669499186404,0.00602663773880552,4.891620964663814,3.877136945298218
05,129,00069180,0500000US05129,05129,Searcy,Searcy County,AR,Arkansas,06,1724618523,6461828,05129,7859,6951,2,126,37,0,714,175,"Searcy County, Arkansas",88.4463672222929,0.025448530347372437,1.6032574118844636,0.4707978114263901,0.0,9.08512533401196,2.226746405395088
37,041,01025822,0500000US37041,37041,Chowan,Chowan County,NC,North Carolina,06,447179939,157966156,37041,13836,8353,4522,0,9,0,632,554,"Chowan County, North Carolina",60.37149465163342,32.68285631685458,0.0,0.06504770164787511,0.0,4.567794160161896,4.004047412546979
29,035,00758472,0500000US29035,29035,Carter,Carter County,MO,Missouri,06,1314052440,4304986,29035,5297,4905,22,0,2,0,364,121,"Carter County, Missouri",92.59958467056825,0.4153294317538229,0.0,0.037757221068529356,0.0,6.8718142344723425,2.284311874646026
05,005,00069895,0500000US05005,05005,Baxter,Baxter County,AR,Arkansas,06,1434675041,84916244,05005,42407,39118,136,171,294,6,2452,1222,"Baxter County, Arkansas",92.24420496616125,0.3207017709340439,0.4032353149244229,0.6932817695191831,0.014148607541207819,5.782064281840262,2.8815997358926593
34,027,00882231,0500000US34027,34027,Morris,Morris County,NJ,New Jersey,06,1194048303,53103740,34027,514528,351230,16796,719,55451,63,61467,82208,"Morris County, New Jersey",68.26256297033397,3.264351016854282,0.13973972261956588,10.777061695379066,0.012244231606443187,11.946288637353069,15.977361776229865
40,137,01101856,0500000US40137,40137,Stephens,Stephens County,OK,Oklahoma,06,2253839277,54824811,40137,43551,34862,644,1434,255,22,5569,3783,"Stephens County, Oklahoma",80.04867856076784,1.4787260912493398,3.2926913274092446,0.5855204243300958,0.05051548758926316,12.787306835663934,8.686367706826479
29,187,00758548,0500000US29187,29187,St. Francois,St. Francois County,MO,Missouri,06,1170380016,7218075,29187,66999,60518,1873,239,253,18,3501,1268,"St. Francois County, Missouri",90.32672129434768,2.7955641128972077,0.35672174211555396,0.37761757638173704,0.026866072627949673,5.225451126136211,1.8925655606800103
26,077,01622981,0500000US26077,26077,Kalamazoo,Kalamazoo County,MI,Michigan,06,1455457976,47507421,26077,262375,199261,28850,954,7470,41,20489,15483,"Kalamazoo County, Michigan",75.94511672224868,10.995712243925679,0.3636017151024297,2.8470700333492136,0.015626488804192474,7.809051929490233,5.90109575988566
37,171,01008587,0500000US37171,37171,Surry,Surry County,NC,North Carolina,06,1379543351,10391163,37171,71425,59905,2692,253,476,38,5304,8952,"Surry County, North Carolina",83.87119355967798,3.768988449422471,0.3542177108855443,0.6664333216660833,0.053202660133006646,7.425971298564928,12.533426671333567
18,071,00451678,0500000US18071,18071,Jackson,Jackson County,IN,Indiana,06,1320836467,10174044,18071,46660,37337,276,1005,1043,0,4633,6707,"Jackson County, Indiana",80.0192884697814,0.5915130732961852,2.15387912558937,2.2353193313330477,0.0,9.929275610801543,14.374196313759107
51,036,01480109,0500000US51036,51036,Charles City,Charles City County,VA,Virginia,06,473711548,55274680,51036,6627,2977,2701,367,71,4,466,138,"Charles City County, Virginia",44.92228761128716,40.7575071676475,5.537950807303456,1.0713746793420855,0.06035913686434284,7.03183944469594,2.082390221819828
21,177,00516935,0500000US21177,21177,Muhlenberg,Muhlenberg County,KY,Kentucky,06,1210249680,31390324,21177,30591,28163,620,34,318,2,1341,626,"Muhlenberg County, Kentucky",92.06302507273381,2.0267398908175607,0.11114380046418881,1.0395214278709426,0.006537870615540518,4.3836422477199175,2.046353502664182
72,153,01804557,0500000US72153,72153,Yauco,Yauco Municipio,PR,Puerto Rico,13,175373923,1623261,72153,32993,23926,526,20,22,0,3824,32808,"Yauco Municipio, Puerto Rico",72.51841299669627,1.594277574030855,0.0606189191646713,0.06668081108113842,0.0,11.590337344285151,99.43927499772678
37,195,01008596,0500000US37195,37195,Wilson,Wilson County,NC,North Carolina,06,952013025,14332439,37195,79290,36124,30773,219,910,0,4495,9830,"Wilson County, North Carolina",45.55933913482154,38.81069491739185,0.27620128641695046,1.1476857106823053,0.0,5.669062933535124,12.397528061546224
46,119,01266982,0500000US46119,46119,Sully,Sully County,SD,South Dakota,06,2607411018,164375674,46119,1526,1320,69,60,0,0,71,0,"Sully County, South Dakota",86.50065530799476,4.521625163826998,3.9318479685452163,0.0,0.0,4.652686762778506,0.0
02,105,02371430,0500000US02105,02105,Hoonah-Angoon,Hoonah-Angoon Census Area,AK,Alaska,05,16978039504,7804886155,02105,2311,1144,14,607,61,9,415,255,"Hoonah-Angoon Census Area, Alaska",49.502379922111636,0.6057983556901774,26.265685850281262,2.6395499783643444,0.38944180008654267,17.95759411510169,11.034184335785374
41,011,01135848,0500000US41011,41011,Coos,Coos County,OR,Oregon,06,4133733922,544707632,41011,64827,54632,415,1073,771,53,6926,4720,"Coos County, Oregon",84.27352800530643,0.6401653631974331,1.6551745414719174,1.1893192651210143,0.08175605843244327,10.683820013266079,7.280916901908155
54,089,01557805,0500000US54089,54089,Summers,Summers County,WV,West Virginia,06,933921629,18478895,54089,11729,10651,718,27,0,0,266,157,"Summers County, West Virginia",90.80910563560406,6.121578992241453,0.23019865291158667,0.0,0.0,2.267883024980817,1.3385625373007077
26,127,01623006,0500000US26127,26127,Oceana,Oceana County,MI,Michigan,06,1393686390,1988709489,26127,26915,23001,273,178,38,1,2423,4181,"Oceana County, Michigan",85.45792309121308,1.0143042912873863,0.6613412595207133,0.14118521270666914,0.00371540033438603,9.00241501021735,15.534088798067991
27,051,00659471,0500000US27051,27051,Grant,Grant County,MN,Minnesota,06,1418795382,71705190,27051,6127,5759,40,23,4,0,239,164,"Grant County, Minnesota",93.99379794352865,0.6528480496164518,0.3753876285294598,0.06528480496164518,0.0,3.900767096458299,2.6766770034274523
19,019,00465199,0500000US19019,19019,Buchanan,Buchanan County,IA,Iowa,06,1479086714,5223045,19019,20694,19862,124,58,40,13,517,400,"Buchanan County, Iowa",95.9795109693631,0.599207499758384,0.2802744756934377,0.19329274185754325,0.06282014110370156,2.4983086885087467,1.9329274185754326
22,119,00559567,0500000US22119,22119,Webster,Webster Parish,LA,Louisiana,15,1536688180,55947134,22119,35820,22192,12045,120,97,38,1169,841,"Webster Parish, Louisiana",61.954215522054724,33.62646566164154,0.33500837520938026,0.27079843662758235,0.10608598548297041,3.2635399218313794,2.34785036292574
19,037,00465208,0500000US19037,19037,Chickasaw,Chickasaw County,IA,Iowa,06,1306192614,3455451,19037,11807,11154,64,46,2,2,455,545,"Chickasaw County, Iowa",94.46938256966206,0.5420513254848819,0.3895993901922588,0.01693910392140256,0.01693910392140256,3.8536461421190817,4.615905818582197
17,193,00424297,0500000US17193,17193,White,White County,IL,Illinois,06,1281999217,17833682,17193,13619,13030,78,6,35,0,408,221,"White County, Illinois",95.6751597033556,0.5727292752771863,0.044056098098245094,0.25699390557309637,0.0,2.9958146706806668,1.6227329466186946
48,133,01383852,0500000US48133,48133,Eastland,Eastland County,TX,Texas,06,2399644791,14002299,48133,18011,14545,388,90,85,7,2671,3109,"Eastland County, Texas",80.75620454166898,2.154239076120149,0.4996946310587974,0.47193381822219754,0.0388651379712398,14.829826217311643,17.26167342179779
21,109,00516901,0500000US21109,21109,Jackson,Jackson County,KY,Kentucky,06,894134829,3328475,21109,13086,12668,30,19,6,0,360,142,"Jackson County, Kentucky",96.80574659941922,0.22925263640531865,0.14519333639003515,0.04585052728106373,0.0,2.7510316368638237,1.0851291456518415
08,065,00198149,0500000US08065,08065,Lake,Lake County,CO,Colorado,06,976215864,18111565,08065,7380,4739,4,35,11,0,1709,2423,"Lake County, Colorado",64.21409214092141,0.05420054200542006,0.47425474254742545,0.14905149051490515,0.0,23.15718157181572,32.831978319783204
48,417,01383994,0500000US48417,48417,Shackelford,Shackelford County,TX,Texas,06,2367989254,3268209,48417,3175,2657,27,14,1,0,304,411,"Shackelford County, Texas",83.68503937007874,0.8503937007874015,0.4409448818897638,0.031496062992125984,0.0,9.5748031496063,12.94488188976378
48,257,01383914,0500000US48257,48257,Kaufman,Kaufman County,TX,Texas,06,2022223760,69501259,48257,172604,93550,32086,1450,3293,30,31794,47209,"Kaufman County, Texas",54.19920743435842,18.589372204583903,0.8400732312113277,1.9078352761233808,0.017380825473337816,18.420198836643415,27.351046325693495
48,203,01383887,0500000US48203,48203,Harrison,Harrison County,TX,Texas,06,2331141019,40649337,48203,70155,43784,14260,233,337,29,7998,10404,"Harrison County, Texas",62.41037702230775,20.32642006984534,0.33212173045399473,0.4803649062789538,0.04133703941272896,11.400470387000214,14.830019243104553
36,023,00974110,0500000US36023,36023,Cortland,Cortland County,NY,New York,06,1291817953,7110638,36023,46246,41609,861,27,656,4,2539,1666,"Cortland County, New York",89.9731868702158,1.861782640660814,0.05838342775591403,1.4185010595510963,0.008649396704579855,5.4902045582320635,3.60247372745751
31,071,00835857,0500000US31071,31071,Garfield,Garfield County,NE,Nebraska,06,1474558344,5321553,31071,1718,1691,4,2,0,0,21,29,"Garfield County, Nebraska",98.42840512223515,0.23282887077997672,0.11641443538998836,0.0,0.0,1.2223515715948778,1.6880093131548313
22,097,01629479,0500000US22097,22097,St. Landry,St. Landry Parish,LA,Louisiana,15,2393224007,39013551,22097,81670,42790,32754,81,473,210,3548,2510,"St. Landry Parish, Louisiana",52.39377984572058,40.10530182441533,0.09917962532141546,0.5791600342843148,0.25713236194441047,4.344312477041753,3.073343945145096
36,105,00974150,0500000US36105,36105,Sullivan,Sullivan County,NY,New York,06,2507484145,73737482,36105,79721,55728,7374,512,1696,21,8301,15158,"Sullivan County, New York",69.90378946576185,9.249758532883432,0.6422398113420554,2.1274193750705583,0.026341867262076494,10.41256381630938,19.013810664693118
51,680,01498429,0500000US51680,51680,Lynchburg,Lynchburg city,VA,Virginia,25,126848431,1422888,51680,79497,48749,21589,259,1833,120,4996,4041,"Lynchburg city, Virginia",61.32181088594538,27.156999635206358,0.32579845780343913,2.305747386693837,0.15094909241858184,6.284513881026957,5.083210687195743
06,075,00277302,0500000US06075,06075,San Francisco,San Francisco County,CA,California,06,121045788,479608103,06075,830235,324342,41333,6059,292167,2928,98528,134659,"San Francisco County, California",39.066288460496125,4.978469951278855,0.7297933717561895,35.19087969068998,0.3526712316392347,11.867483302920258,16.219383668479406
20,181,00485053,0500000US20181,20181,Sherman,Sherman County,KS,Kansas,06,2735193250,548248,20181,5858,5134,104,0,7,0,320,761,"Sherman County, Kansas",87.64083304882212,1.7753499487879822,0.0,0.1194947080914988,0.0,5.4626152270399455,12.990781836804368
39,147,01074086,0500000US39147,39147,Seneca,Seneca County,OH,Ohio,06,1427151722,4576816,39147,54770,49062,1358,107,301,12,2771,3123,"Seneca County, Ohio",89.57823626072667,2.479459558152273,0.19536242468504655,0.5495709329925141,0.021909804637575317,5.059339054226767,5.702026656928975
17,203,01785231,0500000US17203,17203,Woodford,Woodford County,IL,Illinois,06,1366366884,39858698,17203,38312,36040,232,65,229,0,1528,798,"Woodford County, Illinois",94.06974316141157,0.6055543954896638,0.16965963666736272,0.597723950720401,0.0,3.988306535811234,2.08289830862393
48,481,01384026,0500000US48481,48481,Wharton,Wharton County,TX,Texas,06,2813095079,21310003,48481,41794,24009,4779,122,209,0,8161,17560,"Wharton County, Texas",57.44604488682587,11.434655692204624,0.2919079293678518,0.5000717806383692,0.0,19.52672632435278,42.01560032540556
29,177,00758543,0500000US29177,29177,Ray,Ray County,MO,Missouri,06,1473655261,13412073,29177,23145,21423,182,317,76,2,943,667,"Ray County, Missouri",92.5599481529488,0.7863469431842731,1.3696262691726075,0.3283646575934327,0.008641175199827177,4.074314106718513,2.8818319291423635
51,678,01789071,0500000US51678,51678,Lexington,Lexington city,VA,Virginia,25,6473000,67783,51678,7525,6220,437,56,262,0,539,472,"Lexington city, Virginia",82.65780730897009,5.807308970099668,0.7441860465116279,3.4817275747508307,0.0,7.162790697674419,6.272425249169435
05,003,00063756,0500000US05003,05003,Ashley,Ashley County,AR,Arkansas,06,2397012347,38656004,05003,18429,12681,4366,39,0,54,1204,1176,"Ashley County, Arkansas",68.81002767377502,23.69092191654458,0.21162298551196485,0.0,0.2930164414781052,6.533181398882197,6.381246947745402
54,033,01718426,0500000US54033,54033,Harrison,Harrison County,WV,West Virginia,06,1077456354,1318839,54033,64984,60111,974,77,553,1,3040,1472,"Harrison County, West Virginia",92.50123107226395,1.4988304813492552,0.11849070540440725,0.8509787024498339,0.001538840329927367,4.678074602979195,2.265172965653084
55,077,01581098,0500000US55077,55077,Marquette,Marquette County,WI,Wisconsin,06,1180290403,22667821,55077,15746,14675,77,42,72,0,652,582,"Marquette County, Wisconsin",93.19827257716246,0.48901308268766674,0.26673440873872734,0.4572589864092468,0.0,4.1407341547059575,3.6961768068080785
05,007,00069896,0500000US05007,05007,Benton,Benton County,AR,Arkansas,06,2195618068,94872593,05007,303632,183388,5479,3417,14007,2274,82069,56188,"Benton County, Arkansas",60.398113505822835,1.804487010591769,1.1253754544975496,4.613150129103652,0.7489329187964378,27.0291010170206,18.505295884491755
29,091,00758500,0500000US29091,29091,Howell,Howell County,MO,Missouri,06,2401376474,2920041,29091,40383,37171,216,107,183,2,2060,1042,"Howell County, Missouri",92.04615803679766,0.5348785379986628,0.26496297947155983,0.4531609835822004,0.004952579055543175,5.10115642720947,2.5802936879379934
12,095,00295750,0500000US12095,12095,Orange,Orange County,FL,Florida,06,2338564130,260321773,12095,1471937,618799,293693,4450,79590,1385,328791,497773,"Orange County, Florida",42.0397748001443,19.952824067877906,0.3023227216925724,5.407160768429628,0.09409370102117143,22.337301120903952,33.81754789777008
18,041,00450349,0500000US18041,18041,Fayette,Fayette County,IN,Indiana,06,556901577,366408,18041,23334,21919,316,33,17,9,776,318,"Fayette County, Indiana",93.9358875460701,1.354247021513671,0.1414245307276935,0.07285506128396331,0.03857032656209823,3.3256192680209136,1.3628182051941373
40,027,01101801,0500000US40027,40027,Cleveland,Cleveland County,OK,Oklahoma,06,1395713124,49261324,40027,300047,209137,14586,12092,14138,184,41935,33060,"Cleveland County, Oklahoma",69.7014134452269,4.8612384059830624,4.030035294470533,4.711928464540556,0.061323725949601234,13.976143737481127,11.018273803770743
29,183,00758546,0500000US29183,29183,St. Charles,St. Charles County,MO,Missouri,06,1451692060,82663660,29183,414535,348354,21335,333,12632,187,26513,17405,"St. Charles County, Missouri",84.0348824586585,5.146730674128843,0.08033097325919403,3.0472698324628804,0.04511078678519305,6.39584112318622,4.198680449177995
48,185,01383878,0500000US48185,48185,Grimes,Grimes County,TX,Texas,06,2039528341,36609847,48185,31340,19177,3586,175,116,51,4992,7998,"Grimes County, Texas",61.19017230376515,11.442246330567963,0.5583918315252073,0.37013401403956603,0.16273133375877472,15.928525845564772,25.520102105934907
21,119,00516906,0500000US21119,21119,Knott,Knott County,KY,Kentucky,06,910442831,3438036,21119,13830,13404,161,21,25,0,184,80,"Knott County, Kentucky",96.91973969631236,1.1641359363702097,0.15184381778741865,0.18076644974692696,0.0,1.3304410701373826,0.5784526391901663
20,111,00485020,0500000US20111,20111,Lyon,Lyon County,KS,Kansas,06,2194958230,20561826,20111,32186,23027,452,149,665,4,6169,7780,"Lyon County, Kansas",71.54352824209283,1.4043372895047537,0.4629341949916112,2.066115702479339,0.012427763623935873,19.1667184490151,24.17200024855527
47,167,01639795,0500000US47167,47167,Tipton,Tipton County,TN,Tennessee,06,1180026942,32703276,47167,61553,45987,11214,150,281,0,3331,1916,"Tipton County, Tennessee",74.71122447321821,18.218445892157977,0.2436924276639644,0.45651714782382663,0.0,5.411596510324436,3.1127646093610384
21,013,00516853,0500000US21013,21013,Bell,Bell County,KY,Kentucky,06,929803436,5484276,21013,23509,21769,705,27,61,0,867,114,"Bell County, Kentucky",92.59857926751457,2.998851503679442,0.11484963205580842,0.2594750946446042,0.0,3.6879492960142923,0.48492066868007994
45,001,01245666,0500000US45001,45001,Abbeville,Abbeville County,SC,South Carolina,06,1272188737,53216416,45001,24420,16916,6212,5,50,21,1006,526,"Abbeville County, South Carolina",69.27108927108927,25.438165438165438,0.020475020475020478,0.20475020475020475,0.085995085995086,4.11957411957412,2.153972153972154
40,093,01101831,0500000US40093,40093,Major,Major County,OK,Oklahoma,06,2473438557,7651009,40093,7628,6399,1,67,40,49,770,837,"Major County, Oklahoma",83.8883062401678,0.013109596224436287,0.8783429470372313,0.5243838489774515,0.6423702149973781,10.094389092815941,10.972732039853172
46,025,01266985,0500000US46025,46025,Clark,Clark County,SD,South Dakota,06,2479944305,25864874,46025,3917,3558,21,29,27,0,274,209,"Clark County, South Dakota",90.83482256829207,0.5361245851416901,0.7403625223385244,0.6893030380393158,0.0,6.995149348991575,5.335716109267297
46,135,01266975,0500000US46135,46135,Yankton,Yankton County,SD,South Dakota,06,1349873581,28676615,46135,23414,20564,385,643,75,0,1464,1370,"Yankton County, South Dakota",87.82779533612369,1.6443153668745196,2.7462202101306907,0.32032117536516613,0.0,6.252669343128043,5.851200136670368
01,103,00161578,0500000US01103,01103,Morgan,Morgan County,AL,Alabama,06,1501335545,50196377,01103,124471,91891,16241,1007,760,252,8516,13160,"Morgan County, Alabama",73.82522836644681,13.048019217327731,0.8090237886736671,0.6105839914518242,0.20245679716560483,6.84175430421544,10.572743851981587
39,009,01074018,0500000US39009,39009,Athens,Athens County,OH,Ohio,06,1304431982,12361693,39009,61737,55392,1368,24,1299,0,3280,1422,"Athens County, Ohio",89.72253267894456,2.2158511103552168,0.03887458088342485,2.10408669031537,0.0,5.312859387401396,2.3033189173429225
28,021,00695735,0500000US28021,28021,Claiborne,Claiborne County,MS,Mississippi,06,1262400025,35711134,28021,8582,953,7389,10,12,0,213,25,"Claiborne County, Mississippi",11.104637613609881,86.09881146585877,0.11652295502213937,0.13982754602656725,0.0,2.4819389419715683,0.2913073875553484
13,131,00351261,0500000US13131,13131,Grady,Grady County,GA,Georgia,06,1177051419,15026664,13131,26108,15121,7545,102,51,0,1024,3484,"Grady County, Georgia",57.91711352842041,28.89918798835606,0.39068484755630456,0.19534242377815228,0.0,3.9221694499770186,13.344568714570245
72,081,01804521,0500000US72081,72081,Lares,Lares Municipio,PR,Puerto Rico,13,159155345,485277,72081,27855,19162,626,14,16,0,4900,27716,"Lares Municipio, Puerto Rico",68.79195835577096,2.2473523604379824,0.05026027643152037,0.057440315921737574,0.0,17.591096751032133,99.5009872554299
29,111,00758510,0500000US29111,29111,Lewis,Lewis County,MO,Missouri,06,1307990182,14964045,29111,9924,9100,383,2,50,0,383,111,"Lewis County, Missouri",91.69689641273679,3.859330914953648,0.02015316404675534,0.5038291011688835,0.0,3.859330914953648,1.1185006045949213
28,153,00695797,0500000US28153,28153,Wayne,Wayne County,MS,Mississippi,06,2099745602,7255476,28153,19718,11143,7465,12,117,0,911,433,"Wayne County, Mississippi",56.51181661426108,37.85880920985901,0.06085809919870169,0.5933664671873415,0.0,4.62014403083477,2.1959630794198195
39,037,01074031,0500000US39037,39037,Darke,Darke County,OH,Ohio,06,1549077538,4244898,39037,51594,49090,293,3,297,0,1568,966,"Darke County, Ohio",95.1467224871109,0.5678954917238439,0.005814629608093964,0.5756483312013024,0.0,3.0391130751637787,1.8723107338062568
30,073,01719587,0500000US30073,30073,Pondera,Pondera County,MT,Montana,06,4207608374,43980663,30073,6035,4788,1,910,60,0,263,154,"Pondera County, Montana",79.33719966859984,0.016570008285004142,15.07870753935377,0.9942004971002486,0.0,4.35791217895609,2.551781275890638
72,127,01804544,0500000US72127,72127,San Juan,San Juan Municipio,PR,Puerto Rico,13,124024378,75273472,72127,336160,77702,33372,906,683,19,123887,330223,"San Juan Municipio, Puerto Rico",23.114588291289863,9.927415516420753,0.26951451689671585,0.2031770585435507,0.005652070442646358,36.85358162779629,98.23387672536887
20,159,00485043,0500000US20159,20159,Rice,Rice County,KS,Kansas,06,1880936102,4482698,20159,9350,7379,169,70,3,0,1302,1305,"Rice County, Kansas",78.91978609625669,1.8074866310160427,0.7486631016042781,0.0320855614973262,0.0,13.925133689839573,13.9572192513369
41,027,01155131,0500000US41027,41027,Hood River,Hood River County,OR,Oregon,06,1352455750,29044350,41027,23905,16162,236,115,190,33,5431,7325,"Hood River County, Oregon",67.60928676009203,0.9872411629366241,0.48107090566827027,0.794812800669316,0.13804643380046017,22.719096423342396,30.642125078435473
42,041,01209176,0500000US42041,42041,Cumberland,Cumberland County,PA,Pennsylvania,06,1412792050,12666487,42041,268323,220348,11921,110,15553,1,16191,13809,"Cumberland County, Pennsylvania",82.12042948237757,4.442779784066218,0.04099536752346985,5.796372282659332,0.00037268515930427137,6.034145414295457,5.146409364832683
21,123,00516908,0500000US21123,21123,Larue,Larue County,KY,Kentucky,06,676090529,6721655,21123,15107,13764,318,7,3,0,744,502,"Larue County, Kentucky",91.11008141920965,2.1049844442973455,0.04633613556629377,0.019858343814125903,0.0,4.924869265903223,3.3229628648970673
42,061,01213672,0500000US42061,42061,Huntingdon,Huntingdon County,PA,Pennsylvania,06,2265182342,37851956,42061,43653,39268,2020,49,239,1,1742,911,"Huntingdon County, Pennsylvania",89.95487137195612,4.62740246947518,0.1122488717842989,0.5474995991111722,0.002290793301720386,3.990561931596912,2.0869126978672714
55,081,01581101,0500000US55081,55081,Monroe,Monroe County,WI,Wisconsin,06,2333329773,18586766,55081,46208,41596,701,395,423,1,1990,2664,"Monroe County, Wisconsin",90.01904432132964,1.5170533240997228,0.8548303324099723,0.9154259002770082,0.002164127423822715,4.306613573407202,5.765235457063712
19,113,00465245,0500000US19113,19113,Linn,Linn County,IA,Iowa,06,1857048426,19835228,19113,230004,192362,13735,507,5504,53,15022,9482,"Linn County, Iowa",83.63419766612753,5.971635275908245,0.22043094902697344,2.393001860837203,0.02304307751169545,6.531190761899793,4.122536999356533
17,179,01785094,0500000US17179,17179,Tazewell,Tazewell County,IL,Illinois,06,1674346566,29712323,17179,130290,121337,2101,171,1283,33,4715,3503,"Tazewell County, Illinois",93.1284058638422,1.612556604497659,0.13124568270780568,0.9847263796147057,0.025328114206769514,3.6188502571187353,2.6886176989792
05,099,00069169,0500000US05099,05099,Nevada,Nevada County,AR,Arkansas,06,1600067809,7489490,05099,8159,5328,2580,0,0,7,134,392,"Nevada County, Arkansas",65.30212035788699,31.621522245373207,0.0,0.0,0.0857948277975242,1.6423581321240346,4.804510356661355
13,019,00326638,0500000US13019,13019,Berrien,Berrien County,GA,Georgia,06,1174239570,11671125,13019,18352,14987,2054,31,22,28,1003,1127,"Berrien County, Georgia",81.66412380122058,11.1922406277245,0.16891891891891891,0.11987794245858763,0.15257192676547515,5.4653443766346985,6.141020052310375
22,063,00558083,0500000US22063,22063,Livingston,Livingston Parish,LA,Louisiana,15,1678652694,112175420,22063,148115,120280,13284,280,1081,1,8474,9830,"Livingston Parish, Louisiana",81.20717010431085,8.968706748134895,0.18904229821422544,0.7298383013199203,0.0006751510650508052,5.721230125240523,6.636734969449415
47,045,01639741,0500000US47045,47045,Dyer,Dyer County,TN,Tennessee,06,1326982067,35839863,47045,36508,28284,5490,23,226,0,1916,1444,"Dyer County, Tennessee",77.47343048099047,15.037799934260985,0.06299989043497316,0.6190424016653884,0.0,5.248164785800372,3.9552974690478795
46,079,01265776,0500000US46079,46079,Lake,Lake County,SD,South Dakota,06,1457879899,31783045,46079,10972,9978,80,276,81,19,260,577,"Lake County, South Dakota",90.94057601166607,0.7291286912139993,2.5154939846882973,0.7382427998541743,0.17316806416332484,2.3696682464454977,5.25884068538097
45,023,01247988,0500000US45023,45023,Chester,Chester County,SC,South Carolina,06,1503905790,14249301,45023,32182,18737,11183,49,126,11,1660,974,"Chester County, South Carolina",58.22198744639861,34.74923870486607,0.1522590267851594,0.3915232117332671,0.03418059784972966,5.15816294823193,3.0265365732396994
46,047,01265787,0500000US46047,46047,Fall River,Fall River County,SD,South Dakota,06,4506292104,24021148,46047,7258,6089,14,376,140,47,445,249,"Fall River County, South Dakota",83.89363461008543,0.19289060347203085,5.180490493248828,1.9289060347203086,0.6475613116561035,6.131165610360981,3.4306971617525486
47,083,01648578,0500000US47083,47083,Houston,Houston County,TN,Tennessee,06,518758193,17303404,47083,8353,7703,214,10,22,14,383,269,"Houston County, Tennessee",92.2183646594038,2.5619537890578234,0.11971746677840298,0.26337842691248653,0.16760445348976416,4.585178977612834,3.22039985633904
45,043,01248002,0500000US45043,45043,Georgetown,Georgetown County,SC,South Carolina,06,2107275248,572929958,45043,64811,43061,18109,90,184,13,2120,2353,"Georgetown County, South Carolina",66.44088194905186,27.941244541821604,0.13886531607288888,0.28390242397123944,0.020058323432750613,3.271049667494715,3.630556541327861
49,009,01448019,0500000US49009,49009,Daggett,Daggett County,UT,Utah,06,1803965918,61230034,49009,783,711,0,29,0,0,41,22,"Daggett County, Utah",90.80459770114942,0.0,3.7037037037037033,0.0,0.0,5.236270753512133,2.80970625798212
47,135,01639781,0500000US47135,47135,Perry,Perry County,TN,Tennessee,06,1074235994,20984700,47135,8697,7841,24,107,20,16,689,120,"Perry County, Tennessee",90.15752558353455,0.2759572266298724,1.230309302058181,0.22996435552489364,0.1839714844199149,7.922272047832586,1.379786133149362
47,161,01639792,0500000US47161,47161,Stewart,Stewart County,TN,Tennessee,06,1190814528,86082696,47161,14027,12914,196,14,114,0,642,425,"Stewart County, Tennessee",92.06530263064091,1.3973051971198402,0.0998075140799886,0.81271832893705,0.0,4.5768874313823344,3.029870963142511
36,049,00974123,0500000US36049,36049,Lewis,Lewis County,NY,New York,06,3306022360,39654224,36049,26607,24983,282,8,89,0,981,480,"Lewis County, New York",93.89634306761378,1.0598714623971135,0.03006727552899613,0.33449844026008196,0.0,3.68699966174315,1.8040365317397677
12,085,00308550,0500000US12085,12085,Martin,Martin County,FL,Florida,06,1408493389,542089457,12085,162176,126895,7761,616,2196,57,17542,25843,"Martin County, Florida",78.24523973954223,4.785541633780585,0.3798342541436464,1.354084451460142,0.035147000789265984,10.81664364640884,15.93515686661405
21,077,00516885,0500000US21077,21077,Gallatin,Gallatin County,KY,Kentucky,06,254547580,16452438,21077,8769,7880,237,1,41,0,363,478,"Gallatin County, Kentucky",89.86201391264682,2.7027027027027026,0.011403808872163301,0.46755616375869535,0.0,4.139582620595279,5.4510206408940585
12,047,00295736,0500000US12047,12047,Hamilton,Hamilton County,FL,Florida,06,1332018549,12330813,12047,13616,7594,4266,216,78,9,899,1564,"Hamilton County, Florida",55.772620446533494,31.33078730904818,1.5863689776733254,0.5728554641598119,0.06609870740305523,6.602526439482961,11.486486486486488
05,071,00066863,0500000US05071,05071,Johnson,Johnson County,AR,Arkansas,06,1711955742,59529091,05071,26003,21308,414,156,852,61,2520,3606,"Johnson County, Arkansas",81.94439103180402,1.5921239856939586,0.5999307772180132,3.276545014036842,0.23458831673268468,9.691189478137138,13.867630658001001
19,039,00465209,0500000US19039,19039,Clarke,Clarke County,IA,Iowa,06,1116573604,1524746,19039,9662,7781,5,97,54,0,703,1624,"Clarke County, Iowa",80.53198095632375,0.05174912026495549,1.0039329331401365,0.5588904988615193,0.0,7.275926309252742,16.808114262057543
27,153,00659521,0500000US27153,27153,Todd,Todd County,MN,Minnesota,06,2447791805,89136470,27153,25575,21874,194,77,70,53,2895,2499,"Todd County, Minnesota",85.52883675464321,0.7585532746823069,0.3010752688172043,0.27370478983382207,0.2072336265884653,11.319648093841641,9.771260997067449
31,115,00835879,0500000US31115,31115,Loup,Loup County,NE,Nebraska,06,1459513675,19565477,31115,578,506,0,4,0,0,68,49,"Loup County, Nebraska",87.5432525951557,0.0,0.6920415224913495,0.0,0.0,11.76470588235294,8.477508650519031
46,045,01266972,0500000US46045,46045,Edmunds,Edmunds County,SD,South Dakota,06,2916275921,64969684,46045,4048,3834,2,20,30,0,131,108,"Edmunds County, South Dakota",94.71343873517787,0.04940711462450593,0.4940711462450593,0.7411067193675889,0.0,3.236166007905138,2.66798418972332
47,107,01639773,0500000US47107,47107,McMinn,McMinn County,TN,Tennessee,06,1113997311,5340568,47107,54884,48155,1765,21,450,0,3880,2506,"McMinn County, Tennessee",87.73959623934115,3.215873478609431,0.03826251730923402,0.8199110851978719,0.0,7.0694555790394285,4.56599373223526
51,169,01498172,0500000US51169,51169,Scott,Scott County,VA,Virginia,06,1387786258,8105326,51169,21479,20570,274,5,15,24,460,329,"Scott County, Virginia",95.7679594022068,1.275664602635132,0.02327855114297686,0.06983565342893058,0.11173704548628892,2.1416267051538713,1.5317286652078774
37,023,01008539,0500000US37023,37023,Burke,Burke County,NC,North Carolina,06,1311146879,20719897,37023,87795,70844,5405,619,3108,23,4021,7457,"Burke County, North Carolina",80.69252235320918,6.156387037986217,0.7050515405205308,3.5400649239706135,0.02619739165100518,4.579987470812688,8.493649980067202
27,063,00659477,0500000US27063,27063,Jackson,Jackson County,MN,Minnesota,06,1820689892,42120424,27063,9933,9026,59,16,131,0,400,484,"Jackson County, Minnesota",90.86882110137924,0.5939796637471055,0.1610792308466727,1.3188362025571327,0.0,4.0269807711668175,4.87264673311185
48,101,01383836,0500000US48101,48101,Cottle,Cottle County,TX,Texas,06,2332448732,2723997,48101,1368,694,32,0,0,0,426,574,"Cottle County, Texas",50.73099415204678,2.3391812865497075,0.0,0.0,0.0,31.140350877192986,41.95906432748538
45,021,01247987,0500000US45021,45021,Cherokee,Cherokee County,SC,South Carolina,06,1017770810,11691708,45021,56647,39840,10628,141,324,0,3622,3137,"Cherokee County, South Carolina",70.33029110102919,18.76180556781471,0.24890991579430508,0.5719632107613819,0.0,6.3939837943756945,5.537804296785355
45,061,01245652,0500000US45061,45061,Lee,Lee County,SC,South Carolina,06,1062372307,2715077,45061,16166,5512,10051,21,26,22,334,390,"Lee County, South Carolina",34.09625139180997,62.17369788444884,0.12990226401088706,0.16083137448966967,0.13608808610664358,2.0660645799826796,2.412470617345045
16,063,00395624,0500000US16063,16063,Lincoln,Lincoln County,ID,Idaho,06,3111517506,11588561,16063,5358,3421,30,192,17,0,1034,1735,"Lincoln County, Idaho",63.84845091452034,0.5599104143337066,3.5834266517357225,0.3172825681224338,0.0,19.298245614035086,32.38148562896603
08,071,00198151,0500000US08071,08071,Las Animas,Las Animas County,CO,Colorado,06,12361852648,6929970,08071,14413,9922,247,624,195,9,2802,5587,"Las Animas County, Colorado",68.84062998681746,1.713730659820995,4.329424824810935,1.3529452577534171,0.06244362728092694,19.440782626795254,38.76361617983765
19,195,00465286,0500000US19195,19195,Worth,Worth County,IA,Iowa,06,1036314929,4709127,19195,7350,6956,59,12,41,0,269,258,"Worth County, Iowa",94.63945578231292,0.8027210884353742,0.163265306122449,0.5578231292517006,0.0,3.659863945578231,3.510204081632653
29,037,00758473,0500000US29037,29037,Cass,Cass County,MO,Missouri,06,1804223314,14963188,29037,110773,93583,5124,308,842,111,8291,6083,"Cass County, Missouri",84.481778050608,4.625675931860652,0.27804609426484794,0.7601130239318246,0.10020492358246143,7.484675868668359,5.491410361730747
39,005,01074016,0500000US39005,39005,Ashland,Ashland County,OH,Ohio,06,1095528197,9969109,39005,52256,49498,512,104,243,13,1575,935,"Ashland County, Ohio",94.7221371708512,0.9797917942437232,0.1990202082057563,0.465018371096142,0.024877526025719538,3.0140079608083283,1.7892682180036743
38,097,01034221,0500000US38097,38097,Traill,Traill County,ND,North Dakota,06,2232235426,1462184,38097,7970,7208,77,63,45,1,528,315,"Traill County, North Dakota",90.43914680050187,0.9661229611041405,0.7904642409033877,0.5646173149309912,0.012547051442910915,6.624843161856964,3.9523212045169385
08,059,00198145,0500000US08059,08059,Jefferson,Jefferson County,CO,Colorado,06,1979742585,25072423,08059,579377,460410,6880,4226,16970,433,73436,93302,"Jefferson County, Colorado",79.46639234902318,1.1874824164576778,0.7294041703415911,2.929008227803313,0.07473544859392071,12.674994002178202,16.103849479699747
17,039,00426598,0500000US17039,17039,De Witt,De Witt County,IL,Illinois,06,1029678323,19492326,17039,15373,14339,168,67,30,0,726,540,"De Witt County, Illinois",93.27392181096728,1.092825082937618,0.43582905093345475,0.19514733623886032,0.0,4.72256553698042,3.5126520522994866
37,191,01026128,0500000US37191,37191,Wayne,Wayne County,NC,North Carolina,06,1434651141,9842326,37191,118652,60942,35324,112,1430,110,17522,16280,"Wayne County, North Carolina",51.36196608569599,29.77109530391397,0.09439368910764251,1.2052051377136501,0.09270808751643463,14.767555540572431,13.720796952432323
45,059,01248009,0500000US45059,45059,Laurens,Laurens County,SC,South Carolina,06,1846327163,26061233,45059,68666,46545,15761,471,422,65,3825,4614,"Laurens County, South Carolina",67.78463868581248,22.953135467334633,0.6859289896018408,0.6145690734861504,0.09466111321469141,5.5704424314799175,6.7194827134244015
45,077,01248015,0500000US45077,45077,Pickens,Pickens County,SC,South Carolina,06,1287064283,40963637,45077,134629,113363,7765,312,2209,281,7579,7236,"Pickens County, South Carolina",84.20399765280882,5.767702352390644,0.23174798891769233,1.6408054728178922,0.20872174642907546,5.629544897458943,5.374770666052633
51,093,01702378,0500000US51093,51093,Isle of Wight,Isle of Wight County,VA,Virginia,06,817621467,122099188,51093,39974,27651,8543,98,501,102,2421,1653,"Isle of Wight County, Virginia",69.17246210036524,21.37139140441287,0.24515935357982688,1.2533146545254414,0.25516585780757495,6.056436683844499,4.135187872116876
30,093,01719575,0500000US30093,30093,Silver Bow,Silver Bow County,MT,Montana,06,1859568269,1518178,30093,35785,32554,19,700,141,3,2171,1654,"Silver Bow County, Montana",90.97107726701131,0.05309487215313679,1.9561268687997766,0.39401984071538354,0.008383400866284757,6.066787760234735,4.622048344278329
29,033,00758471,0500000US29033,29033,Carroll,Carroll County,MO,Missouri,06,1799061890,17533392,29033,8411,7895,145,0,13,1,351,187,"Carroll County, Missouri",93.86517655451195,1.7239329449530376,0.0,0.1545595054095827,0.011889192723814054,4.1731066460587325,2.223279039353228
50,011,01461762,0500000US50011,50011,Franklin,Franklin County,VT,Vermont,06,1634178627,150732873,50011,50638,46651,124,141,348,11,3071,1016,"Franklin County, Vermont",92.12646629013784,0.24487539002330266,0.2784470160748845,0.6872309332912042,0.021722816856905882,6.064615506141633,2.006398356965125
29,131,00758520,0500000US29131,29131,Miller,Miller County,MO,Missouri,06,1534753301,19219023,29131,25269,23799,279,33,96,12,823,547,"Miller County, Missouri",94.1825952748427,1.1041196723257747,0.13059479995251097,0.3799121453163956,0.04748901816454945,3.256955162452016,2.164707744667379
51,790,01789075,0500000US51790,51790,Staunton,Staunton city,VA,Virginia,25,51593819,147694,51790,25948,20567,2816,61,361,8,1727,1233,"Staunton city, Virginia",79.26237089563742,10.852474179127485,0.2350855557268383,1.3912440265145676,0.03083089255433945,6.655618930168028,4.751811314937568
72,003,01804481,0500000US72003,72003,Aguada,Aguada Municipio,PR,Puerto Rico,13,79923635,38025989,72003,37758,10294,671,27,44,0,25014,36692,"Aguada Municipio, Puerto Rico",27.26309656231792,1.7771068382859263,0.0715080247894486,0.1165315959531755,0.0,66.24821229938026,97.17675724349807
26,069,01622977,0500000US26069,26069,Iosco,Iosco County,MI,Michigan,06,1422173769,3473068812,26069,25347,23326,237,62,198,0,1390,719,"Iosco County, Michigan",92.02666982285872,0.9350218960823766,0.24460488420720403,0.7811575334359095,0.0,5.4838836943228,2.836627608789995
28,131,00695786,0500000US28131,28131,Stone,Stone County,MS,Mississippi,06,1153800120,6712351,28131,18894,14342,3271,26,91,0,910,496,"Stone County, Mississippi",75.90769556472955,17.31237429871917,0.137609823224304,0.4816343812850641,0.0,4.81634381285064,2.6251720122790303
13,073,00348865,0500000US13073,13073,Columbia,Columbia County,GA,Georgia,06,751598754,45345677,13073,162434,106632,30909,434,7859,60,11036,12985,"Columbia County, Georgia",65.64635482719136,19.028651636972555,0.26718544147161305,4.838272775404164,0.036938079466121626,6.794144083135305,7.994016031126488
35,035,00929104,0500000US35035,35035,Otero,Otero County,NM,New Mexico,06,17126455957,36944199,35035,68816,37156,2478,4327,1035,109,16213,27267,"Otero County, New Mexico",53.99325738200419,3.600906765868403,6.287781911183446,1.5040106951871657,0.15839339688444548,23.559927923738666,39.62305277842362
06,069,00277299,0500000US06069,06069,San Benito,San Benito County,CA,California,06,3596591085,4719300,06069,67290,24620,639,1336,2646,197,25586,41960,"San Benito County, California",36.58790310595928,0.9496210432456532,1.9854361717937288,3.932233615693268,0.29276266904443454,38.02348045772032,62.356962401545545
21,005,00516849,0500000US21005,21005,Anderson,Anderson County,KY,Kentucky,06,523849802,5244774,21005,24353,22529,523,0,82,0,1011,639,"Anderson County, Kentucky",92.5101630189299,2.1475793536730587,0.0,0.3367141625261775,0.0,4.151439247731286,2.623906705539359
36,019,00974108,0500000US36019,36019,Clinton,Clinton County,NY,New York,06,2687763026,206581998,36019,78493,69894,2559,196,1240,38,3459,2758,"Clinton County, New York",89.04488298319595,3.260163326666072,0.24970379524288788,1.5797587045978623,0.04841196030219255,4.406762386454844,3.513689118774923
13,219,00356774,0500000US13219,13219,Oconee,Oconee County,GA,Georgia,06,477443084,5264894,13219,43551,36230,1573,232,2043,226,2564,2538,"Oconee County, Georgia",83.18982342540929,3.6118573626323163,0.5327087782140478,4.691051870221121,0.5189318270533397,5.8873504626759425,5.827650340979542
19,121,00465249,0500000US19121,19121,Madison,Madison County,IA,Iowa,06,1452999049,2983840,19121,16926,16101,149,16,76,8,504,383,"Madison County, Iowa",95.12584190003544,0.880302493205719,0.0945291267871913,0.44901335223915867,0.04726456339359565,2.977667493796526,2.262790972468392
18,043,00450350,0500000US18043,18043,Floyd,Floyd County,IN,Indiana,06,384496958,2703901,18043,80918,69488,3867,162,1002,32,5518,3453,"Floyd County, Indiana",85.87458909019007,4.778911984972441,0.2002026743122667,1.2382906151906867,0.03954620727155886,6.819249116389431,4.267282928396648
22,079,00559460,0500000US22079,22079,Rapides,Rapides Parish,LA,Louisiana,15,3420935889,105385798,22079,127527,77228,39248,667,1433,6,7407,5386,"Rapides Parish, Louisiana",60.55815631199668,30.776227779215382,0.5230264963497926,1.1236836120978302,0.004704886024136066,5.808181796795973,4.223419354332808
17,063,00424233,0500000US17063,17063,Grundy,Grundy County,IL,Illinois,06,1082945367,32126924,17063,53219,45933,1220,38,301,0,3929,6368,"Grundy County, Illinois",86.30940077791766,2.2924143632913054,0.07140307033202428,0.5655874781562976,0.0,7.382701666697984,11.965651365113963
72,099,01804530,0500000US72099,72099,Moca,Moca Municipio,PR,Puerto Rico,13,130383565,56474,72099,37424,28742,1185,116,0,0,3444,37195,"Moca Municipio, Puerto Rico",76.80098332620778,3.1664172723386064,0.3099615220179564,0.0,0.0,9.202650705429672,99.38809320222317
05,085,00069164,0500000US05085,05085,Lonoke,Lonoke County,AR,Arkansas,06,1998045639,82719024,05085,75272,63750,4211,216,753,10,4768,4064,"Lonoke County, Arkansas",84.69284727388671,5.594377723456265,0.2869592942926985,1.0003719842703795,0.013285152513550856,6.334360718461047,5.399085981507068
21,061,00516877,0500000US21061,21061,Edmonson,Edmonson County,KY,Kentucky,06,784263747,13462746,21061,12355,11383,82,10,77,0,600,211,"Edmonson County, Kentucky",92.13273978146499,0.6636989073249696,0.08093889113719142,0.623229461756374,0.0,4.856333468231485,1.707810602994739
31,079,00835861,0500000US31079,31079,Hall,Hall County,NE,Nebraska,06,1415143421,14903733,31079,62536,40392,2454,596,667,26,7996,20289,"Hall County, Nebraska",64.58999616221057,3.924139695535372,0.9530510425994627,1.0665856466675194,0.04157605219393629,12.786235128565945,32.44371242164513
37,163,01026131,0500000US37163,37163,Sampson,Sampson County,NC,North Carolina,06,2449946536,4923828,37163,59470,30375,14323,1230,255,71,4052,13098,"Sampson County, North Carolina",51.07617286026568,24.084412308727092,2.068269715823104,0.4287876240121069,0.11938792668572389,6.813519421557087,22.02455019337481
47,049,01639743,0500000US47049,47049,Fentress,Fentress County,TN,Tennessee,06,1291385622,841022,47049,19309,18321,45,0,42,10,853,413,"Fentress County, Tennessee",94.88321508105028,0.2330519446890051,0.0,0.21751514837640476,0.05178932104200113,4.417629084882697,2.138898959034647
51,037,01492442,0500000US51037,51037,Charlotte,Charlotte County,VA,Virginia,06,1231010116,5809378,51037,11422,7812,2847,0,22,0,586,295,"Charlotte County, Virginia",68.39432673787428,24.92558220977062,0.0,0.1926107511819296,0.0,5.130450008755035,2.5827350726667833
13,239,00350547,0500000US13239,13239,Quitman,Quitman County,GA,Georgia,06,391703076,24158295,13239,2264,970,1189,0,0,0,105,19,"Quitman County, Georgia",42.84452296819788,52.51766784452296,0.0,0.0,0.0,4.637809187279152,0.8392226148409895
36,109,00974152,0500000US36109,36109,Tompkins,Tompkins County,NY,New York,06,1229315822,43786803,36109,104537,78663,4358,266,10646,54,7344,6886,"Tompkins County, New York",75.24895491548446,4.168858872934942,0.2544553603030506,10.183954006715327,0.05165635133971704,7.025263782201517,6.5871413949128055
47,041,01639738,0500000US47041,47041,DeKalb,DeKalb County,TN,Tennessee,06,788430955,63639368,47041,20959,18453,325,58,231,0,968,1624,"DeKalb County, Tennessee",88.04332267760866,1.5506465003101293,0.2767307600553462,1.1021518202204303,0.0,4.618540960923708,7.748461281549693
18,021,00450341,0500000US18021,18021,Clay,Clay County,IN,Indiana,06,926180633,7047383,18021,26409,24987,139,5,114,5,910,523,"Clay County, Indiana",94.61547199818244,0.5263357188837139,0.018932939528191146,0.43167102124275814,0.018932939528191146,3.4457949941307886,1.980385474648794
17,027,00424215,0500000US17027,17027,Clinton,Clinton County,IL,Illinois,06,1227502158,75634262,17027,36954,33584,1164,77,231,0,1595,1512,"Clinton County, Illinois",90.88055420252206,3.149861990582887,0.20836715917086104,0.6251014775125833,0.0,4.316176868539265,4.09157330735509
29,071,00758490,0500000US29071,29071,Franklin,Franklin County,MO,Missouri,06,2389725905,20813988,29071,105950,94646,922,76,490,43,8862,2461,"Franklin County, Missouri",89.33081642284097,0.8702218027371401,0.07173194903256253,0.4624823029731005,0.04058518168947617,8.364322793770647,2.3227937706465314
20,135,00485031,0500000US20135,20135,Ness,Ness County,KS,Kansas,06,2783562234,667491,20135,2653,2144,0,14,5,0,164,395,"Ness County, Kansas",80.8141726347531,0.0,0.5277044854881267,0.18846588767433095,0.0,6.181681115718055,14.888805126272144
18,119,00450379,0500000US18119,18119,Owen,Owen County,IN,Indiana,06,997909061,6568942,18119,21604,20583,180,9,123,0,615,333,"Owen County, Indiana",95.27402332901315,0.8331790409183484,0.04165895204591742,0.5693390112942047,0.0,2.846695056471024,1.5413812256989445
17,097,01784796,0500000US17097,17097,Lake,Lake County,IL,Illinois,06,1148932536,2395026214,17097,714223,437310,47642,6816,62162,432,94994,177631,"Lake County, Illinois",61.22877588652283,6.670465666885553,0.9543237896287294,8.703444162397458,0.060485310610271584,13.300327768778097,24.870523631974887
29,121,00758514,0500000US29121,29121,Macon,Macon County,MO,Missouri,06,2075118027,28912941,29121,15163,13958,323,23,93,0,654,287,"Macon County, Missouri",92.05302380795356,2.130185319527798,0.15168502275275342,0.6133350920002638,0.0,4.313130646969597,1.8927652839147924
29,135,00758522,0500000US29135,29135,Moniteau,Moniteau County,MO,Missouri,06,1074931227,9940393,29135,15262,13644,342,3,72,17,939,895,"Moniteau County, Missouri",89.39850609356571,2.240859651421832,0.019656663608963437,0.47175992661512256,0.11138776045079282,6.152535709605556,5.864237976674092
22,061,00558077,0500000US22061,22061,Lincoln,Lincoln Parish,LA,Louisiana,15,1221532396,1897706,22061,48174,25631,17773,396,622,33,3106,1778,"Lincoln Parish, Louisiana",53.205048366338694,36.89334495786108,0.8220201768588866,1.2911529040561298,0.0685016814049072,6.447461286170963,3.6907875617553034
47,119,01639772,0500000US47119,47119,Maury,Maury County,TN,Tennessee,06,1588022047,6318294,47119,107791,84793,11171,368,1099,13,8789,8722,"Maury County, Tennessee",78.66426696106355,10.363573953298513,0.3414014157026097,1.0195656409162175,0.012060376098190016,8.153741963614774,8.091584640647179
49,011,01448020,0500000US49011,49011,Davis,Davis County,UT,Utah,06,841010631,804180535,49011,370924,310858,4470,1385,7324,3299,34386,43362,"Davis County, Utah",83.80638621388748,1.2050986185849393,0.37339185385685475,1.9745284748358154,0.8894005240965804,9.270362661893003,11.690265391293094
53,003,01533502,0500000US53003,53003,Asotin,Asotin County,WA,Washington,06,1647427909,11291731,53003,22467,19815,210,254,256,0,1560,1028,"Asotin County, Washington",88.19602083055148,0.9347042328748831,1.1305470245248588,1.1394489695998575,0.0,6.943517158499132,4.575599768549428
26,153,01623017,0500000US26153,26153,Schoolcraft,Schoolcraft County,MI,Michigan,06,3035145671,1844210517,26153,8128,6643,48,593,19,0,814,135,"Schoolcraft County, Michigan",81.72982283464567,0.5905511811023622,7.295767716535432,0.23375984251968507,0.0,10.01476377952756,1.660925196850394
21,183,00516938,0500000US21183,21183,Ohio,Ohio County,KY,Kentucky,06,1520569116,23652967,21183,23735,21861,139,93,39,0,1288,1131,"Ohio County, Kentucky",92.10448704444913,0.5856330313882452,0.39182641668422163,0.1643143037708026,0.0,5.42658521171266,4.765114809353276
37,097,01008565,0500000US37097,37097,Iredell,Iredell County,NC,North Carolina,06,1487729535,59508634,37097,196544,145582,22101,351,4801,40,14342,18191,"Iredell County, North Carolina",74.07094594594594,11.244810322370563,0.17858596548355585,2.442710029306415,0.020351676978183002,7.297093780527515,9.255433897753175
48,147,01383859,0500000US48147,48147,Fannin,Fannin County,TX,Texas,06,2307251053,20847065,48147,37326,30313,2200,162,187,25,3209,4902,"Fannin County, Texas",81.21148797085141,5.8940148957831,0.4340138241440283,0.5009912661415635,0.06697744199753523,8.597224454803621,13.132936826876707
46,077,01265780,0500000US46077,46077,Kingsbury,Kingsbury County,SD,South Dakota,06,2155483577,81655106,46077,5244,4819,0,49,23,0,250,152,"Kingsbury County, South Dakota",91.89549961861174,0.0,0.9344012204424104,0.43859649122807015,0.0,4.767353165522501,2.898550724637681
48,483,01384027,0500000US48483,48483,Wheeler,Wheeler County,TX,Texas,06,2368629232,2455912,48483,4862,3929,69,82,56,0,372,1233,"Wheeler County, Texas",80.81036610448376,1.4191690662278897,1.686548745372275,1.1517893870835048,0.0,7.65117235705471,25.359934183463594
51,029,01501502,0500000US51029,51029,Buckingham,Buckingham County,VA,Virginia,06,1501215440,9911855,51029,16976,10432,5195,25,65,0,1046,447,"Buckingham County, Virginia",61.45146088595664,30.602026390197928,0.14726672950047126,0.3828934967012253,0.0,6.161639962299717,2.633129123468426
48,107,01383839,0500000US48107,48107,Crosby,Crosby County,TX,Texas,06,2331503444,3873557,48107,5041,3319,175,11,35,0,834,2837,"Crosby County, Texas",65.84011108906964,3.471533425907558,0.21821067248561796,0.6943066851815116,0.0,16.544336441182306,56.27851616742709
21,075,00516884,0500000US21075,21075,Fulton,Fulton County,KY,Kentucky,06,533360972,64082320,21075,6409,4417,1528,22,0,37,297,213,"Fulton County, Kentucky",68.9187080667811,23.841472928694024,0.34326728038695586,0.0,0.5773131533780621,4.634108285223904,3.323451396473709
37,123,01008572,0500000US37123,37123,Montgomery,Montgomery County,NC,North Carolina,06,1273075626,25886753,37123,26007,16765,4222,326,381,0,2247,4115,"Montgomery County, North Carolina",64.46341369631253,16.234090821701848,1.2535086707424923,1.4649901949475141,0.0,8.639981543430615,15.822663129157535
19,067,00465222,0500000US19067,19067,Floyd,Floyd County,IA,Iowa,06,1296471923,2023930,19067,15328,13794,211,8,247,10,1029,595,"Floyd County, Iowa",89.99217118997912,1.3765657620041754,0.052192066805845504,1.61143006263048,0.0652400835073069,6.71320459290188,3.88178496868476
42,023,01213663,0500000US42023,42023,Cameron,Cameron County,PA,Pennsylvania,06,1026239931,5653230,42023,4427,4101,4,13,20,0,249,31,"Cameron County, Pennsylvania",92.6360966794669,0.0903546419697312,0.2936525864016264,0.451773209848656,0.0,5.624576462615767,0.7002484752654168
27,101,00659496,0500000US27101,27101,Murray,Murray County,MN,Minnesota,06,1825079944,38432252,27101,8097,7292,58,17,82,0,379,420,"Murray County, Minnesota",90.0580461899469,0.7163146844510313,0.20995430406323332,1.012720760775596,0.0,4.680745955292084,5.187106335679881
01,005,00161528,0500000US01005,01005,Barbour,Barbour County,AL,Alabama,06,2292160151,50523213,01005,24643,10852,11423,39,145,8,868,1534,"Barbour County, Alabama",44.03684616321065,46.35393418009171,0.15825995211621963,0.5884023860731242,0.03246357992127582,3.5222984214584265,6.224891449904638
30,109,01696629,0500000US30109,30109,Wibaux,Wibaux County,MT,Montana,06,2303979499,1756846,30109,1193,1100,7,0,1,0,61,92,"Wibaux County, Montana",92.20452640402347,0.586756077116513,0.0,0.08382229673093043,0.0,5.113160100586756,7.711651299245599
39,099,01074062,0500000US39099,39099,Mahoning,Mahoning County,OH,Ohio,06,1065746923,35461887,39099,226491,169668,31660,435,1869,43,17590,15428,"Mahoning County, Ohio",74.9115858908301,13.978480381118896,0.1920606116799343,0.8251983522524073,0.018985301844223392,7.766313010229988,6.811749694248337
08,037,00198134,0500000US08037,08037,Eagle,Eagle County,CO,Colorado,06,4362757046,18967822,08037,55135,36084,356,102,833,67,13541,16757,"Eagle County, Colorado",65.4466309966446,0.6456878570780811,0.18500045343248392,1.5108370363652852,0.12151990568604334,24.559717058130044,30.39267253106013
13,169,00345367,0500000US13169,13169,Jones,Jones County,GA,Georgia,06,1020304151,3820256,13169,28673,20119,6979,11,45,0,1233,628,"Jones County, Georgia",70.16705611550937,24.339971401667075,0.03836361734035504,0.15694207093781606,0.0,4.30021274369616,2.190213789976633
21,099,00516896,0500000US21099,21099,Hart,Hart County,KY,Kentucky,06,1068809200,13410820,21099,19603,17892,577,55,105,0,749,412,"Hart County, Kentucky",91.27174412079783,2.9434270264755393,0.28056930061725244,0.535632301178391,0.0,3.8208437484058564,2.101719124623782
31,159,00835901,0500000US31159,31159,Seward,Seward County,NE,Nebraska,06,1479995691,11542537,31159,17641,16660,144,71,94,17,516,532,"Seward County, Nebraska",94.43909075449237,0.8162802562213026,0.4024715152202256,0.532849611700017,0.09636641913723712,2.9250042514596677,3.0157020577064793
42,093,01213681,0500000US42093,42093,Montour,Montour County,PA,Pennsylvania,06,337556587,5174320,42093,18103,16230,439,15,622,0,682,564,"Montour County, Pennsylvania",89.65364856653594,2.425012428879191,0.0828591946086284,3.4358946031044577,0.0,3.7673313815389715,3.115505717284428
27,105,00659498,0500000US27105,27105,Nobles,Nobles County,MN,Minnesota,06,1852143782,19253011,27105,22041,12383,1148,695,934,0,3130,7594,"Nobles County, Minnesota",56.18166144911755,5.2084751145592305,3.1532144639535407,4.237557279615262,0.0,14.20080758586271,34.45397214282473
42,099,01213682,0500000US42099,42099,Perry,Perry County,PA,Pennsylvania,06,1428247558,10591170,42099,46239,43464,369,29,145,10,1885,1164,"Perry County, Pennsylvania",93.99857263349121,0.7980276390060338,0.06271761932567746,0.31358809662838727,0.021626765284716364,4.0766452561690345,2.517355479140985
05,023,00066983,0500000US05023,05023,Cleburne,Cleburne County,AR,Arkansas,06,1434747664,98885396,05023,25226,23651,73,123,50,10,1172,747,"Cleburne County, Arkansas",93.75644176643146,0.2893839689209546,0.4875921668120194,0.19820819789106475,0.039641639578212956,4.646000158566559,2.9612304764925077
05,027,00063761,0500000US05027,05027,Columbia,Columbia County,AR,Arkansas,06,1984098878,1985830,05027,22349,13553,7687,36,96,8,796,774,"Columbia County, Arkansas",60.642534341581275,34.39527495637389,0.16108103270839857,0.42954942055572953,0.0357957850463108,3.5616806121079243,3.4632422032305694
05,029,00066846,0500000US05029,05029,Conway,Conway County,AR,Arkansas,06,1429458477,37757545,05029,21054,17024,2428,90,54,0,784,1000,"Conway County, Arkansas",80.8587441816282,11.532250403723758,0.42747221430607013,0.2564833285836421,0.0,3.7237579557328773,4.749691270067446
31,165,00835904,0500000US31165,31165,Sioux,Sioux County,NE,Nebraska,06,5352785007,1665309,31165,1171,1128,1,0,2,0,33,25,"Sioux County, Nebraska",96.32792485055508,0.08539709649871904,0.0,0.1707941929974381,0.0,2.818104184457728,2.134927412467976
37,111,01025836,0500000US37111,37111,McDowell,McDowell County,NC,North Carolina,06,1139476689,13977729,37111,44817,39241,1730,196,506,0,2111,3170,"McDowell County, North Carolina",87.5582926121784,3.860142356695004,0.4373340473481045,1.1290358569292902,0.0,4.71026619363188,7.073208827007608
11,001,01702382,0500000US11001,11001,District of Columbia,District of Columbia,DC,District of Columbia,00,158316184,18709787,11001,681294,258050,286997,2528,29748,336,65651,81152,"District of Columbia, District of Columbia",37.8764527502077,42.12527924801921,0.37105860318746386,4.366396885925901,0.04931791561352367,9.636221660545962,11.911450856752005
12,027,00294452,0500000US12027,12027,DeSoto,DeSoto County,FL,Florida,06,1649031787,6243548,12027,35386,21512,4409,157,33,27,5582,10635,"DeSoto County, Florida",60.79240377550443,12.459729836658566,0.44367829084948845,0.09325722036963771,0.07630136212061267,15.77460012434296,30.05425874639688
13,089,01687424,0500000US13089,13089,DeKalb,DeKalb County,GA,Georgia,06,693176061,8858826,13089,765351,221151,388444,3647,47355,541,71644,80839,"DeKalb County, Georgia",28.89536957552809,50.753706469319305,0.47651339058810926,6.187357173375354,0.07068652160903952,9.360933741512065,10.562343290856091
47,181,01639798,0500000US47181,47181,Wayne,Wayne County,TN,Tennessee,06,1901333937,4023436,47181,16168,14431,692,26,0,26,885,441,"Wayne County, Tennessee",89.25655616031668,4.280059376546264,0.16081147946561108,0.0,0.16081147946561108,5.4737753587333,2.727610094012865
20,075,00485327,0500000US20075,20075,Hamilton,Hamilton County,KS,Kansas,06,2580958328,2893322,20075,2471,1548,1,0,0,0,678,1088,"Hamilton County, Kansas",62.64670174018616,0.04046944556859571,0.0,0.0,0.0,27.438284095507893,44.03075677863214
28,033,00695741,0500000US28033,28033,DeSoto,DeSoto County,MS,Mississippi,06,1233730200,50234809,28033,191301,109406,62459,466,2575,0,10011,11068,"DeSoto County, Mississippi",57.19050083376459,32.64959409516939,0.2435951720064192,1.3460462830826814,0.0,5.233114306773095,5.785646703362763
47,065,01639749,0500000US47065,47065,Hamilton,Hamilton County,TN,Tennessee,06,1404197533,86784458,47065,376192,264229,64101,1084,7861,60,27496,30267,"Hamilton County, Tennessee",70.23780410003403,17.03943730860837,0.28815073154134063,2.089624447090847,0.01594930248383804,7.309033684926845,8.0456256379721
16,047,00395441,0500000US16047,16047,Gooding,Gooding County,ID,Idaho,06,1888935206,12470063,16047,15931,10708,10,349,44,0,2722,5016,"Gooding County, Idaho",67.21486410143744,0.06277069863787584,2.1906973824618667,0.2761910740066537,0.0,17.086184169229803,31.48578243675852
36,039,00974118,0500000US36039,36039,Greene,Greene County,NY,New York,06,1676140500,28201061,36039,47409,40117,2251,24,575,9,3234,3212,"Greene County, New York",84.6189542070071,4.748043620409627,0.05062329937353667,1.2128498808243162,0.01898373726507625,6.821489590584067,6.775084899491659
31,121,00835882,0500000US31121,31121,Merrick,Merrick County,NE,Nebraska,06,1261996223,24655517,31121,7724,7114,0,25,57,0,448,435,"Merrick County, Nebraska",92.10253754531331,0.0,0.3236664940445365,0.7379596064215432,0.0,5.800103573278094,5.631796996374935
50,025,01461769,0500000US50025,50025,Windham,Windham County,VT,Vermont,06,2035623287,32917039,50025,45923,41871,394,75,548,0,2644,1423,"Windham County, Vermont",91.17653463406137,0.8579578860266097,0.16331685647714653,1.1933018313263506,0.0,5.757463580341005,3.09866515689306
38,031,01034223,0500000US38031,38031,Foster,Foster County,ND,North Dakota,06,1642258771,33103934,38031,3358,3165,10,5,61,0,96,57,"Foster County, North Dakota",94.25253126861227,0.29779630732578916,0.14889815366289458,1.816557474687314,0.0,2.858844550327576,1.6974389517569983
27,097,00659494,0500000US27097,27097,Morrison,Morrison County,MN,Minnesota,06,2913980724,73275528,27097,34249,32447,164,76,126,2,1072,658,"Morrison County, Minnesota",94.73853251189816,0.47884609769628317,0.22190428917632632,0.36789395310811995,0.005839586557271745,3.1300183946976556,1.9212239773424042
13,267,00347445,0500000US13267,13267,Tattnall,Tattnall County,GA,Georgia,06,1245369512,19447412,13267,24208,14226,6636,77,200,0,1492,2595,"Tattnall County, Georgia",58.76569729015202,27.412425644415066,0.3180766688697951,0.8261731658955718,0.0,6.1632518175809645,10.719596827495042
13,167,00346664,0500000US13167,13167,Johnson,Johnson County,GA,Georgia,06,784815230,9256633,13167,9190,5714,3027,26,0,0,380,162,"Johnson County, Georgia",62.176278563656155,32.937976060935796,0.28291621327529926,0.0,0.0,4.134929270946682,1.76278563656148
13,015,00351604,0500000US13015,13015,Bartow,Bartow County,GA,Georgia,06,1188568882,27370205,13015,113113,86287,12252,277,1203,505,9135,12015,"Bartow County, Georgia",76.28389309805239,10.831646229876318,0.24488785550732453,1.0635382316798245,0.44645619866858804,8.075994801658519,10.622121241590268
01,011,00161531,0500000US01011,01011,Bullock,Bullock County,AL,Alabama,06,1613083468,6030667,01011,10058,2293,6986,0,42,0,380,602,"Bullock County, Alabama",22.79777291708093,69.45714853847683,0.0,0.41757804732551207,0.0,3.7780870948498704,5.9852853449990056
51,021,01494613,0500000US51021,51021,Bland,Bland County,VA,Virginia,06,926311265,2547191,51021,6199,5771,262,2,6,0,145,73,"Bland County, Virginia",93.09566059041781,4.226488143248911,0.032263268269075655,0.09678980480722697,0.0,2.339086949507985,1.1776092918212615
48,031,01383801,0500000US48031,48031,Blanco,Blanco County,TX,Texas,06,1836953733,10813161,48031,12446,10003,134,25,12,0,1576,2316,"Blanco County, Texas",80.37120359955006,1.0766511328941024,0.20086774867427284,0.09641651936365098,0.0,12.66270287642616,18.608388237184638
51,690,01789072,0500000US51690,51690,Martinsville,Martinsville city,VA,Virginia,25,28374648,135578,51690,13658,5771,6004,0,399,0,1136,1168,"Martinsville city, Virginia",42.253624249524094,43.95958412651926,0.0,2.921364767901596,0.0,8.317469614877728,8.551764533606677
51,085,01480132,0500000US51085,51085,Hanover,Hanover County,VA,Virginia,06,1211008825,12702538,51085,112879,91982,9497,167,2414,93,6775,4474,"Hanover County, Virginia",81.4872562655587,8.413433853949805,0.14794603070544565,2.138573162412849,0.08238910691979907,6.002002143888588,3.9635361759051726
21,035,00516864,0500000US21035,21035,Calloway,Calloway County,KY,Kentucky,06,996755843,66943042,21035,38224,33751,1559,72,705,93,1400,1406,"Calloway County, Kentucky",88.29792800334869,4.078589367936375,0.18836333193804938,1.844390958560067,0.24330263708664712,3.6626203432398494,3.67831728756802
27,061,00659476,0500000US27061,27061,Itasca,Itasca County,MN,Minnesota,06,6908685824,674252538,27061,45275,40183,360,1162,188,35,3052,691,"Itasca County, Minnesota",88.75317504141358,0.7951408061844285,2.566537824406405,0.4152401987852016,0.07730535615681944,6.741027056874654,1.526228602981778
72,079,01804520,0500000US72079,72079,Lajas,Lajas Municipio,PR,Puerto Rico,13,155287831,106643202,72079,23035,13216,687,20,0,0,2896,22722,"Lajas Municipio, Puerto Rico",57.37356197091382,2.9824180594747127,0.08682439765574126,0.0,0.0,12.572172780551336,98.64119817668765
08,083,00198157,0500000US08083,08083,Montezuma,Montezuma County,CO,Colorado,06,5255990019,27208195,08083,26412,19818,178,2797,295,70,2572,3302,"Montezuma County, Colorado",75.03407542026352,0.6739360896562169,10.589883386339542,1.1169165530819325,0.2650310464940179,9.737997879751628,12.501893078903528
21,185,00516939,0500000US21185,21185,Oldham,Oldham County,KY,Kentucky,06,485084364,23445201,21185,69257,59951,2042,97,1162,0,4798,3466,"Oldham County, Kentucky",86.56309109548494,2.948438424996751,0.14005804467418456,1.6778087413546645,0.0,6.927819570584923,5.0045482767084914
17,011,00424207,0500000US17011,17011,Bureau,Bureau County,IL,Illinois,06,2250884573,11523903,17011,32866,28743,193,11,287,0,2168,3357,"Bureau County, Illinois",87.45512079352523,0.5872330067547009,0.033469238726951865,0.8732428649668351,0.0,6.5964826872756035,10.214203127852493
40,037,01101806,0500000US40037,40037,Creek,Creek County,OK,Oklahoma,06,2460214788,50817257,40037,72830,54700,1448,8073,511,0,7003,3959,"Creek County, Oklahoma",75.10641219277771,1.9881916792530552,11.084717836056571,0.7016339420568447,0.0,9.615543045448305,5.4359467252505835
48,269,01383920,0500000US48269,48269,King,King County,TX,Texas,06,2359150569,6396290,48269,211,146,0,0,0,0,63,35,"King County, Texas",69.19431279620854,0.0,0.0,0.0,0.0,29.85781990521327,16.587677725118482
40,041,01101808,0500000US40041,40041,Delaware,Delaware County,OK,Oklahoma,06,1910774936,140487351,40041,41279,26130,153,8397,635,60,5444,1862,"Delaware County, Oklahoma",63.300952057947136,0.370648513772136,20.342062549964872,1.5383124591196493,0.1453523583420141,13.18830398023208,4.510768187213837
13,013,00356976,0500000US13013,13013,Barrow,Barrow County,GA,Georgia,06,417082926,4909581,13013,89886,59843,12551,514,3627,0,8915,13741,"Barrow County, Georgia",66.57655252208353,13.963242329172507,0.5718354359967069,4.035111140778319,0.0,9.918118505662727,15.287141490332198
39,017,01074021,0500000US39017,39017,Butler,Butler County,OH,Ohio,06,1208290721,9175912,39017,392876,297734,32857,678,17020,400,32024,27328,"Butler County, Ohio",75.7831987700954,8.363198566468808,0.1725735346521549,4.332155692890378,0.10181329478003238,8.151172380089392,6.955884299371812
39,027,01074026,0500000US39027,39027,Clinton,Clinton County,OH,Ohio,06,1058609496,9329331,39027,42012,38700,784,301,108,16,1702,976,"Clinton County, Ohio",92.1165381319623,1.8661334856707605,0.7164619632485957,0.2570694087403599,0.03808435685042369,4.05122345996382,2.323145767875845
13,159,00346144,0500000US13159,13159,Jasper,Jasper County,GA,Georgia,06,954167637,13100766,13159,15929,11958,2691,3,25,0,769,799,"Jasper County, Georgia",75.07062590244209,16.89371586414715,0.01883357398455647,0.1569464498713039,0.0,4.827672798041308,5.016008537886873
24,009,01676636,0500000US24009,24009,Calvert,Calvert County,MD,Maryland,06,552158541,341580669,24009,94313,70778,11502,225,1837,35,8538,4863,"Calvert County, Maryland",75.04585794111098,12.195561587479988,0.23856732369874778,1.9477696605982209,0.03711047257536077,9.05283470995515,5.156235089542268
72,129,01804545,0500000US72129,72129,San Lorenzo,San Lorenzo Municipio,PR,Puerto Rico,13,137547962,256428,72129,37431,2022,643,8,85,0,2092,37346,"San Lorenzo Municipio, Puerto Rico",5.401939568806604,1.717827469210013,0.021372659025941064,0.2270845021506238,0.0,5.588950335283589,99.77291549784938
21,087,00516890,0500000US21087,21087,Green,Green County,KY,Kentucky,06,740640299,7328706,21087,11369,10838,146,8,0,25,352,259,"Green County, Kentucky",95.32940452106605,1.284193860497845,0.07036678687659424,0.0,0.219896208989357,3.096138622570147,2.2781247251297385
51,071,01494551,0500000US51071,51071,Giles,Giles County,VA,Virginia,06,925207239,11232364,51071,16557,15570,456,2,76,19,350,291,"Giles County, Virginia",94.038775140424,2.754122123573111,0.01207948299812768,0.4590203539288519,0.11475508848221297,2.113909524672344,1.7575647762275775
54,005,01550009,0500000US54005,54005,Boone,Boone County,WV,West Virginia,06,1298967360,4305989,54005,21026,20470,86,5,36,0,342,143,"Boone County, West Virginia",97.35565490345287,0.4090174070198802,0.023780081803481404,0.17121658898506611,0.0,1.6265575953581282,0.6801103395795681
72,049,01804504,0500000US72049,72049,Culebra,Culebra Municipio,PR,Puerto Rico,13,30164522,407109337,72049,1387,88,0,0,0,0,44,1296,"Culebra Municipio, Puerto Rico",6.344628695025234,0.0,0.0,0.0,0.0,3.172314347512617,93.43907714491708
01,079,00161565,0500000US01079,01079,Lawrence,Lawrence County,AL,Alabama,06,1788864400,68682236,01079,33276,25268,3110,1237,135,0,2958,1044,"Lawrence County, Alabama",75.9346075249429,9.346075249429017,3.717393917538166,0.40569780021637214,0.0,8.889289578074287,3.137396321673278
12,039,00306918,0500000US12039,12039,Gadsden,Gadsden County,FL,Florida,06,1337405282,31475262,12039,43710,14428,23026,704,49,0,3182,5449,"Gadsden County, Florida",33.00846488217799,52.67902081903455,1.6106154198123996,0.11210249370853351,0.0,7.2797986730725235,12.466254861587737
13,095,00351259,0500000US13095,13095,Dougherty,Dougherty County,GA,Georgia,06,851183380,15352851,13095,83091,19277,58613,178,592,0,2757,2710,"Dougherty County, Georgia",23.199865208024935,70.5407324499645,0.21422296036875235,0.7124718681927044,0.0,3.3180488861609563,3.2614843966253866
28,113,00711758,0500000US28113,28113,Pike,Pike County,MS,Mississippi,06,1059783761,3907959,28113,39602,16496,21253,215,187,0,1183,667,"Pike County, Mississippi",41.65446189586385,53.666481490833796,0.5429018736427452,0.4721983738195041,0.0,2.9872228675319428,1.684258370789354
50,017,01461765,0500000US50017,50017,Orange,Orange County,VT,Vermont,06,1779343340,12005265,50017,29761,27755,108,65,192,4,1421,538,"Orange County, Vermont",93.25963509290682,0.3628910318873694,0.21840663956184267,0.6451396122442122,0.013440408588421087,4.774705151036591,1.8077349551426363
72,011,01804485,0500000US72011,72011,Añasco,Añasco Municipio,PR,Puerto Rico,13,101768273,14586806,72011,25094,4441,480,2,0,0,17817,24213,"Añasco Municipio, Puerto Rico",17.697457559575994,1.9128078425121542,0.007970032677133976,0.0,0.0,71.00103610424803,96.48920060572249
39,029,01074027,0500000US39029,39029,Columbiana,Columbiana County,OH,Ohio,06,1377658471,7277033,39029,100704,93207,1978,242,264,58,4169,1923,"Columbiana County, Ohio",92.555409914204,1.9641722275182714,0.24030823006037497,0.2621544327931363,0.057594534477279954,4.139855417858278,1.909556720686368
48,169,01383870,0500000US48169,48169,Garza,Garza County,TX,Texas,06,2313937114,7209242,48169,5118,2495,516,183,3,0,1296,2533,"Garza County, Texas",48.749511527940605,10.082063305978899,3.5756154747948417,0.058616647127784284,0.0,25.32239155920281,49.49198905822587
48,223,01383897,0500000US48223,48223,Hopkins,Hopkins County,TX,Texas,06,1987637219,65631763,48223,37784,30095,2652,227,327,34,3022,7066,"Hopkins County, Texas",79.65011645140801,7.018843955113276,0.6007834003811138,0.8654456912979039,0.08998517891170865,7.9980944315053994,18.701037476180392
36,121,00974158,0500000US36121,36121,Wyoming,Wyoming County,NY,New York,06,1535219438,9158067,36121,39753,35674,1544,64,180,0,1308,1492,"Wyoming County, New York",89.73913918446407,3.8839835987221094,0.16099413880713406,0.4527960153950645,0.0,3.2903177118708022,3.753175860941313
72,051,01804505,0500000US72051,72051,Dorado,Dorado Municipio,PR,Puerto Rico,13,59869071,79239770,72051,35810,6077,1605,34,64,0,20274,34635,"Dorado Municipio, Puerto Rico",16.970120078190448,4.48198827143256,0.09494554593688913,0.17872102764590897,0.0,56.615470538955606,96.7187936330634
36,067,00974132,0500000US36067,36067,Onondaga,Onondaga County,NY,New York,06,2016027799,70512842,36067,471129,352626,50904,2263,19457,215,36532,27930,"Onondaga County, New York",74.84701642225377,10.804684067421025,0.4803355344289993,4.129866766851541,0.04563505961212322,7.754139524419001,5.928312627751635
31,083,00835863,0500000US31083,31083,Harlan,Harlan County,NE,Nebraska,06,1433471221,53339808,31083,2847,2696,4,0,33,0,102,51,"Harlan County, Nebraska",94.69617140850018,0.14049877063575694,0.0,1.1591148577449948,0.0,3.5827186512118017,1.7913593256059008
48,489,01384030,0500000US48489,48489,Willacy,Willacy County,TX,Texas,06,1529680708,502856285,48489,20139,8023,307,35,32,0,10354,17577,"Willacy County, Texas",39.83812503103431,1.5244053825909927,0.1737921445950643,0.1588956750583445,0.0,51.41268186106559,87.2784150156413
01,113,00161583,0500000US01113,01113,Russell,Russell County,AL,Alabama,06,1660652495,15564412,01113,58811,26947,26810,76,316,8,3814,3527,"Russell County, Alabama",45.81965958749213,45.58670996922344,0.1292275254629236,0.5373144479774191,0.013602897417149852,6.485181343626192,5.997177398785941
19,013,00465196,0500000US19013,19013,Black Hawk,Black Hawk County,IA,Iowa,06,1465303204,17928724,19013,131049,104148,12135,382,3565,964,6664,6861,"Black Hawk County, Iowa",79.47256369754825,9.259895153721127,0.2914940213202695,2.7203565078711014,0.7356027134888476,5.085120832665644,5.235446283451228
26,133,01623009,0500000US26133,26133,Osceola,Osceola County,MI,Michigan,06,1466674406,17425113,26133,23227,21448,265,65,97,1,1023,494,"Osceola County, Michigan",92.34081026391699,1.1409135919404143,0.2798467300985922,0.41761742799328366,0.004305334309209111,4.40435699832092,2.1268351487493002
19,157,00465267,0500000US19157,19157,Poweshiek,Poweshiek County,IA,Iowa,06,1514943343,2961952,19157,18545,16754,193,56,380,0,977,657,"Poweshiek County, Iowa",90.34241035319494,1.0407117821515233,0.3019681854947425,2.0490698301428956,0.0,5.268266379077918,3.5427338905365326
37,103,01026338,0500000US37103,37103,Jones,Jones County,NC,North Carolina,06,1220836956,6031825,37103,9302,5905,2480,43,112,0,734,471,"Jones County, North Carolina",63.48097183401419,26.660933132659643,0.46226617931627606,1.2040421414749516,0.0,7.890776177166201,5.063427219952699
48,415,01383993,0500000US48415,48415,Scurry,Scurry County,TX,Texas,06,2345090474,5436957,48415,16488,10628,537,121,137,0,2709,7145,"Scurry County, Texas",64.45900048520136,3.2569141193595343,0.7338670548277535,0.8309073265405142,0.0,16.430131004366814,43.33454633672974
51,199,01480182,0500000US51199,51199,York,York County,VA,Virginia,06,271175180,285635878,51199,71005,48443,9295,85,4241,178,7595,5545,"York County, Virginia",68.22477290331666,13.090627420604184,0.11970987958594465,5.972818815576368,0.25068657136821354,10.69642982888529,7.809309203577213
13,281,00351252,0500000US13281,13281,Towns,Towns County,GA,Georgia,06,431178089,13754198,13281,12913,12022,190,26,6,1,643,421,"Towns County, Georgia",93.09997676759855,1.4713854255401533,0.20134747928444202,0.04646480291179431,0.007744133818632385,4.979478045380624,3.260280337644234
23,011,00581291,0500000US23011,23011,Kennebec,Kennebec County,ME,Maine,06,2246742799,216787826,23011,126808,117182,1083,277,1129,1,6261,2861,"Kennebec County, Maine",92.40899627783736,0.8540470632767648,0.21844047694151789,0.8903223771370891,0.0007885937795722667,4.937385653901962,2.256166803356255
16,023,00401703,0500000US16023,16023,Butte,Butte County,ID,Idaho,06,5792474008,5259978,16023,2684,2457,0,12,0,8,190,173,"Butte County, Idaho",91.5424739195231,0.0,0.44709388971684055,0.0,0.29806259314456035,7.078986587183309,6.445603576751117
48,429,01384000,0500000US48429,48429,Stephens,Stephens County,TX,Texas,06,2322497231,64147705,48429,9351,7308,289,55,98,0,1153,2349,"Stephens County, Texas",78.15206929740135,3.090578547748904,0.5881723879798951,1.048016254945995,0.0,12.330232060742166,25.120307988450435
29,159,00758534,0500000US29159,29159,Pettis,Pettis County,MO,Missouri,06,1766982901,10471760,29159,43397,36541,1073,200,299,163,3473,4299,"Pettis County, Missouri",84.2016729267,2.472521142014425,0.4608613498628938,0.6889877180450261,0.37560200013825845,8.00285734036915,9.906214715302902
30,065,01719593,0500000US30065,30065,Musselshell,Musselshell County,MT,Montana,06,4840577746,7118682,30065,5152,4495,0,196,0,0,271,221,"Musselshell County, Montana",87.24767080745342,0.0,3.804347826086957,0.0,0.0,5.260093167701863,4.2895962732919255
40,129,01101852,0500000US40129,40129,Roger Mills,Roger Mills County,OK,Oklahoma,06,2955524813,13688537,40129,3359,2792,9,229,10,17,255,287,"Roger Mills County, Oklahoma",83.1199761833879,0.2679368859779696,6.817505209883894,0.29770765108663294,0.5061030068472759,7.591545102709139,8.544209586186364
19,073,00465225,0500000US19073,19073,Greene,Greene County,IA,Iowa,06,1475148030,4404193,19073,8688,8136,10,23,55,0,421,307,"Greene County, Iowa",93.646408839779,0.11510128913443832,0.2647329650092081,0.6330570902394107,0.0,4.845764272559853,3.533609576427256
27,015,00659453,0500000US27015,27015,Brown,Brown County,MN,Minnesota,06,1582765944,18533953,27015,25800,23916,249,72,132,4,965,1327,"Brown County, Minnesota",92.69767441860465,0.9651162790697674,0.27906976744186046,0.5116279069767441,0.01550387596899225,3.74031007751938,5.1434108527131785
21,033,00516863,0500000US21033,21033,Caldwell,Caldwell County,KY,Kentucky,06,893117876,8584485,21033,12618,11326,755,0,0,4,323,186,"Caldwell County, Kentucky",89.76065937549532,5.9835156126168965,0.0,0.0,0.03170074496750674,2.559835156126169,1.474084640989063
46,097,01265777,0500000US46097,46097,Miner,Miner County,SD,South Dakota,06,1476734132,4537900,46097,2300,2208,16,17,4,0,45,30,"Miner County, South Dakota",96.0,0.6956521739130435,0.7391304347826086,0.17391304347826086,0.0,1.956521739130435,1.3043478260869565
54,001,01696996,0500000US54001,54001,Barbour,Barbour County,WV,West Virginia,06,883338376,4639586,54001,15424,13963,234,35,47,0,1041,192,"Barbour County, West Virginia",90.5277489626556,1.517116182572614,0.2269190871369295,0.30471991701244816,0.0,6.749221991701244,1.2448132780082988
47,113,01639769,0500000US47113,47113,Madison,Madison County,TN,Tennessee,06,1443073935,3757608,47113,99295,53890,36004,219,981,76,5420,5190,"Madison County, Tennessee",54.27262198499421,36.259630394279675,0.22055491213052017,0.9879651543380835,0.07653960420967823,5.458482300216526,5.2268492874767105
55,117,01581118,0500000US55117,55117,Sheboygan,Sheboygan County,WI,Wisconsin,06,1324828371,1967670377,55117,117991,98331,2547,229,6812,169,7858,9148,"Sheboygan County, Wisconsin",83.33771219838802,2.1586392182454595,0.19408259952030238,5.77332169402751,0.14323126340144587,6.659829987032909,7.7531337135883245
09,120,02830245,0500000US09120,09120,Greater Bridgeport,Greater Bridgeport Planning Region,CT,Connecticut,PL,363067865,253764138,09120,329259,183346,41770,2032,17132,154,40515,87769,"Greater Bridgeport Planning Region, Connecticut",55.68443079763955,12.686061732557045,0.6171433430824973,5.203198697681764,0.04677169037140974,12.30490282725757,26.656522676677024
26,047,01622966,0500000US26047,26047,Emmet,Emmet County,MI,Michigan,06,1210940738,1073419241,26047,34125,30564,210,612,176,10,2217,714,"Emmet County, Michigan",89.56483516483516,0.6153846153846154,1.7934065934065935,0.5157509157509158,0.029304029304029304,6.496703296703296,2.0923076923076924
45,071,01248013,0500000US45071,45071,Newberry,Newberry County,SC,South Carolina,06,1632484450,43979027,45071,38435,23731,11088,92,182,0,1885,3551,"Newberry County, South Carolina",61.74320280993886,28.84870560686874,0.23936516196175361,0.4735267334460778,0.0,4.904384024977234,9.238974892675946
18,067,00450360,0500000US18067,18067,Howard,Howard County,IN,Indiana,06,759058622,2194576,18067,83752,70905,6176,46,1198,18,4762,3438,"Howard County, Indiana",84.6606648199446,7.37415225905053,0.0549240615149489,1.4304136020632343,0.02149202407106696,5.6858343681344925,4.104976597573789
13,079,00342918,0500000US13079,13079,Crawford,Crawford County,GA,Georgia,06,841524044,3986929,13079,12225,8858,2572,79,34,0,525,481,"Crawford County, Georgia",72.45807770961146,21.038854805725972,0.6462167689161554,0.278118609406953,0.0,4.294478527607362,3.934560327198364
36,017,00974107,0500000US36017,36017,Chenango,Chenango County,NY,New York,06,2314006879,13433905,36017,46321,42977,341,30,233,9,2032,1181,"Chenango County, New York",92.78081215863216,0.7361671811921159,0.06476544116059671,0.5030115930139678,0.019429632348179012,4.386779214611083,2.5495995336888235
55,079,01581100,0500000US55079,55079,Milwaukee,Milwaukee County,WI,Wisconsin,06,625371984,2455452227,55079,926331,467429,239717,6170,45162,164,117825,157150,"Milwaukee County, Wisconsin",50.460256646922105,25.878114842318784,0.6660686083052386,4.875363126139576,0.017704254742635192,12.719535457627998,16.96477824881171
48,265,01383918,0500000US48265,48265,Kerr,Kerr County,TX,Texas,06,2857617602,10231764,48265,53489,39539,850,368,618,8,8862,14337,"Kerr County, Texas",73.91987137542299,1.589111779992148,0.6879919235730712,1.1553777412178203,0.014956346164631979,16.567892463871075,26.803641870291088
37,065,01008551,0500000US37065,37065,Edgecombe,Edgecombe County,NC,North Carolina,06,1309073902,3706145,37065,48736,18160,27114,188,128,35,1660,3005,"Edgecombe County, North Carolina",37.26198292843073,55.634438608010505,0.3857518056467499,0.2626395272488509,0.07181549573210769,3.406106369008536,6.165873276428102
48,145,01383858,0500000US48145,48145,Falls,Falls County,TX,Texas,06,1982623105,21693053,48145,17291,10009,3230,69,961,0,2451,4324,"Falls County, Texas",57.885605228153366,18.68023827424672,0.39905152969753055,5.557804638251113,0.0,14.175004337516627,25.007229194378578
01,039,00161545,0500000US01039,01039,Covington,Covington County,AL,Alabama,06,2669165560,34194851,01039,37628,31206,4497,117,173,0,1371,765,"Covington County, Alabama",82.93292229191029,11.951206548315083,0.31093866269799086,0.45976400552779845,0.0,3.643563303922611,2.0330604868714786
12,065,00295733,0500000US12065,12065,Jefferson,Jefferson County,FL,Florida,06,1549018611,193063920,12065,15091,9490,4197,9,179,15,966,765,"Jefferson County, Florida",62.885163342389504,27.811278245311776,0.05963819495063283,1.1861374329070307,0.09939699158438804,6.401166258034591,5.069246570803791
48,233,01383902,0500000US48233,48233,Hutchinson,Hutchinson County,TX,Texas,06,2298418618,19497034,48233,20184,14205,434,404,127,53,3739,5012,"Hutchinson County, Texas",70.37752675386444,2.1502179944510504,2.001585414189457,0.6292112564407452,0.2625842251288149,18.524573919936582,24.831549742370193
12,035,00308547,0500000US12035,12035,Flagler,Flagler County,FL,Florida,06,1259229648,219207666,12035,126528,94553,11508,52,3064,9,12030,14719,"Flagler County, Florida",74.72891375821953,9.095220030349013,0.04109762266059686,2.4215983813859383,0.007113050075872534,9.50777693474962,11.63299822964087
13,033,00347944,0500000US13033,13033,Burke,Burke County,GA,Georgia,06,2142023426,20571289,13033,24470,12340,11077,26,122,0,826,872,"Burke County, Georgia",50.42909685328974,45.26767470371884,0.10625255414793626,0.4985696771557009,0.0,3.3755619125459746,3.5635472006538618
16,009,00395190,0500000US16009,16009,Benewah,Benewah County,ID,Idaho,06,2012242915,18803193,16009,10142,8549,55,839,1,1,658,387,"Benewah County, Idaho",84.29303884835339,0.5422993492407809,8.272530072963914,0.0098599881680142,0.0098599881680142,6.487872214553342,3.8158154210214947
31,051,00835847,0500000US31051,31051,Dixon,Dixon County,NE,Nebraska,06,1233120004,17111900,31051,5545,4583,18,26,4,0,717,876,"Dixon County, Nebraska",82.65103697024347,0.3246167718665464,0.4688908926961226,0.0721370604147881,0.0,12.930568079350765,15.798016230838593
13,163,00345714,0500000US13163,13163,Jefferson,Jefferson County,GA,Georgia,06,1363771360,8059597,13163,15341,6321,8098,72,6,0,511,547,"Jefferson County, Georgia",41.20331138778437,52.786650153184276,0.46933055211524677,0.03911087934293723,0.0,3.330943224040154,3.565608500097777
02,060,01419967,0500000US02060,02060,Bristol Bay,Bristol Bay Borough,AK,Alaska,04,1248323906,949767539,02060,918,447,5,194,92,11,152,46,"Bristol Bay Borough, Alaska",48.69281045751634,0.5446623093681917,21.13289760348584,10.021786492374728,1.1982570806100217,16.55773420479303,5.010893246187364
36,061,00974129,0500000US36061,36061,New York,New York County,NY,New York,06,58683880,29010416,36061,1629477,786275,223476,8665,202742,1036,205048,398102,"New York County, New York",48.25321253383754,13.714584495516046,0.5317657137842388,12.442151684252064,0.06357868199428406,12.583669484135093,24.43127457460277
27,139,00659514,0500000US27139,27139,Scott,Scott County,MN,Minnesota,06,922320608,31800969,27139,154557,119221,9507,1103,9835,14,10705,9930,"Scott County, Minnesota",77.13723739461817,6.151128709796386,0.7136525683081323,6.36334814987351,0.009058146832560156,6.926247274468319,6.424814146237311
39,057,01074041,0500000US39057,39057,Greene,Greene County,OH,Ohio,06,1071296931,6803805,39057,169688,139223,10118,246,5095,86,12798,5613,"Greene County, Ohio",82.0464617415492,5.962708028852954,0.14497194851727876,3.0025694215265664,0.05068125029465843,7.5420772240818446,3.3078355570222997
37,107,01008568,0500000US37107,37107,Lenoir,Lenoir County,NC,North Carolina,06,1033630011,5900299,37107,54919,27167,21560,139,425,29,3006,4843,"Lenoir County, North Carolina",49.467397439865984,39.25781605637393,0.253100020029498,0.773866967716091,0.052805040150039145,5.473515541069575,8.818441705056538
13,029,00350496,0500000US13029,13029,Bryan,Bryan County,GA,Georgia,06,1133284235,43751265,13029,48263,34054,6461,28,1270,20,4877,3972,"Bryan County, Georgia",70.55922756563,13.387066697055715,0.058015456975322705,2.631415369952137,0.04143961212523051,10.10504941673746,8.229906968070779
01,025,00161538,0500000US01025,01025,Clarke,Clarke County,AL,Alabama,06,3207494083,36657889,01025,22543,11586,10069,35,119,0,507,275,"Clarke County, Alabama",51.3951115645655,44.66574990019075,0.1552588386638868,0.5278800514572151,0.0,2.2490351772168746,1.2198908752162534
26,119,01623002,0500000US26119,26119,Montmorency,Montmorency County,MI,Michigan,06,1415881030,41352700,26119,9516,8861,66,53,61,0,458,165,"Montmorency County, Michigan",93.11685582177385,0.6935687263556116,0.5569567044976881,0.641025641025641,0.0,4.812946616225305,1.733921815889029
28,123,00695782,0500000US28123,28123,Scott,Scott County,MS,Mississippi,06,1577902084,3001523,28123,27718,13095,9375,0,39,71,1571,4293,"Scott County, Mississippi",47.24366837434159,33.82278663684248,0.0,0.14070279240926473,0.25615123746302043,5.667797099357818,15.48813045674291
42,025,01213664,0500000US42025,42025,Carbon,Carbon County,PA,Pennsylvania,06,987623690,15827992,42025,65382,58151,1467,241,385,0,4294,4522,"Carbon County, Pennsylvania",88.94038114465755,2.243736808295861,0.3686029794132942,0.5888470832950965,0.0,6.567556819919855,6.916276651066043
72,065,01804513,0500000US72065,72065,Hatillo,Hatillo Municipio,PR,Puerto Rico,13,108200655,43988738,72065,38157,20842,1320,143,0,0,9846,38057,"Hatillo Municipio, Puerto Rico",54.621694577665956,3.459391461592892,0.37476740833923006,0.0,0.0,25.80391540215426,99.73792488927327
31,009,00835827,0500000US31009,31009,Blaine,Blaine County,NE,Nebraska,06,1840709930,9414983,31009,422,422,0,0,0,0,0,0,"Blaine County, Nebraska",100.0,0.0,0.0,0.0,0.0,0.0,0.0
20,207,00485064,0500000US20207,20207,Woodson,Woodson County,KS,Kansas,06,1289344338,19254559,20207,3109,2891,6,7,0,0,200,90,"Woodson County, Kansas",92.98809906722418,0.1929880990672242,0.2251527822450949,0.0,0.0,6.43293663557414,2.8948214860083628
05,089,00069898,0500000US05089,05089,Marion,Marion County,AR,Arkansas,06,1545182805,112951240,05089,17228,15895,15,232,156,14,831,470,"Marion County, Arkansas",92.26259577432087,0.08706756442999768,1.3466449965172975,0.9055026700719759,0.0812630601346645,4.823543069421872,2.7281170188065937
19,139,00465258,0500000US19139,19139,Muscatine,Muscatine County,IA,Iowa,06,1132964480,30262337,19139,42559,34297,958,136,272,0,3405,8005,"Muscatine County, Iowa",80.5869498813412,2.2509927394910596,0.3195563805540544,0.6391127611081088,0.0,8.000657910195258,18.80918254658239
31,025,00835834,0500000US31025,31025,Cass,Cass County,NE,Nebraska,06,1443520799,22130961,31025,27161,24765,82,68,77,27,1635,1110,"Cass County, Nebraska",91.17852803652295,0.3019034645263429,0.25035897058282097,0.2834947166893708,0.09940723831964951,6.019660542689886,4.086742019807812
05,079,00066873,0500000US05079,05079,Lincoln,Lincoln County,AR,Arkansas,06,1449008947,26693606,05079,12950,7994,3598,14,32,0,813,662,"Lincoln County, Arkansas",61.72972972972973,27.783783783783782,0.10810810810810811,0.2471042471042471,0.0,6.277992277992278,5.111969111969112
34,009,00882274,0500000US34009,34009,Cape May,Cape May County,NJ,New Jersey,06,651437193,955149826,34009,94941,80838,3529,354,687,0,5886,7854,"Cape May County, New Jersey",85.14551142288369,3.717045322884739,0.3728631465857743,0.7236072929503586,0.0,6.199639776282112,8.27250608272506
17,081,00424242,0500000US17081,17081,Jefferson,Jefferson County,IL,Illinois,06,1479490497,32550293,17081,36550,30687,2272,122,376,0,2776,1030,"Jefferson County, Illinois",83.95896032831737,6.216142270861833,0.3337893296853625,1.0287277701778386,0.0,7.595075239398084,2.8180574555403557
13,205,00343645,0500000US13205,13205,Mitchell,Mitchell County,GA,Georgia,06,1326483085,4314212,13205,21058,9730,9531,37,3,0,885,1098,"Mitchell County, Georgia",46.20571754202678,45.26070851932757,0.1757051951752303,0.014246367176370026,0.0,4.202678317029158,5.214170386551429
19,003,00465191,0500000US19003,19003,Adams,Adams County,IA,Iowa,06,1096686255,5367875,19003,3622,3434,11,8,0,0,164,63,"Adams County, Iowa",94.80949751518499,0.3036996134732192,0.22087244616234128,0.0,0.0,4.527885146327995,1.7393705135284372
31,021,00835832,0500000US31021,31021,Burt,Burt County,NE,Nebraska,06,1273200060,14187539,31021,6740,6155,14,101,10,12,336,228,"Burt County, Nebraska",91.32047477744807,0.20771513353115725,1.4985163204747776,0.1483679525222552,0.17804154302670622,4.985163204747774,3.3827893175074184
17,159,00424281,0500000US17159,17159,Richland,Richland County,IL,Illinois,06,932484078,4874777,17159,15598,14630,68,9,85,2,570,309,"Richland County, Illinois",93.79407616361071,0.4359533273496602,0.0576997050903962,0.5449416591870753,0.012822156686754713,3.654314655725093,1.981023208103603
01,099,00161576,0500000US01099,01099,Monroe,Monroe County,AL,Alabama,06,2656469674,22609681,01099,19388,10390,8127,169,73,26,558,45,"Monroe County, Alabama",53.58984939137611,41.91768103981845,0.8716731999174746,0.3765215597276666,0.13410356921807304,2.8780689086032596,0.23210233133897257
17,113,01784833,0500000US17113,17113,McLean,McLean County,IL,Illinois,06,3064597288,7804856,17113,171556,133787,14627,541,9007,71,9907,11062,"McLean County, Illinois",77.98444822681807,8.526078947982,0.3153489239665182,5.250180699013733,0.04138590314532864,5.774790738884096,6.448040290051062
22,127,00559594,0500000US22127,22127,Winn,Winn Parish,LA,Louisiana,15,2460497667,17449604,22127,13467,8380,3583,2,244,4,646,1054,"Winn Parish, Louisiana",62.22618252023465,26.605777084725624,0.014851117546595382,1.8118363406846365,0.029702235093190765,4.796910967550308,7.826538947055766
36,095,00974145,0500000US36095,36095,Schoharie,Schoharie County,NY,New York,06,1610503551,11676951,36095,30049,26923,418,35,268,50,1765,1209,"Schoharie County, New York",89.59699158041865,1.39106126659789,0.11647642184432094,0.8918766015508004,0.1663948883490299,5.8737395587207555,4.023428400279543
46,005,01266986,0500000US46005,46005,Beadle,Beadle County,SD,South Dakota,06,3260011986,15834230,46005,19309,13797,190,290,1892,4,1633,2878,"Beadle County, South Dakota",71.45372624164898,0.9839970997980216,1.501890310218033,9.798539541146615,0.020715728416800454,8.457196126158786,14.904966595887927
51,011,01497238,0500000US51011,51011,Appomattox,Appomattox County,VA,Virginia,06,865635017,3206454,51011,16610,12820,2637,1,66,0,768,399,"Appomattox County, Virginia",77.18242022877784,15.875978326309454,0.006020469596628537,0.3973509933774834,0.0,4.623720650210716,2.4021673690547862
55,011,01581065,0500000US55011,55011,Buffalo,Buffalo County,WI,Wisconsin,06,1750290756,87549574,55011,13393,12599,57,29,33,0,492,385,"Buffalo County, Wisconsin",94.07152990368103,0.42559546031509,0.21653102366908086,0.2463973717613679,0.0,3.673560815351303,2.8746360038826255
18,073,00450494,0500000US18073,18073,Jasper,Jasper County,IN,Indiana,06,1449563750,4428654,18073,33234,29174,238,15,58,0,2430,2526,"Jasper County, Indiana",87.78359511343804,0.7161340795570801,0.04513450081242101,0.17452006980802792,0.0,7.311789131612205,7.600649936811699
48,289,01383930,0500000US48289,48289,Leon,Leon County,TX,Texas,06,2779462025,19328383,48289,16263,12350,1168,175,24,0,1474,2712,"Leon County, Texas",75.9392486011191,7.181946750292075,1.0760622271413638,0.14757424829367274,0.0,9.063518416036402,16.675890057185022
48,309,01383946,0500000US48309,48309,McLennan,McLennan County,TX,Texas,06,2685005118,61012624,48309,266067,156288,37090,1097,4595,129,56439,71761,"McLennan County, Texas",58.74009178139341,13.940097794916317,0.4123021644924023,1.7270086106131164,0.04848402845899717,21.21232621858404,26.971026094930977
13,151,01671894,0500000US13151,13151,Henry,Henry County,GA,Georgia,06,825432678,20273034,13151,249960,84380,129862,431,8342,215,20176,20722,"Henry County, Georgia",33.757401184189476,51.953112497999676,0.17242758841414627,3.33733397343575,0.08601376220195231,8.071691470635303,8.290126420227237
16,057,00395613,0500000US16057,16057,Latah,Latah County,ID,Idaho,06,2786483032,2369979,16057,41049,35630,401,206,870,123,3114,2120,"Latah County, Idaho",86.79870398791688,0.9768812882165218,0.5018392652683379,2.1194182562303587,0.2996418913980852,7.586055689541767,5.164559428975127
13,059,01672699,0500000US13059,13059,Clarke,Clarke County,GA,Georgia,06,308985572,4776726,13059,129609,73767,33281,664,5451,20,11815,15269,"Clarke County, Georgia",56.915029048908636,25.678000756120333,0.5123101019219345,4.2057264541814225,0.015431027166323325,9.115879298505506,11.780817690129544
19,143,00465260,0500000US19143,19143,Osceola,Osceola County,IA,Iowa,06,1032593803,1835263,19143,6100,5226,29,65,35,0,619,647,"Osceola County, Iowa",85.67213114754098,0.4754098360655738,1.0655737704918031,0.5737704918032787,0.0,10.147540983606557,10.60655737704918
12,101,00295739,0500000US12101,12101,Pasco,Pasco County,FL,Florida,06,1933694374,694082240,12101,611444,439280,38840,2088,20903,283,82343,113819,"Pasco County, Florida",71.8430469511517,6.3521761600408215,0.3414867101484355,3.418628688808787,0.04628387881801113,13.466973263291488,18.614787290414167
21,053,00516873,0500000US21053,21053,Clinton,Clinton County,KY,Kentucky,06,510391738,21636754,21053,9202,8666,15,50,173,0,265,315,"Clinton County, Kentucky",94.1751793088459,0.16300804173005867,0.5433601391001956,1.880026081286677,0.0,2.879808737231037,3.4231688763312325
42,049,01209178,0500000US42049,42049,Erie,Erie County,PA,Pennsylvania,06,2069143908,1966272916,42049,269052,222619,19375,369,5909,25,17055,12851,"Erie County, Pennsylvania",82.74199782941587,7.201210174984761,0.13714820926809687,2.196229725108901,0.009291884096754532,6.338923330805941,4.7764001010957
16,077,00394951,0500000US16077,16077,Power,Power County,ID,Idaho,06,3635892403,99205466,16077,8133,5093,36,119,0,0,1097,2787,"Power County, Idaho",62.62141891061109,0.4426410918480265,1.463174720275421,0.0,0.0,13.488257715480142,34.26779786056805
20,095,00485012,0500000US20095,20095,Kingman,Kingman County,KS,Kansas,06,2236245128,8391920,20095,7186,6675,18,27,3,0,360,294,"Kingman County, Kansas",92.88895073754523,0.2504870581686613,0.3757305872529919,0.041747843028110215,0.0,5.009741163373225,4.0912886167548015
31,091,00835867,0500000US31091,31091,Hooker,Hooker County,NE,Nebraska,06,1867796117,882994,31091,647,575,10,1,0,0,54,0,"Hooker County, Nebraska",88.87171561051005,1.545595054095827,0.1545595054095827,0.0,0.0,8.346213292117465,0.0
47,177,01639796,0500000US47177,47177,Warren,Warren County,TN,Tennessee,06,1120619163,3524883,47177,42166,36046,1131,330,240,99,3176,4199,"Warren County, Tennessee",85.48593653654603,2.6822558459422283,0.782621069107812,0.5691789593511359,0.23478632073234362,7.532134895413366,9.958260209647584
55,023,01581071,0500000US55023,55023,Crawford,Crawford County,WI,Wisconsin,06,1478377524,73569240,55023,16042,14901,255,46,83,15,642,314,"Crawford County, Wisconsin",92.88742052113203,1.5895773594314921,0.2867472883680339,0.5173918464031917,0.09350455055479366,4.001994763745169,1.957361924947014
27,059,00659475,0500000US27059,27059,Isanti,Isanti County,MN,Minnesota,06,1128608896,41203100,27059,42596,39012,372,179,822,4,1851,1102,"Isanti County, Minnesota",91.58606441919429,0.8733214386327355,0.4202272513851066,1.9297586627852379,0.0093905531035778,4.345478448680627,2.5870973800356842
48,089,01383830,0500000US48089,48089,Colorado,Colorado County,TX,Texas,06,2487142712,34691168,48089,21006,12532,2159,106,141,0,3876,6409,"Colorado County, Texas",59.65914500618871,10.278015805008094,0.5046177282681139,0.6712367894887175,0.0,18.45187089403028,30.510330381795676
55,005,01581062,0500000US55005,55005,Barron,Barron County,WI,Wisconsin,06,2235297632,69178288,55005,46797,42846,618,195,281,0,1983,1509,"Barron County, Wisconsin",91.55715109942945,1.320597474197064,0.41669337778062693,0.6004658418274675,0.0,4.237451118661452,3.2245656772870057
08,025,00198128,0500000US08025,08025,Crowley,Crowley County,CO,Colorado,06,2039427872,33422981,08025,5647,3607,371,258,95,18,1058,1637,"Crowley County, Colorado",63.87462369399681,6.569860102709403,4.568797591641579,1.6823091907207366,0.318753320347087,18.735611829289887,28.98884363378785
48,227,01383899,0500000US48227,48227,Howard,Howard County,TX,Texas,06,2333039143,8841781,48227,32290,20696,1660,125,429,11,6824,15408,"Howard County, Texas",64.09414679467326,5.14091049860638,0.387116754413131,1.3285847011458656,0.03406627438835553,21.133477856921647,47.71755961598018
48,423,01383997,0500000US48423,48423,Smith,Smith County,TX,Texas,06,2386604718,73163264,48423,241740,160640,39393,991,4265,98,25254,50591,"Smith County, Texas",66.4515595267643,16.29560685033507,0.4099445685447175,1.764292214776206,0.04053942252006287,10.446760982874162,20.927856374617356
46,051,01265782,0500000US46051,46051,Grant,Grant County,SD,South Dakota,06,1764937243,15765681,46051,7563,6862,28,203,60,0,221,559,"Grant County, South Dakota",90.73119132619331,0.3702234563004099,2.684120058177972,0.7933359777865925,0.0,2.9221208515139496,7.391246859711755
48,247,01383909,0500000US48247,48247,Jim Hogg,Jim Hogg County,TX,Texas,06,2942674729,92565,48247,4727,1585,16,0,103,0,2858,4322,"Jim Hogg County, Texas",33.53078062195896,0.33848106621535856,0.0,2.1789718637613706,0.0,60.46118045271842,91.43219801142374
18,175,00451665,0500000US18175,18175,Washington,Washington County,IN,Indiana,06,1330447137,7529046,18175,28212,26962,97,3,37,0,894,433,"Washington County, Indiana",95.56926130724514,0.3438253225577768,0.010633772862611655,0.13114986530554373,0.0,3.1688643130582728,1.5348078831702823
42,011,01209172,0500000US42011,42011,Berks,Berks County,PA,Pennsylvania,06,2218072315,24220126,42011,433015,301447,19969,2854,5859,95,64821,107531,"Berks County, Pennsylvania",69.61583316975162,4.611618535154671,0.659099569298985,1.3530709097837257,0.02193919379236285,14.969689271734236,24.833088923016525
51,530,01498417,0500000US51530,51530,Buena Vista,Buena Vista city,VA,Virginia,25,16674752,219579,51530,6593,5583,134,83,68,23,670,15,"Buena Vista city, Virginia",84.6807219778553,2.0324586682845442,1.2589109661762476,1.0313969361443955,0.34885484604883965,10.162293341422721,0.22751403003185197
53,069,01513275,0500000US53069,53069,Wahkiakum,Wahkiakum County,WA,Washington,06,680980770,61564427,53069,4658,4084,39,10,78,25,418,261,"Wahkiakum County, Washington",87.67711464147703,0.8372692142550452,0.21468441391155002,1.6745384285100904,0.536711034778875,8.973808501502791,5.603263203091456
13,111,00351094,0500000US13111,13111,Fannin,Fannin County,GA,Georgia,06,1002597521,13473582,13111,25742,24004,92,36,194,0,1154,848,"Fannin County, Georgia",93.248387848652,0.35739258798850126,0.1398492735607179,0.7536321964105354,0.0,4.482946158029679,3.2942273327635774
18,115,00450378,0500000US18115,18115,Ohio,Ohio County,IN,Indiana,06,223126824,3369528,18115,5999,5687,5,7,64,0,126,112,"Ohio County, Indiana",94.79913318886481,0.0833472245374229,0.11668611435239205,1.066844474079013,0.0,2.100350058343057,1.8669778296382729
19,051,00465214,0500000US19051,19051,Davis,Davis County,IA,Iowa,06,1300661926,6904087,19051,9157,8642,0,15,1,0,269,223,"Davis County, Iowa",94.37588729933384,0.0,0.16380910778639293,0.010920607185759528,0.0,2.937643332969313,2.4352954024243747
29,213,00758559,0500000US29213,29213,Taney,Taney County,MO,Missouri,06,1637476145,50101600,29213,56529,48837,1065,147,569,0,4773,4307,"Taney County, Missouri",86.39282492172158,1.883988749137611,0.26004351748659976,1.0065630030603763,0.0,8.443453802473066,7.619098162005343
48,195,01383883,0500000US48195,48195,Hansford,Hansford County,TX,Texas,06,2382296646,1548341,48195,5119,3321,7,57,15,8,1251,2572,"Hansford County, Texas",64.87595233444033,0.1367454580972846,1.1134987302207462,0.29302598163703847,0.15628052353975386,24.43836686852901,50.24418831803087
01,131,00161591,0500000US01131,01131,Wilcox,Wilcox County,AL,Alabama,06,2299540558,50592191,01131,10172,2801,7121,3,1,0,246,3,"Wilcox County, Alabama",27.536374360990955,70.00589854502556,0.029492725127801808,0.009830908375933936,0.0,2.418403460479748,0.029492725127801808
17,065,00424234,0500000US17065,17065,Hamilton,Hamilton County,IL,Illinois,06,1125731580,3172088,17065,7916,7541,17,13,41,10,252,57,"Hamilton County, Illinois",95.26275896917636,0.21475492673067204,0.16422435573521982,0.5179383527033856,0.12632642748863063,3.1834259727134917,0.7200606366851946
48,451,01384011,0500000US48451,48451,Tom Green,Tom Green County,TX,Texas,06,3942790950,47251782,48451,119577,75400,4703,549,1669,74,28714,48530,"Tom Green County, Texas",63.05560433862699,3.93303059953001,0.4591183923329738,1.3957533639412263,0.06188481062411667,24.012979084606574,40.58472783227543
39,157,01074090,0500000US39157,39157,Tuscarawas,Tuscarawas County,OH,Ohio,06,1469987547,10363043,39157,92385,86386,615,232,327,6,2871,4306,"Tuscarawas County, Ohio",93.50652162147534,0.6656924825458679,0.25112301780592083,0.3539535638902419,0.00649456080532554,3.1076473453482705,4.660929804621962
39,151,01065576,0500000US39151,39151,Stark,Stark County,OH,Ohio,06,1489745358,13646459,39151,373713,315829,26619,404,3361,113,25242,11359,"Stark County, Ohio",84.51110879204096,7.122845606120204,0.10810434745379477,0.8993532470104063,0.030237107084848534,6.754381035714572,3.0394982245734026
29,207,00758556,0500000US29207,29207,Stoddard,Stoddard County,MO,Missouri,06,2131929142,15025824,29207,28470,26612,316,137,42,41,1225,633,"Stoddard County, Missouri",93.47383210396909,1.1099402880224798,0.48120828942746746,0.1475237091675448,0.14401123990165085,4.3027748507200565,2.2233930453108535
31,023,00835833,0500000US31023,31023,Butler,Butler County,NE,Nebraska,06,1514867107,15326897,31023,8424,7637,21,82,0,0,370,527,"Butler County, Nebraska",90.65764482431149,0.24928774928774927,0.97340930674264,0.0,0.0,4.392212725546059,6.255935422602089
48,193,01383882,0500000US48193,48193,Hamilton,Hamilton County,TX,Texas,06,2165008743,1238628,48193,8406,7082,165,15,3,2,992,1196,"Hamilton County, Texas",84.24934570544849,1.9628836545324768,0.17844396859386152,0.03568879371877231,0.023792529145848205,11.801094456340708,14.227932429217226
05,065,00066860,0500000US05065,05065,Izard,Izard County,AR,Arkansas,06,1502713758,9576574,05065,14009,12447,220,86,69,10,1046,414,"Izard County, Arkansas",88.8500249839389,1.5704190163466345,0.6138910700264116,0.49254050967235347,0.07138268256121065,7.466628595902634,2.955243058034121
29,215,00758560,0500000US29215,29215,Texas,Texas County,MO,Missouri,06,3049106824,5071079,29215,25161,22463,912,68,37,0,1425,620,"Texas County, Missouri",89.2770557608998,3.6246572075831645,0.27025952863558683,0.14705297881642224,0.0,5.663526886848694,2.464130996383292
18,075,00450362,0500000US18075,18075,Jay,Jay County,IN,Indiana,06,994310124,458556,18075,20229,18919,67,12,11,0,994,922,"Jay County, Indiana",93.52414849967869,0.33120767215383856,0.05932077710218003,0.0543773790103317,0.0,4.9137377032972465,4.557813040684167
28,069,00695758,0500000US28069,28069,Kemper,Kemper County,MS,Mississippi,06,1984403150,2182350,28069,8729,2918,5187,240,0,0,365,106,"Kemper County, Mississippi",33.42880054989117,59.42261427425822,2.7494558368656206,0.0,0.0,4.181464085233131,1.214342994615649
33,011,00873179,0500000US33011,33011,Hillsborough,Hillsborough County,NH,New Hampshire,06,2270202106,41309760,33011,426378,347760,10520,598,18375,38,38285,36414,"Hillsborough County, New Hampshire",81.56143140593558,2.467294278785491,0.14025113866100034,4.3095563091904365,0.00891227971424417,8.979121812101,8.540309303012819
17,021,00424212,0500000US17021,17021,Christian,Christian County,IL,Illinois,06,1837552893,16227346,17021,33538,30883,734,21,247,13,1335,1112,"Christian County, Illinois",92.08360665513744,2.1885622279205674,0.06261554058083368,0.7364780249269486,0.03876200131194466,3.9805593654958553,3.315641958375574
21,129,00516911,0500000US21129,21129,Lee,Lee County,KY,Kentucky,06,540843067,6309608,21129,7339,6889,223,21,0,0,173,83,"Lee County, Kentucky",93.86837443793432,3.038561111868102,0.2861425262297316,0.0,0.0,2.3572693827496933,1.130944270336558
47,017,01639729,0500000US47017,47017,Carroll,Carroll County,TN,Tennessee,06,1547925981,6308712,47017,28641,24195,2415,33,87,0,1633,899,"Carroll County, Tennessee",84.47679899444852,8.4319681575364,0.11521944066198805,0.3037603435634231,0.0,5.70161656366747,3.1388568834887045
51,063,01494354,0500000US51063,51063,Floyd,Floyd County,VA,Virginia,06,986585627,2190752,51063,15593,14439,404,19,62,0,449,469,"Floyd County, Virginia",92.59924325017637,2.590906175848137,0.12184954787404605,0.3976143141153081,0.0,2.8794972102866674,3.007759892259347
31,113,00835878,0500000US31113,31113,Logan,Logan County,NE,Nebraska,06,1478101945,1203586,31113,773,693,13,5,0,0,49,15,"Logan County, Nebraska",89.65071151358343,1.6817593790426906,0.646830530401035,0.0,0.0,6.338939197930142,1.9404915912031047
20,183,00484969,0500000US20183,20183,Smith,Smith County,KS,Kansas,06,2319241779,3884267,20183,3552,3347,8,12,8,0,130,94,"Smith County, Kansas",94.2286036036036,0.22522522522522523,0.33783783783783783,0.22522522522522523,0.0,3.65990990990991,2.6463963963963963
35,055,00933056,0500000US35055,35055,Taos,Taos County,NM,New Mexico,06,5704119616,3383128,35055,34543,19242,122,2410,259,10,7786,17478,"Taos County, New Mexico",55.70448426598732,0.35318298931766207,6.976811510291521,0.7497901166661842,0.028949425353906724,22.540022580551778,50.59780563355818
05,131,00069181,0500000US05131,05131,Sebastian,Sebastian County,AR,Arkansas,06,1375756968,34511829,05131,128900,87701,6646,1038,5743,78,14636,20635,"Sebastian County, Arkansas",68.03801396431342,5.155934833204034,0.8052754072924748,4.455391776570986,0.060512024825446084,11.354538401861907,16.008533747090766
23,015,00581293,0500000US23015,23015,Lincoln,Lincoln County,ME,Maine,06,1180688993,631299424,23015,36099,33832,293,134,239,1,1552,512,"Lincoln County, Maine",93.72004764674922,0.8116568325992409,0.3712014183218372,0.662068201335217,0.0027701598382226652,4.299288068921577,1.4183218371700046
13,221,00351262,0500000US13221,13221,Oglethorpe,Oglethorpe County,GA,Georgia,06,1137165329,7708032,13221,15509,11472,2393,23,123,20,896,1051,"Oglethorpe County, Georgia",73.96995293055645,15.429750467470502,0.14830098652395385,0.793087884454188,0.1289573795860468,5.777290605454897,6.77671029724676
30,055,01716270,0500000US30055,30055,McCone,McCone County,MT,Montana,06,6843332035,103024685,30055,1670,1538,0,42,17,0,73,4,"McCone County, Montana",92.09580838323353,0.0,2.5149700598802394,1.0179640718562875,0.0,4.371257485029941,0.23952095808383234
48,361,01383966,0500000US48361,48361,Orange,Orange County,TX,Texas,06,864501044,118360262,48361,85307,67656,6635,148,953,88,7911,8216,"Orange County, Texas",79.30884921518751,7.777790802630499,0.173491038250085,1.1171416179211553,0.1031568335541046,9.273564889165016,9.631097096369583
48,043,01383807,0500000US48043,48043,Brewster,Brewster County,TX,Texas,06,16015872748,22061017,48043,9503,6547,56,0,177,18,1921,3998,"Brewster County, Texas",68.89403346311691,0.5892875933915606,0.0,1.8625697148268967,0.18941386930443016,20.214669051878353,42.07092497106177
06,045,00277287,0500000US06045,06045,Mendocino,Mendocino County,CA,California,06,9082586851,961786019,06045,90244,58041,672,3209,1907,59,18007,24941,"Mendocino County, California",64.31563317228847,0.7446478436239529,3.555915074686405,2.113159877664997,0.06537830769912681,19.953681131155534,27.637294446168166
56,017,01605074,0500000US56017,56017,Hot Springs,Hot Springs County,WY,Wyoming,06,5191453508,5100561,56017,4620,4205,0,25,14,0,338,183,"Hot Springs County, Wyoming",91.01731601731602,0.0,0.5411255411255411,0.30303030303030304,0.0,7.316017316017316,3.961038961038961
51,001,01480091,0500000US51001,51001,Accomack,Accomack County,VA,Virginia,06,1163732898,2229252990,51001,33335,19765,9061,81,240,0,3050,3649,"Accomack County, Virginia",59.29203539823009,27.181640917954102,0.24298785060746964,0.7199640017999099,0.0,9.149542522873856,10.946452677366132
30,063,01719596,0500000US30063,30063,Missoula,Missoula County,MT,Montana,06,6715861996,64585268,30063,120672,104875,518,2472,1920,159,8921,6096,"Missoula County, Montana",86.90914213736409,0.42926279501458503,2.048528241845664,1.591089896579157,0.13176213206046142,7.3927671705118,5.0517104216388224
51,105,01496538,0500000US51105,51105,Lee,Lee County,VA,Virginia,06,1127622847,4896591,51105,21900,20294,950,48,40,0,527,525,"Lee County, Virginia",92.66666666666666,4.337899543378995,0.2191780821917808,0.182648401826484,0.0,2.406392694063927,2.3972602739726026
17,181,01785113,0500000US17181,17181,Union,Union County,IL,Illinois,06,1070731267,22540420,17181,16997,15210,161,23,108,15,1437,932,"Union County, Illinois",89.48637994940285,0.9472259810554804,0.13531799729364005,0.6354062481614403,0.08825086780020003,8.454433135259164,5.483320585985762
36,031,00974114,0500000US36031,36031,Essex,Essex County,NY,New York,06,4646753187,316350563,36031,36973,34284,817,59,234,1,1156,1059,"Essex County, New York",92.72712519946988,2.209720606929381,0.15957590674275823,0.6328942742000919,0.0027046763854704785,3.126605901603873,2.8642522922132367
22,005,00558403,0500000US22005,22005,Ascension,Ascension Parish,LA,Louisiana,15,751018420,32968280,22005,130314,83657,30108,361,1453,7,10060,10961,"Ascension Parish, Louisiana",64.19647927314026,23.104194484092268,0.277023190140737,1.1149991558850163,0.005371640806053072,7.719815215556272,8.411222125021103
06,073,00277301,0500000US06073,06073,San Diego,San Diego County,CA,California,06,10904539456,817287145,06073,3288774,1592607,152969,35126,406933,13548,699565,1139063,"San Diego County, California",48.42555310884846,4.651246938828877,1.0680575801195218,12.373395070625103,0.4119468227369834,21.271300490699574,34.63488217797879
51,059,01480119,0500000US51059,51059,Fairfax,Fairfax County,VA,Virginia,06,1012738308,40071741,51059,1147837,564082,110478,5846,228940,508,153679,202057,"Fairfax County, Virginia",49.143040344578544,9.624885763396719,0.509305763797473,19.94534067119286,0.04425715497932198,13.388573464699254,17.603283393025315
22,125,00559584,0500000US22125,22125,West Feliciana,West Feliciana Parish,LA,Louisiana,15,1044584261,58751920,22125,15327,7811,6609,71,55,14,584,626,"West Feliciana Parish, Louisiana",50.96235401578914,43.11998434135839,0.4632348143798526,0.358843870294252,0.0913420760749005,3.810269459124421,4.0842956873491225
53,017,01531818,0500000US53017,53017,Douglas,Douglas County,WA,Washington,06,4711819965,76557106,53017,44366,26955,193,501,367,151,7799,15729,"Douglas County, Washington",60.75598431231123,0.43501780642834603,1.1292431140963801,0.8272100256953524,0.34035071901906866,17.57877654059415,35.452824234774376
05,135,00069183,0500000US05135,05135,Sharp,Sharp County,AR,Arkansas,06,1566013573,5209695,05135,17773,16279,88,31,119,4,1026,437,"Sharp County, Arkansas",91.59399088505036,0.49513306701175935,0.1744218758791425,0.669554942890902,0.022506048500534517,5.772801440387104,2.458785798683396
27,021,00659456,0500000US27021,27021,Cass,Cass County,MN,Minnesota,06,5235567138,1016592501,27021,30992,25081,114,2857,150,25,2518,565,"Cass County, Minnesota",80.92733608673205,0.3678368611254518,9.218508002065049,0.4839958699019101,0.08066597831698503,8.124677336086732,1.8230511099638618
20,103,00485016,0500000US20103,20103,Leavenworth,Leavenworth County,KS,Kansas,06,1200218357,14338598,20103,83123,66146,5844,304,1177,233,7763,6278,"Leavenworth County, Kansas",79.576049950074,7.030545095821854,0.36572308506670836,1.4159739181694597,0.2803074961202074,9.339172070305452,7.552662921213142
37,185,01008593,0500000US37185,37185,Warren,Warren County,NC,North Carolina,06,1112117461,38615565,37185,18795,7220,8882,947,25,5,1395,874,"Warren County, North Carolina",38.41447193402501,47.257249268422456,5.0385740888534185,0.13301409949454643,0.026602819898909287,7.42218675179569,4.650172918329343
26,029,01622957,0500000US26029,26029,Charlevoix,Charlevoix County,MI,Michigan,06,1078288793,2522931117,26029,26108,24313,136,223,176,0,1069,530,"Charlevoix County, Michigan",93.12471273172974,0.5209131300750728,0.8541443235789796,0.6741228742148,0.0,4.094530412134212,2.0300291098513865
02,100,01419970,0500000US02100,02100,Haines,Haines Borough,AK,Alaska,04,6069358955,1041214321,02100,2086,1515,12,129,125,0,278,96,"Haines Borough, Alaska",72.62703739213806,0.5752636625119847,6.184084372003835,5.992329817833173,0.0,13.32694151486098,4.6021093000958775
13,225,00343153,0500000US13225,13225,Peach,Peach County,GA,Georgia,06,389233785,2678496,13225,28560,13211,11873,46,109,72,2305,2674,"Peach County, Georgia",46.25700280112045,41.57212885154062,0.1610644257703081,0.38165266106442575,0.25210084033613445,8.070728291316527,9.362745098039216
21,027,00516860,0500000US21027,21027,Breckinridge,Breckinridge County,KY,Kentucky,06,1475580278,41098823,21027,20881,19588,395,0,0,14,714,350,"Breckinridge County, Kentucky",93.80776782721134,1.8916718547962261,0.0,0.0,0.0670465973851827,3.419376466644318,1.6761649346295675
45,003,01247979,0500000US45003,45003,Aiken,Aiken County,SC,South Carolina,06,2773070083,24554644,45003,174160,113129,41593,265,1679,51,13981,12577,"Aiken County, South Carolina",64.95693615066605,23.882062471290766,0.15215893431327515,0.9640560404226,0.02928341754708314,8.027675700505283,7.2215204409738165
47,009,01639726,0500000US47009,47009,Blount,Blount County,TN,Tennessee,06,1447336788,20158689,47009,139333,124360,3553,131,1100,47,8684,6517,"Blount County, Tennessee",89.25380204258862,2.5500061004930634,0.09401936368268823,0.7894755729080691,0.03373213811516295,6.232550795576066,4.67728391694717
25,023,00606938,0500000US25023,25023,Plymouth,Plymouth County,MA,Massachusetts,06,1705525076,1126101572,25023,535075,411816,42910,801,8987,207,46631,26184,"Plymouth County, Massachusetts",76.96416390225669,8.01943652758959,0.14969864037751718,1.6795776293043032,0.03868616549081905,8.714853057982525,4.893519600056067
45,053,01248006,0500000US45053,45053,Jasper,Jasper County,SC,South Carolina,06,1696857612,120228675,45053,32166,15468,10572,334,286,0,2485,5661,"Jasper County, South Carolina",48.088043275508305,32.86700242492072,1.0383634893987441,0.8891375987067089,0.0,7.725548716035566,17.599328483491885
55,057,01581088,0500000US55057,55057,Juneau,Juneau County,WI,Wisconsin,06,1986729542,98638538,55057,26689,23481,605,196,158,0,1860,788,"Juneau County, Wisconsin",87.98006669414366,2.266851511858818,0.7343849526021956,0.5920041964854434,0.0,6.969163325714714,2.9525272584210724
05,077,00066866,0500000US05077,05077,Lee,Lee County,AR,Arkansas,06,1553493435,57858191,05077,8359,3409,4573,0,0,0,318,263,"Lee County, Arkansas",40.78239023806675,54.707500897236514,0.0,0.0,0.0,3.8042828089484386,3.1463093671491804
02,068,01419988,0500000US02068,02068,Denali,Denali Borough,AK,Alaska,04,32740165582,66105677,02068,1969,1444,53,57,43,19,236,160,"Denali Borough, Alaska",73.33671914677501,2.691721686135094,2.8948704926358557,2.1838496698831893,0.9649568308786186,11.985779583544947,8.125952260030472
02,070,01419968,0500000US02070,02070,Dillingham,Dillingham Census Area,AK,Alaska,05,47484825241,5943879883,02070,4724,725,32,3361,86,14,496,177,"Dillingham Census Area, Alaska",15.347163420829805,0.6773920406435224,71.14733276883996,1.8204911092294667,0.29635901778154106,10.499576629974598,3.7468247248094833
01,063,00161557,0500000US01063,01063,Greene,Greene County,AL,Alabama,06,1675782054,33416150,01063,7424,1326,6034,9,3,0,52,10,"Greene County, Alabama",17.860991379310345,81.27693965517241,0.12122844827586207,0.04040948275862069,0.0,0.7004310344827587,0.13469827586206898
06,051,00277290,0500000US06051,06051,Mono,Mono County,CA,California,06,7896625263,214695142,06051,13148,9354,9,268,249,0,2683,3568,"Mono County, California",71.14390021296015,0.0684514755095832,2.0383328262853664,1.8938241557651354,0.0,20.40614542135686,27.137207179799212
33,003,00873175,0500000US33003,33003,Carroll,Carroll County,NH,New Hampshire,06,2413515434,159620276,33003,51804,48863,310,219,427,0,1852,909,"Carroll County, New Hampshire",94.32283221372867,0.5984093892363525,0.4227472782024554,0.8242606748513629,0.0,3.5750135124700795,1.7546907574704655
17,141,01784894,0500000US17141,17141,Ogle,Ogle County,IL,Illinois,06,1964903709,12378959,17141,51495,44083,636,264,294,2,4805,6144,"Ogle County, Illinois",85.60636955044178,1.2350713661520536,0.5126711331197203,0.5709292164287795,0.0038838722206039423,9.331003010000972,11.93125546169531
41,005,01155127,0500000US41005,41005,Clackamas,Clackamas County,OR,Oregon,06,4845115802,31863504,41005,423975,332982,4470,2717,21858,1051,47035,42768,"Clackamas County, Oregon",78.53812135149478,1.0543074473730762,0.6408396721504805,5.155492658765257,0.2478919747626629,11.093814493779114,10.08738722802052
45,047,01248003,0500000US45047,45047,Greenwood,Greenwood County,SC,South Carolina,06,1180009086,21260069,45047,69489,43340,21748,400,600,2,2447,5019,"Greenwood County, South Carolina",62.36958367511405,31.29703981925197,0.5756306753586898,0.8634460130380347,0.0028781533767934494,3.521420656506785,7.22272589906316
27,125,00659508,0500000US27125,27125,Red Lake,Red Lake County,MN,Minnesota,06,1119929345,227815,27125,3915,3602,19,68,14,0,200,141,"Red Lake County, Minnesota",92.0051085568327,0.48531289910600256,1.7369093231162196,0.35759897828863346,0.0,5.108556832694764,3.601532567049808
47,175,01648584,0500000US47175,47175,Van Buren,Van Buren County,TN,Tennessee,06,708142395,2893456,47175,6437,6092,17,9,8,0,201,144,"Van Buren County, Tennessee",94.64036041634301,0.26409818238309773,0.13981668479105175,0.12428149759204597,0.0,3.1225726270001553,2.237066956656828
21,113,00516903,0500000US21113,21113,Jessamine,Jessamine County,KY,Kentucky,06,445767041,6121602,21113,54588,47486,2221,50,979,21,3112,2740,"Jessamine County, Kentucky",86.98981461126988,4.068659778705943,0.09159522239319998,1.7934344544588552,0.03846999340514399,5.700886641752766,5.019418187147359
55,045,01581082,0500000US55045,55045,Green,Green County,WI,Wisconsin,06,1512667179,1313241,55045,37017,34484,385,30,264,0,1442,1567,"Green County, Wisconsin",93.15719804414188,1.0400626739065835,0.08104384471999351,0.7131858335359429,0.0,3.8955074695410215,4.233190155874328
31,141,00835892,0500000US31141,31141,Platte,Platte County,NE,Nebraska,06,1745780717,27297317,31141,34716,26213,252,298,72,18,6163,8234,"Platte County, Nebraska",75.50697084917617,0.7258900795022468,0.8583938241732918,0.20739716557207052,0.05184929139301763,17.752621269731534,23.718170296117062
47,011,01639727,0500000US47011,47011,Bradley,Bradley County,TN,Tennessee,06,851489212,6959141,47011,111065,93033,4912,209,1297,24,8211,9320,"Bradley County, Tennessee",83.76446225183452,4.422635393688381,0.18817809390897222,1.167784630621708,0.021608967721604463,7.392968081753929,8.391482465223067
16,017,00395158,0500000US16017,16017,Bonner,Bonner County,ID,Idaho,06,4489020245,478920605,16017,51049,45936,177,221,279,33,3448,2028,"Bonner County, Idaho",89.98413289192736,0.34672569492056654,0.4329173930929108,0.5465337225019099,0.06464377362925816,6.754294893141884,3.972653724852593
48,351,01383961,0500000US48351,48351,Newton,Newton County,TX,Texas,06,2418212546,15672146,48351,12093,9019,2097,111,86,21,711,439,"Newton County, Texas",74.58033573141488,17.340610270404365,0.9178863805507318,0.7111552137600264,0.1736541801041925,5.87943438352766,3.630199288844786
51,089,01502770,0500000US51089,51089,Henry,Henry County,VA,Virginia,06,990284625,5269785,51089,49980,34448,11123,127,260,0,2311,3476,"Henry County, Virginia",68.9235694277711,22.254901960784313,0.2541016406562625,0.5202080832332933,0.0,4.623849539815927,6.954781912765107
41,057,01135864,0500000US41057,41057,Tillamook,Tillamook County,OR,Oregon,06,2857229748,593692057,41057,27496,23046,218,134,212,29,2247,3122,"Tillamook County, Oregon",83.81582775676462,0.7928425952865871,0.48734361361652606,0.7710212394530114,0.10546988652894967,8.172097759674134,11.35437881873727
51,119,01480147,0500000US51119,51119,Middlesex,Middlesex County,VA,Virginia,06,337554148,208310589,51119,10847,8556,1747,6,43,0,449,349,"Middlesex County, Virginia",78.87895270581727,16.105835714944224,0.05531483359454227,0.3964229740942196,0.0,4.139393380658247,3.217479487415875
46,009,01266997,0500000US46009,46009,Bon Homme,Bon Homme County,SD,South Dakota,06,1459586268,46799495,46009,7044,6096,164,404,7,0,315,166,"Bon Homme County, South Dakota",86.54173764906304,2.328222600795003,5.735377626348666,0.09937535491198182,0.0,4.4718909710391825,2.3566155593412836
48,127,01383849,0500000US48127,48127,Dimmit,Dimmit County,TX,Texas,06,3441795903,14575999,48127,8380,1203,94,234,46,0,6035,7303,"Dimmit County, Texas",14.35560859188544,1.1217183770883055,2.79236276849642,0.548926014319809,0.0,72.01670644391407,87.14797136038186
37,165,01008585,0500000US37165,37165,Scotland,Scotland County,NC,North Carolina,06,826569986,3842049,37165,33590,13623,12435,3907,424,0,2400,1349,"Scotland County, North Carolina",40.55671330753201,37.01994641262281,11.631437927954748,1.2622804406073236,0.0,7.14498362607919,4.016076213158678
38,009,01034227,0500000US38009,38009,Bottineau,Bottineau County,ND,North Dakota,06,4322321796,74690378,38009,6378,5738,0,297,31,0,247,164,"Bottineau County, North Dakota",89.96550642834744,0.0,4.656632173095014,0.4860457823769207,0.0,3.8726873628096583,2.571338977735967
29,143,00758526,0500000US29143,29143,New Madrid,New Madrid County,MO,Missouri,06,1747940899,56236293,29143,15731,11834,2060,14,49,0,1713,292,"New Madrid County, Missouri",75.22725827982964,13.095162418155235,0.08899624944377345,0.31148687305320705,0.0,10.889326806941707,1.856207488398703
06,049,00277289,0500000US06049,06049,Modoc,Modoc County,CA,California,06,10225877725,660503268,06049,8600,6766,49,174,177,0,1048,1348,"Modoc County, California",78.67441860465117,0.569767441860465,2.0232558139534884,2.0581395348837206,0.0,12.186046511627907,15.674418604651164
22,077,00559449,0500000US22077,22077,Pointe Coupee,Pointe Coupee Parish,LA,Louisiana,15,1442300231,86716680,22077,20217,12366,6584,74,29,0,941,715,"Pointe Coupee Parish, Louisiana",61.16634515506752,32.56665182766979,0.3660285898006628,0.143443636543503,0.0,4.654498689221942,3.536627590641539
47,123,01639776,0500000US47123,47123,Monroe,Monroe County,TN,Tennessee,06,1646647004,43545177,47123,47695,41985,956,140,104,0,3438,2220,"Monroe County, Tennessee",88.02809518817486,2.004402977251284,0.29353181675228013,0.21805220673026524,0.0,7.208302757102422,4.654575951357585
06,035,01693324,0500000US06035,06035,Lassen,Lassen County,CA,California,06,11762091407,462950203,06035,30356,20400,1883,1045,652,289,4898,6851,"Lassen County, California",67.20252997759916,6.2030570562656475,3.4424825405191726,2.147845565950718,0.9520358413493213,16.135195677954936,22.56884965081038
18,123,00451682,0500000US18123,18123,Perry,Perry County,IN,Indiana,06,988702369,11837413,18123,19270,17862,429,60,112,0,738,302,"Perry County, Indiana",92.69330565646082,2.2262584327970942,0.3113648157758173,0.5812143227815256,0.0,3.829787234042553,1.5672029060716137
38,055,01034232,0500000US38055,38055,McLean,McLean County,ND,North Dakota,06,5465546321,563843611,38055,9823,8698,10,576,100,9,365,201,"McLean County, North Dakota",88.54728697953782,0.10180189351521939,5.863789066476636,1.0180189351521938,0.09162170416369744,3.7157691133055075,2.0462180596559096
16,055,00395661,0500000US16055,16055,Kootenai,Kootenai County,ID,Idaho,06,3205837533,184443858,16055,181996,158537,644,1493,1264,84,16783,10298,"Kootenai County, Idaho",87.11015626717071,0.3538539308556232,0.8203476999494493,0.6945207586979933,0.04615486054638564,9.221631244642738,5.658366117936658
32,033,00858615,0500000US32033,32033,White Pine,White Pine County,NV,Nevada,06,23016356483,23426584,32033,8735,6567,520,546,45,3,933,1442,"White Pine County, Nevada",75.18030910131654,5.953062392673154,6.250715512306812,0.5151688609044075,0.03434459072696051,10.681167716084715,16.508299942759017
41,045,01135858,0500000US41045,41045,Malheur,Malheur County,OR,Oregon,06,25609051315,108997319,41045,31954,22103,321,667,380,42,6183,10864,"Malheur County, Oregon",69.17130875633724,1.0045690680353008,2.0873756024284913,1.18920948863992,0.1314389434812543,19.34969017963322,33.99887338048445
28,115,00695803,0500000US28115,28115,Pontotoc,Pontotoc County,MS,Mississippi,06,1289330916,8308394,28115,31550,23700,4639,33,1,0,1636,2254,"Pontotoc County, Mississippi",75.1188589540412,14.70364500792393,0.10459587955625992,0.003169572107765452,0.0,5.185419968304279,7.1442155309033275
21,235,00516964,0500000US21235,21235,Whitley,Whitley County,KY,Kentucky,06,1134211587,18639649,21235,36920,35210,404,21,96,0,894,776,"Whitley County, Kentucky",95.36836403033587,1.094257854821235,0.05687973997833153,0.26002166847237274,0.0,2.4214517876489707,2.1018418201516793
27,127,00659509,0500000US27127,27127,Redwood,Redwood County,MN,Minnesota,06,2275493307,8220836,27127,15350,13284,98,593,407,7,759,641,"Redwood County, Minnesota",86.54071661237785,0.6384364820846905,3.8631921824104234,2.6514657980456025,0.04560260586319218,4.944625407166123,4.175895765472313
35,043,00929113,0500000US35043,35043,Sandoval,Sandoval County,NM,New Mexico,06,9609358329,10852149,35043,153604,78213,3501,18548,2084,234,37587,61448,"Sandoval County, New Mexico",50.91859586989922,2.279237519856254,12.075206374833988,1.3567355016796436,0.15233978281815577,24.470065883700943,40.004166558162545
41,023,01135851,0500000US41023,41023,Grant,Grant County,OR,Oregon,06,11726925905,1893807,41023,7209,6311,9,53,57,0,727,306,"Grant County, Oregon",87.54334859203773,0.12484394506866417,0.7351921209599113,0.7906783187682065,0.0,10.08461645165765,4.2446941323345815
27,115,00659503,0500000US27115,27115,Pine,Pine County,MN,Minnesota,06,3655344652,60270933,27115,29640,26217,704,692,336,0,1523,838,"Pine County, Minnesota",88.45141700404858,2.375168690958165,2.3346828609986505,1.1336032388663968,0.0,5.138326585695007,2.8272604588394064
06,031,00277280,0500000US06031,06031,Kings,Kings County,CA,California,06,3602601926,3164290,06031,153298,58349,9453,3316,5792,440,41154,89248,"Kings County, California",38.062466568383144,6.1664209578729015,2.163107150778223,3.7782619473182946,0.28702266174379315,26.84575141228196,58.218632989341025
53,025,01531924,0500000US53025,53025,Grant,Grant County,WA,Washington,06,6939995087,289820268,53025,101799,56828,1345,1589,1066,29,18149,44645,"Grant County, Washington",55.82373107790842,1.3212310533502294,1.5609190660026129,1.0471615634731186,0.028487509700488217,17.82826943290209,43.85603001994126
22,107,00559509,0500000US22107,22107,Tensas,Tensas Parish,LA,Louisiana,15,1561795836,99432220,22107,3935,1637,2124,0,40,0,115,43,"Tensas Parish, Louisiana",41.601016518424395,53.977128335451084,0.0,1.0165184243964422,0.0,2.9224904701397714,1.0927573062261755
48,037,01383804,0500000US48037,48037,Bowie,Bowie County,TX,Texas,06,2291982020,98385599,48037,92115,59018,22866,467,1273,168,5779,7938,"Bowie County, Texas",64.06991260923846,24.82331867773978,0.5069749769310102,1.3819681919339954,0.1823807197524833,6.273679639580959,8.617489008304837
55,033,01581076,0500000US55033,55033,Dunn,Dunn County,WI,Wisconsin,06,2201902879,35572577,55033,45527,41442,400,49,1405,7,1800,1124,"Dunn County, Wisconsin",91.02730247984712,0.8785995123772707,0.10762844026621565,3.086080787225163,0.015375491466602238,3.953697805697718,2.4688646297801307
55,095,01581108,0500000US55095,55095,Polk,Polk County,WI,Wisconsin,06,2368076576,109026970,55095,45555,42719,128,263,210,4,1939,1008,"Polk County, Wisconsin",93.77455822631984,0.28097903632971133,0.5773241137087038,0.4609812314784327,0.008780594885303479,4.256393370650861,2.2127099110964767
56,029,01605079,0500000US56029,56029,Park,Park County,WY,Wyoming,06,17972027722,67638744,56029,30449,26889,74,157,137,17,2174,1828,"Park County, Wyoming",88.30831882820453,0.2430293277283326,0.5156162763965976,0.44993267430785905,0.055831061775427765,7.13980754704588,6.003481230910703
06,047,00277288,0500000US06047,06047,Merced,Merced County,CA,California,06,5019407132,105277636,06047,290201,91462,8082,4316,20971,975,44616,183933,"Merced County, California",31.516776303320803,2.784966281990758,1.4872450473981826,7.226370687902523,0.3359740317917581,15.374171694790853,63.38124265595225
13,031,00350302,0500000US13031,13031,Bulloch,Bulloch County,GA,Georgia,06,1750735216,32827779,13031,82683,51440,23278,560,1195,43,4842,4263,"Bulloch County, Georgia",62.21351426532661,28.1533084189011,0.677285536325484,1.445278956980274,0.05200585368213539,5.856101012299989,5.155836145277747
54,077,01558642,0500000US54077,54077,Preston,Preston County,WV,West Virginia,06,1680420300,6668159,54077,34160,30270,2258,106,125,0,1283,661,"Preston County, West Virginia",88.61241217798595,6.610070257611242,0.31030444964871196,0.3659250585480094,0.0,3.7558548009367683,1.9350117096018735
24,027,01709077,0500000US24027,24027,Howard,Howard County,MD,Maryland,06,649957177,6336170,24027,336328,157552,67150,1091,64745,134,31091,29135,"Howard County, Maryland",46.844746794795554,19.965628790942176,0.32438571870317073,19.250553031564426,0.03984205894246093,9.24424966104517,8.662674532004472
17,163,01784987,0500000US17163,17163,St. Clair,St. Clair County,IL,Illinois,06,1703526437,41843531,17163,253694,152523,70726,642,4174,58,19866,12858,"St. Clair County, Illinois",60.12085425749131,27.878467760372732,0.2530607740033268,1.6452892066820657,0.022862188305596505,7.8306936703272445,5.068310641954481
22,085,00559489,0500000US22085,22085,Sabine,Sabine Parish,LA,Louisiana,15,2244547678,375313525,22085,21977,14754,3220,1621,86,0,2026,777,"Sabine Parish, Louisiana",67.13382172271011,14.651681303180597,7.375892979023524,0.39131819629612774,0.0,9.218728670883197,3.5355144014196664
33,007,00873177,0500000US33007,33007,Coos,Coos County,NH,New Hampshire,06,4647924324,92545557,33007,31271,29158,690,64,45,1,1111,741,"Coos County, New Hampshire",93.24294074382016,2.2065172204278722,0.20466246682229544,0.14390329698442647,0.0031978510440983663,3.552812509993285,2.369607623676889
09,160,02830251,0500000US09160,09160,Northwest Hills,Northwest Hills Planning Region,CT,Connecticut,PL,2037392863,55597912,09160,113216,94550,3178,55,2397,0,8726,10050,"Northwest Hills Planning Region, Connecticut",83.51293103448276,2.8070237422272473,0.048579706048615036,2.1171919163369135,0.0,7.70739118145845,8.876837196156021
24,043,01714220,0500000US24043,24043,Washington,Washington County,MD,Maryland,06,1185655253,24820607,24043,155709,116696,18030,331,2531,117,14429,12297,"Washington County, Maryland",74.94492932328896,11.579292141109377,0.21257602322280666,1.6254680204740894,0.07514016530836368,9.266644831063072,7.897424040999557
48,097,01383834,0500000US48097,48097,Cooke,Cooke County,TX,Texas,06,2265789885,61319327,48097,43046,33253,1378,156,313,0,5879,8999,"Cooke County, Texas",77.2499186916322,3.201226594805557,0.36240301073270453,0.7271291176880547,0.0,13.65748269293314,20.905542907587233
23,007,00581289,0500000US23007,23007,Franklin,Franklin County,ME,Maine,06,4395226692,121284631,23007,30413,28401,261,50,208,0,1361,513,"Franklin County, Maine",93.38440798342815,0.8581856442968469,0.16440338013349554,0.6839180613553415,0.0,4.475060007233749,1.6867786801696643
20,049,00484994,0500000US20049,20049,Elk,Elk County,KS,Kansas,06,1668636743,16061112,20049,2453,2167,2,18,6,0,234,110,"Elk County, Kansas",88.34080717488789,0.08153281695882593,0.7337953526294333,0.24459845087647777,0.0,9.539339584182633,4.484304932735426
47,151,01639788,0500000US47151,47151,Scott,Scott County,TN,Tennessee,06,1378652171,2418741,47151,22113,21351,54,42,75,3,567,47,"Scott County, Tennessee",96.55406322072989,0.2442002442002442,0.1899335232668566,0.3391670058336725,0.0135666802333469,2.564102564102564,0.2125446569891014
21,101,00516897,0500000US21101,21101,Henderson,Henderson County,KY,Kentucky,06,1130168820,75607018,21101,44280,37856,3585,17,202,84,1908,1495,"Henderson County, Kentucky",85.49232158988256,8.09620596205962,0.03839205058717254,0.4561878952122855,0.1897018970189702,4.308943089430894,3.3762420957542907
38,029,01035615,0500000US38029,38029,Emmons,Emmons County,ND,North Dakota,06,3906739847,121497556,38029,3254,3037,4,38,7,0,141,39,"Emmons County, North Dakota",93.33128457283344,0.1229256299938537,1.1677934849416103,0.21511985248924403,0.0,4.333128457283344,1.1985248924400738
21,127,00516910,0500000US21127,21127,Lawrence,Lawrence County,KY,Kentucky,06,1076391952,11578388,21127,16077,15593,13,5,214,0,252,59,"Lawrence County, Kentucky",96.98948808857374,0.08086085712508552,0.031100329663494432,1.3310941095975617,0.0,1.5674566150401197,0.3669838900292343
27,029,00659460,0500000US27029,27029,Clearwater,Clearwater County,MN,Minnesota,06,2587406741,80628707,27029,8616,7229,14,585,69,4,681,81,"Clearwater County, Minnesota",83.90204271123491,0.16248839368616527,6.789693593314763,0.8008356545961003,0.04642525533890436,7.903899721448468,0.9401114206128134
48,453,01384012,0500000US48453,48453,Travis,Travis County,TX,Texas,06,2575210685,79595808,48453,1330015,729783,108536,10618,106667,845,264571,433057,"Travis County, Texas",54.87028341785619,8.160509467938331,0.7983368608624715,8.019984737014244,0.06353311804754082,19.892332041367954,32.56030947019394
27,137,00662850,0500000US27137,27137,St. Louis,St. Louis County,MN,Minnesota,06,16182544691,1586178745,27137,200123,180247,3301,3129,2076,12,10073,3896,"St. Louis County, Minnesota",90.06810811351019,1.6494855663766783,1.5635384238693202,1.037362022356251,0.005996312267955207,5.033404456259401,1.9468027163294574
39,117,01074071,0500000US39117,39117,Morrow,Morrow County,OH,Ohio,06,1051881045,2819351,39117,35404,33268,144,42,152,0,1426,684,"Morrow County, Ohio",93.96678341430346,0.4067337024065077,0.11863066320189808,0.42933001920686925,0.0,4.027793469664444,1.9319850864309116
16,037,00399758,0500000US16037,16037,Custer,Custer County,ID,Idaho,06,12748378764,42527190,16037,4470,3985,14,17,137,0,234,201,"Custer County, Idaho",89.14988814317674,0.3131991051454139,0.3803131991051454,3.0648769574944073,0.0,5.23489932885906,4.496644295302014
08,073,00198152,0500000US08073,08073,Lincoln,Lincoln County,CO,Colorado,06,6676289550,22780358,08073,5550,4346,304,73,5,0,502,845,"Lincoln County, Colorado",78.30630630630631,5.4774774774774775,1.3153153153153152,0.09009009009009009,0.0,9.045045045045045,15.225225225225225
08,117,00198174,0500000US08117,08117,Summit,Summit County,CO,Colorado,06,1575563223,28310936,08117,31017,23723,129,112,486,122,6038,5334,"Summit County, Colorado",76.48386368765514,0.41590095753941386,0.3610923042202663,1.5668826772415128,0.39333268852564723,19.466744043589,17.197020988490184
41,019,01135849,0500000US41019,41019,Douglas,Douglas County,OR,Oregon,06,13042338721,251961371,41019,112072,96864,392,1190,959,88,10251,7444,"Douglas County, Oregon",86.43015204511386,0.3497751445499322,1.0618174030980083,0.8556999072025127,0.07852095081733172,9.14679848668713,6.64215861232065
26,089,01622987,0500000US26089,26089,Leelanau,Leelanau County,MI,Michigan,06,899241892,5659105321,26089,22734,20420,162,596,106,2,1283,982,"Leelanau County, Michigan",89.82141286179291,0.7125890736342043,2.6216239992962085,0.4662619864520102,0.008797395970792645,5.643529515263482,4.319521421659188
51,171,01673918,0500000US51171,51171,Shenandoah,Shenandoah County,VA,Virginia,06,1315919346,9716893,51171,44925,38352,1368,71,554,3,3113,4107,"Shenandoah County, Virginia",85.36894824707846,3.045075125208681,0.1580411797440178,1.2331663884251531,0.00667779632721202,6.9293266555370066,9.141903171953256
29,045,00758477,0500000US29045,29045,Clark,Clark County,MO,Missouri,06,1306924726,18695976,29045,6675,6334,127,0,6,0,197,65,"Clark County, Missouri",94.89138576779025,1.902621722846442,0.0,0.0898876404494382,0.0,2.951310861423221,0.9737827715355805
30,019,01637566,0500000US30019,30019,Daniels,Daniels County,MT,Montana,06,3694021963,1021697,30019,1494,1369,4,21,9,0,72,50,"Daniels County, Montana",91.63319946452476,0.2677376171352075,1.4056224899598393,0.6024096385542169,0.0,4.819277108433735,3.3467202141900936
30,079,01715847,0500000US30079,30079,Prairie,Prairie County,MT,Montana,06,4497780202,15092932,30079,1250,1108,0,1,34,0,53,7,"Prairie County, Montana",88.64,0.0,0.08,2.7199999999999998,0.0,4.24,0.5599999999999999
30,009,01720111,0500000US30009,30009,Carbon,Carbon County,MT,Montana,06,5303728455,35213028,30009,11116,10137,31,36,3,26,679,337,"Carbon County, Montana",91.19287513494062,0.2788772939906441,0.3238575026988125,0.026988125224901044,0.23389708528247571,6.10831234256927,3.0316660669305504
05,145,00069906,0500000US05145,05145,White,White County,AR,Arkansas,06,2678251460,20548272,05145,77838,67907,3326,146,539,14,5139,3853,"White County, Arkansas",87.24145019142321,4.272977209075259,0.1875690536755826,0.6924638351447879,0.01798607364012436,6.602173745471364,4.950024409671369
06,079,00277304,0500000US06079,06079,San Luis Obispo,San Luis Obispo County,CA,California,06,8549160509,815630594,06079,281555,195251,3267,2632,10471,413,47929,70318,"San Luis Obispo County, California",69.34737440286978,1.160341673918062,0.9348084743655769,3.718989185061533,0.14668537230736445,17.022961765907194,24.97487169469553
16,027,00399406,0500000US16027,16027,Canyon,Canyon County,ID,Idaho,06,1520451458,43117846,16027,250790,182916,1871,2451,2154,774,33832,65197,"Canyon County, Idaho",72.93592248494757,0.7460425056820448,0.977311695043662,0.8588859204912477,0.3086247458032617,13.49017105945213,25.996650584154075
35,009,00933053,0500000US35009,35009,Curry,Curry County,NM,New Mexico,06,3640289851,7992977,35009,47638,25586,2914,670,729,73,8739,21886,"Curry County, New Mexico",53.70922372895588,6.116965447751794,1.4064402367857594,1.5302909442042067,0.15323901087367228,18.344598849657835,45.942314958646456
29,189,00758549,0500000US29189,29189,St. Louis,St. Louis County,MO,Missouri,06,1315699985,39811029,29189,995569,618307,240070,1148,48760,213,69258,38412,"St. Louis County, Missouri",62.10589120392459,24.113848462537504,0.11531094278749138,4.897701716304947,0.02139480036039692,6.9566248045087775,3.858296110063692
72,097,01804529,0500000US72097,72097,Mayagüez,Mayagüez Municipio,PR,Puerto Rico,13,200954972,508925231,72097,70828,9116,1677,80,171,0,8229,70112,"Mayagüez Municipio, Puerto Rico",12.870616140509403,2.367707686225786,0.11294968091715141,0.24142994296041115,0.0,11.618286553340488,98.98910035579149
41,007,01135846,0500000US41007,41007,Clatsop,Clatsop County,OR,Oregon,06,2144781264,661720213,41007,41363,34355,421,306,526,25,4610,4156,"Clatsop County, Oregon",83.05732176099413,1.0178178565384521,0.7397916011894689,1.2716679157701327,0.06044049029325726,11.145226410076639,10.047627106351086
48,137,01383854,0500000US48137,48137,Edwards,Edwards County,TX,Texas,06,5485263220,5196312,48137,1290,960,27,2,0,0,61,555,"Edwards County, Texas",74.4186046511628,2.0930232558139537,0.15503875968992248,0.0,0.0,4.728682170542635,43.02325581395349
18,063,00450358,0500000US18063,18063,Hendricks,Hendricks County,IN,Indiana,06,1053849429,4880780,18063,183344,143308,18514,518,6078,0,11334,9546,"Hendricks County, Indiana",78.16345230822934,10.097957936992758,0.2825290164935858,3.315079849899642,0.0,6.18182214852954,5.206606161096081
48,411,01383991,0500000US48411,48411,San Saba,San Saba County,TX,Texas,06,2940447162,8300211,48411,5696,4128,141,18,14,9,1162,1746,"San Saba County, Texas",72.47191011235955,2.475421348314607,0.31601123595505615,0.24578651685393257,0.15800561797752807,20.400280898876407,30.65308988764045
12,067,00295732,0500000US12067,12067,Lafayette,Lafayette County,FL,Florida,06,1407256302,11817999,12067,8161,5684,1441,24,3,0,929,1042,"Lafayette County, Florida",69.64832741085651,17.657149859085898,0.2940816076461218,0.036760200955765224,0.0,11.383408895968632,12.76804313196912
36,073,00974135,0500000US36073,36073,Orleans,Orleans County,NY,New York,06,1013364725,1103744014,36073,39608,34032,1944,167,303,0,2119,2165,"Orleans County, New York",85.92203595233286,4.908099373863866,0.42163199353665926,0.7649969703090285,0.0,5.349929307210664,5.466067461118966
45,009,01247982,0500000US45009,45009,Bamberg,Bamberg County,SC,South Carolina,06,1018815104,5686290,45009,13042,4912,7763,41,66,0,170,183,"Bamberg County, South Carolina",37.662935132648364,59.52307928231866,0.3143689618156724,0.5060573531666922,0.0,1.3034810611869345,1.403159024689465
45,013,01247984,0500000US45013,45013,Beaufort,Beaufort County,SC,South Carolina,06,1491948053,899854741,45013,195289,135185,30745,501,2314,0,15826,24168,"Beaufort County, South Carolina",69.22304891724572,15.743334237975512,0.2565428672377861,1.1849105684395946,0.0,8.103887059691022,12.375505020764098
46,099,01265772,0500000US46099,46099,Minnehaha,Minnehaha County,SD,South Dakota,06,2089707824,18182409,46099,203289,162033,13269,4176,3188,80,15978,13457,"Minnehaha County, South Dakota",79.70573912016883,6.527160839986424,2.054218378761271,1.5682107738244566,0.03935284250500519,7.859746469312162,6.619640019873185
56,035,01605082,0500000US56035,56035,Sublette,Sublette County,WY,Wyoming,06,12655929030,127353627,56035,8838,7907,10,22,0,0,769,648,"Sublette County, Wyoming",89.46594252093234,0.11314777098891153,0.24892509617560535,0.0,0.0,8.701063589047296,7.3319755600814664
41,069,01135865,0500000US41069,41069,Wheeler,Wheeler County,OR,Oregon,06,4444475029,1241033,41069,1485,1264,0,2,7,0,177,72,"Wheeler County, Oregon",85.11784511784512,0.0,0.13468013468013468,0.47138047138047134,0.0,11.91919191919192,4.848484848484849
42,029,01209174,0500000US42029,42029,Chester,Chester County,PA,Pennsylvania,06,1943905796,22412287,42029,547840,422108,28542,604,37240,144,43699,45958,"Chester County, Pennsylvania",77.0495035046729,5.209915303738318,0.11025116822429906,6.797605140186916,0.026285046728971962,7.976599007009345,8.388945677570094
01,091,00161572,0500000US01091,01091,Marengo,Marengo County,AL,Alabama,06,2530155119,14951685,01091,18851,8386,9592,54,49,0,596,506,"Marengo County, Alabama",44.485703676197545,50.883242268314675,0.2864569518858416,0.25993316004455996,0.0,3.16163598748077,2.684207734337701
21,073,00516883,0500000US21073,21073,Franklin,Franklin County,KY,Kentucky,06,538480613,10617911,21073,51842,42112,4782,60,922,100,3050,2281,"Franklin County, Kentucky",81.23143397245477,9.224181165850084,0.11573627560665098,1.7784807684888702,0.1928937926777516,5.883260676671425,4.399907410979514
21,029,00516861,0500000US21029,21029,Bullitt,Bullitt County,KY,Kentucky,06,769444025,8237542,21029,84027,76760,1092,17,604,0,4827,2769,"Bullitt County, Kentucky",91.35158937008343,1.2995822771252097,0.020231592226308208,0.7188165708641271,0.0,5.74458209861116,3.2953693455674964
40,007,01101791,0500000US40007,40007,Beaver,Beaver County,OK,Oklahoma,06,4700407073,7347161,40007,5028,3461,37,58,3,0,1003,1439,"Beaver County, Oklahoma",68.83452665075576,0.73587907716786,1.1535401750198886,0.05966587112171838,0.0,19.948289578361177,28.61972951471758
55,061,01581090,0500000US55061,55061,Kewaunee,Kewaunee County,WI,Wisconsin,06,886951790,1921336269,55061,20664,19138,84,58,160,0,877,847,"Kewaunee County, Wisconsin",92.61517615176152,0.40650406504065045,0.2806813782423539,0.7742934572202865,0.0,4.244096012388695,4.098915989159892
40,045,01101810,0500000US40045,40045,Ellis,Ellis County,OK,Oklahoma,06,3189509979,952235,40045,3683,3191,14,49,31,0,312,350,"Ellis County, Oklahoma",86.64132500678794,0.38012489818083084,1.3304371436329079,0.8417051316861255,0.0,8.47135487374423,9.50312245452077
01,097,00161575,0500000US01097,01097,Mobile,Mobile County,AL,Alabama,06,3184064145,1074011164,01097,412590,229432,147984,1747,8896,119,18549,14244,"Mobile County, Alabama",55.60774618871034,35.86708354540827,0.4234227683656899,2.1561356310138393,0.0288421920065925,4.495746382607431,3.452337671780702
26,125,01623005,0500000US26125,26125,Oakland,Oakland County,MI,Michigan,06,2246569961,103163034,26125,1279825,885044,164389,2045,109982,419,96559,64409,"Oakland County, Michigan",69.1535170824136,12.844646729044987,0.15978747094329304,8.593518645127265,0.03273885101478718,7.544703377414881,5.032641181411521
26,145,01623015,0500000US26145,26145,Saginaw,Saginaw County,MI,Michigan,06,2074078765,39262561,26145,188665,133402,35003,533,2225,61,13244,17381,"Saginaw County, Michigan",70.70839848408555,18.552990750801683,0.2825113296053852,1.1793390400975272,0.032332441099303,7.0198499986749,9.212625553229268
20,167,00485046,0500000US20167,20167,Russell,Russell County,KS,Kansas,06,2295402858,34126776,20167,6679,6036,24,13,24,0,483,277,"Russell County, Kansas",90.37281030094326,0.3593352298248241,0.19463991615511306,0.3593352298248241,0.0,7.231621500224585,4.147327444228178
45,031,01247992,0500000US45031,45031,Darlington,Darlington County,SC,South Carolina,06,1451987311,14598203,45031,62558,33788,25447,184,364,4,2083,1552,"Darlington County, South Carolina",54.0106780907318,40.677451325170246,0.2941270500975095,0.5818600338885515,0.006394066306467597,3.3297100290930017,2.480897726909428
55,139,01581129,0500000US55139,55139,Winnebago,Winnebago County,WI,Wisconsin,06,1125861145,372630325,55139,171769,148625,4785,657,5561,66,9872,8736,"Winnebago County, Wisconsin",86.52609027240072,2.7857180282821696,0.3824904377390565,3.2374875559617857,0.03842369694182303,5.747253578934499,5.08590024975403
53,077,01531929,0500000US53077,53077,Yakima,Yakima County,WA,Washington,06,11122734369,41188782,53077,257152,120276,1804,8138,3182,942,68963,134645,"Yakima County, Washington",46.77233698357392,0.701530612244898,3.1646652563464412,1.2374004479840717,0.36632030861124937,26.817990915878546,52.36008275261324
39,133,01074079,0500000US39133,39133,Portage,Portage County,OH,Ohio,06,1262380877,43125138,39133,161956,140144,8127,174,3536,14,8442,3717,"Portage County, Ohio",86.53214453308306,5.0180295882832375,0.10743658771518189,2.183309046901628,0.008644323149497394,5.212526859146928,2.295067796191558
49,003,01455966,0500000US49003,49003,Box Elder,Box Elder County,UT,Utah,06,14973507311,2455159793,49003,61246,53715,207,543,439,134,4632,6263,"Box Elder County, Utah",87.70368677138099,0.3379812559187539,0.8865885119028182,0.7167815040982268,0.2187897985174542,7.562942886066029,10.22597394115534
01,077,00161564,0500000US01077,01077,Lauderdale,Lauderdale County,AL,Alabama,06,1730150450,133604582,01077,95830,79408,8774,317,595,21,5241,3317,"Lauderdale County, Alabama",82.86340394448503,9.155796723364292,0.33079411457789837,0.620891161431702,0.02191380569758948,5.469059793384118,3.46133778566211
42,009,01209171,0500000US42009,42009,Bedford,Bedford County,PA,Pennsylvania,06,2621700065,11998899,42009,47513,45397,342,31,247,0,1301,644,"Bedford County, Pennsylvania",95.5464820154484,0.7198030012838591,0.06524530128596384,0.5198577231494538,0.0,2.7381979668722245,1.3554185170374424
15,009,00365283,0500000US15009,15009,Maui,Maui County,HI,Hawaii,06,3008374292,3203268772,15009,164522,49680,1388,549,46338,16591,46624,17435,"Maui County, Hawaii",30.196569455756677,0.8436561675642165,0.33369397405818063,28.165230181981745,10.084365616756422,28.339067115644106,10.597366917494316
41,039,01135855,0500000US41039,41039,Lane,Lane County,OR,Oregon,06,11795044831,436058218,41039,384207,310002,4587,4718,10121,815,41005,40225,"Lane County, Oregon",80.68619259930195,1.1938876699279295,1.227983873276645,2.634257054140086,0.21212523457407073,10.672632200870884,10.469616638947233
41,043,01135857,0500000US41043,41043,Linn,Linn County,OR,Oregon,06,5929809282,50118766,41043,130706,109727,664,887,1372,217,11948,13937,"Linn County, Oregon",83.94947439291234,0.508010343825073,0.6786222514651201,1.0496840236867473,0.16602145272596514,9.14112588557526,10.66286168959344
39,127,01074076,0500000US39127,39127,Perry,Perry County,OH,Ohio,06,1056544080,11790392,39127,35535,34057,73,0,47,0,1245,314,"Perry County, Ohio",95.84072041649078,0.20543126495004924,0.0,0.13226396510482621,0.0,3.5035880118193328,0.8836358519769242
06,039,00277284,0500000US06039,06039,Madera,Madera County,CA,California,06,5534591551,42271836,06039,160940,60715,4158,3326,3846,282,33818,98083,"Madera County, California",37.725239219584935,2.583571517335653,2.066608674040015,2.389710451099789,0.17522057909780042,21.012799801168136,60.9438299987573
17,073,00424238,0500000US17073,17073,Henry,Henry County,IL,Illinois,06,2131719309,6804791,17073,48643,42780,535,5,254,3,3839,3366,"Henry County, Illinois",87.9468782764221,1.099849927019304,0.010278971280554243,0.5221717410521555,0.006167382768332546,7.892194149209547,6.919803466069116
16,033,00399755,0500000US16033,16033,Clark,Clark County,ID,Idaho,06,4566524477,2476453,16033,849,598,0,1,0,0,58,244,"Clark County, Idaho",70.43580683156655,0.0,0.11778563015312131,0.0,0.0,6.831566548881036,28.7396937573616
48,217,01383894,0500000US48217,48217,Hill,Hill County,TX,Texas,06,2483430190,69544723,48217,37328,28005,2093,300,285,0,3307,8635,"Hill County, Texas",75.02411058722674,5.6070510072867545,0.8036862408915559,0.7635019288469782,0.0,8.859301328761251,23.132768966995286
54,105,01678877,0500000US54105,54105,Wirt,Wirt County,WV,West Virginia,06,602201076,5839709,54105,5053,4873,0,0,11,0,160,0,"Wirt County, West Virginia",96.43775974668513,0.0,0.0,0.21769245992479713,0.0,3.166435780724322,0.0
12,079,00295731,0500000US12079,12079,Madison,Madison County,FL,Florida,06,1804001483,49634046,12079,18089,10092,6506,40,22,0,1073,1051,"Madison County, Florida",55.7908120957488,35.96660954171043,0.22112886284482283,0.12162087456465255,0.0,5.931781745812372,5.810160871247719
49,051,01448039,0500000US49051,49051,Wasatch,Wasatch County,UT,Utah,06,3048291171,79107621,49051,36642,30407,65,98,394,151,3157,5387,"Wasatch County, Utah",82.98400742317558,0.1773920637519786,0.26745264996452156,1.0752688172043012,0.4120954096392119,8.615796080999944,14.701708422029366
72,039,01804499,0500000US72039,72039,Ciales,Ciales Municipio,PR,Puerto Rico,13,172310193,459604,72039,16805,3077,901,152,116,0,10953,16783,"Ciales Municipio, Puerto Rico",18.31002677774472,5.361499553704255,0.9044927105028265,0.6902707527521571,0.0,65.17703064564118,99.86908658137459
02,158,01419985,0500000US02158,02158,Kusilvak,Kusilvak Census Area,AK,Alaska,05,44229388640,6686187054,02158,8176,245,79,7033,22,6,782,104,"Kusilvak Census Area, Alaska",2.996575342465753,0.9662426614481409,86.02005870841487,0.2690802348336595,0.07338551859099804,9.564579256360078,1.2720156555772992
36,045,00974121,0500000US36045,36045,Jefferson,Jefferson County,NY,New York,06,3283887137,1524557044,36045,115040,94857,5521,432,2189,301,8989,8657,"Jefferson County, New York",82.45566759388039,4.7992002781641165,0.37552155771905427,1.902816411682893,0.26164812239221136,7.813803894297636,7.525208623087622
02,282,01419986,0500000US02282,02282,Yakutat,Yakutat City and Borough,AK,Alaska,03,19744183834,3986144517,02282,527,133,25,111,93,7,154,46,"Yakutat City and Borough, Alaska",25.23719165085389,4.743833017077799,21.062618595825427,17.647058823529413,1.3282732447817838,29.22201138519924,8.72865275142315
02,240,01419983,0500000US02240,02240,Southeast Fairbanks,Southeast Fairbanks Census Area,AK,Alaska,05,64312145209,749823085,02240,7068,5243,57,647,120,37,923,421,"Southeast Fairbanks Census Area, Alaska",74.17940011318619,0.8064516129032258,9.153933220147142,1.697792869269949,0.5234861346915676,13.058856819468026,5.956423316355405
51,083,01496705,0500000US51083,51083,Halifax,Halifax County,VA,Virginia,06,2117913728,30523987,51083,33639,20154,11685,31,210,0,1224,885,"Halifax County, Virginia",59.91260144475162,34.736466601266386,0.09215493920746752,0.6242753946312316,0.0,3.6386337287077497,2.630874877374476
39,139,01074082,0500000US39139,39139,Richland,Richland County,OH,Ohio,06,1282631597,12560134,39139,125099,105826,8947,99,957,145,7749,2837,"Richland County, Ohio",84.59380170904643,7.151935666951774,0.07913732323999392,0.7649941246532745,0.11590820070504161,6.194294119057706,2.267803899311745
45,073,01244832,0500000US45073,45073,Oconee,Oconee County,SC,South Carolina,06,1622796885,121710335,45073,80469,67741,4291,358,575,30,4972,5022,"Oconee County, South Carolina",84.18272875268738,5.332488287415029,0.4448918216953112,0.7145608868011284,0.03728143757223278,6.178776920304713,6.240912649591769
05,087,00069165,0500000US05087,05087,Madison,Madison County,AR,Arkansas,06,2160665379,7455733,05087,17329,12100,22,272,128,157,4442,1125,"Madison County, Arkansas",69.82514859484101,0.12695481562698366,1.5696231750245253,0.7386462000115414,0.9059957297016561,25.633331409775522,6.492007617288937
05,101,00069900,0500000US05101,05101,Newton,Newton County,AR,Arkansas,06,2126576297,5935948,05101,7112,6621,11,46,3,0,368,118,"Newton County, Arkansas",93.09617547806525,0.1546681664791901,0.6467941507311586,0.0421822272215973,0.0,5.174353205849269,1.6591676040494936
48,343,01383957,0500000US48343,48343,Morris,Morris County,TX,Texas,06,652649023,17382447,48343,12076,7586,2701,88,144,5,846,1355,"Morris County, Texas",62.81881417687977,22.366677707850283,0.7287181185823121,1.1924478304074198,0.04140443855581318,7.0056310036435905,11.220602848625374
36,025,00974111,0500000US36025,36025,Delaware,Delaware County,NY,New York,06,3736306657,64163829,36025,44487,39970,481,308,405,0,2840,2179,"Delaware County, New York",89.84647200305707,1.0812147368894285,0.6923370872389687,0.910378312765527,0.0,6.383887427787894,4.898060107447119
02,198,01419980,0500000US02198,02198,Prince of Wales-Hyder,Prince of Wales-Hyder Census Area,AK,Alaska,05,13643347279,14612160768,02198,5715,2503,14,2107,123,38,903,220,"Prince of Wales-Hyder Census Area, Alaska",43.797025371828525,0.24496937882764655,36.86789151356081,2.152230971128609,0.6649168853893263,15.800524934383203,3.849518810148731
30,049,00793926,0500000US30049,30049,Lewis and Clark,Lewis and Clark County,MT,Montana,06,8957164726,101496096,30049,73464,66597,417,965,359,0,4478,2958,"Lewis and Clark County, Montana",90.65256452139823,0.567624959163672,1.3135685505825982,0.4886747250353915,0.0,6.095502559076555,4.0264619405423066
31,049,00835846,0500000US31049,31049,Deuel,Deuel County,NE,Nebraska,06,1139208344,2229828,31049,1847,1617,0,16,8,0,135,183,"Deuel County, Nebraska",87.54737412019492,0.0,0.8662696264212236,0.4331348132106118,0.0,7.309149972929074,9.907958852192746
37,121,01008571,0500000US37121,37121,Mitchell,Mitchell County,NC,North Carolina,06,573036225,1632150,37121,14992,13678,139,42,71,0,691,836,"Mitchell County, North Carolina",91.23532550693703,0.927161152614728,0.28014941302027746,0.47358591248665954,0.0,4.609124866595518,5.5763073639274285
13,125,00345642,0500000US13125,13125,Glascock,Glascock County,GA,Georgia,06,372299245,1832723,13125,2932,2537,211,0,0,0,184,93,"Glascock County, Georgia",86.52796725784448,7.196452933151433,0.0,0.0,0.0,6.2755798090040935,3.171896316507503
06,083,00277306,0500000US06083,06083,Santa Barbara,Santa Barbara County,CA,California,06,7080858282,2729215451,06083,443701,213134,7570,9181,23694,397,122239,213992,"Santa Barbara County, California",48.03550138494166,1.7061038852740924,2.069186231268354,5.340082623207971,0.08947466875215516,27.54985902668689,48.228874850406015
27,077,00659483,0500000US27077,27077,Lake of the Woods,Lake of the Woods County,MN,Minnesota,06,3361481342,1248250013,27077,3821,3350,11,76,7,0,371,60,"Lake of the Woods County, Minnesota",87.67338393090814,0.287882753205967,1.9890081130594084,0.18319811567652447,0.0,9.709500130855798,1.5702695629416383
19,169,00465273,0500000US19169,19169,Story,Story County,IA,Iowa,06,1482882554,2862354,19169,100466,82831,2796,465,6641,110,5804,5184,"Story County, Iowa",82.44679792168495,2.7830310751896166,0.462843150916728,6.610196484382776,0.10948977763621523,5.7770788127326655,5.159954611510361
39,123,01074074,0500000US39123,39123,Ottawa,Ottawa County,OH,Ohio,06,659674517,855668003,39123,39994,36803,434,66,168,10,1779,2113,"Ottawa County, Ohio",92.02130319547932,1.0851627744161623,0.16502475371305694,0.4200630094514177,0.025003750562584387,4.448167225083763,5.283292493874081
26,139,01623012,0500000US26139,26139,Ottawa,Ottawa County,MI,Michigan,06,1459508866,2765824533,26139,301203,253027,4821,1563,8146,207,22713,30924,"Ottawa County, Michigan",84.00547139304722,1.6005816675132716,0.518919134271571,2.704488335109544,0.06872441509546717,7.5407615461997395,10.266830011653271
35,061,00933052,0500000US35061,35061,Valencia,Valencia County,NM,New Mexico,06,2762854194,2760089,35061,78458,37987,850,3569,656,80,25519,47732,"Valencia County, New Mexico",48.416987432766575,1.0833821917459023,4.5489306380483825,0.8361161385709551,0.10196538275255551,32.5256825307808,60.83764561931224
48,381,01383976,0500000US48381,48381,Randall,Randall County,TX,Texas,06,2363909278,25203162,48381,146070,108479,5068,997,2586,270,22646,35886,"Randall County, Texas",74.2650783870747,3.4695693845416584,0.6825494625864311,1.7703840624358185,0.18484288354898337,15.503525706852878,24.5676730334771
48,073,01383822,0500000US48073,48073,Cherokee,Cherokee County,TX,Texas,06,2727140694,23874005,48073,51886,33771,6666,791,231,0,7656,12422,"Cherokee County, Texas",65.08692132752573,12.847396214778554,1.5244960104845238,0.445206799522029,0.0,14.75542535558725,23.940947461743054
49,015,01448022,0500000US49015,49015,Emery,Emery County,UT,Utah,06,11558171971,24695314,49015,10046,9385,8,75,0,0,481,752,"Emery County, Utah",93.42026677284491,0.07963368504877563,0.7465657973322716,0.0,0.0,4.787975313557634,7.48556639458491
45,091,01248019,0500000US45091,45091,York,York County,SC,South Carolina,06,1763872769,39009230,45091,293673,200002,54027,1587,8875,23,23053,21772,"York County, South Carolina",68.1036390815635,18.396992573372426,0.540396972142485,3.0220687635567454,0.007831840175978044,7.84988745986182,7.413688013538867
08,057,00198144,0500000US08057,08057,Jackson,Jackson County,CO,Colorado,06,4179530231,18750017,08057,1372,1190,18,5,0,0,157,144,"Jackson County, Colorado",86.73469387755102,1.3119533527696794,0.36443148688046645,0.0,0.0,11.443148688046648,10.495626822157435
53,019,01531821,0500000US53019,53019,Ferry,Ferry County,WA,Washington,06,5706368571,140294391,53019,7387,5339,24,997,52,159,760,269,"Ferry County, Washington",72.27561933125762,0.3248950859618248,13.496683362664138,0.7039393529172872,2.1524299444970896,10.288344388791119,3.6415324218221197
53,057,01531402,0500000US53057,53057,Skagit,Skagit County,WA,Washington,06,4481277789,483821018,53057,131328,98556,1020,1862,2739,450,12899,25367,"Skagit County, Washington",75.04568713450293,0.7766812865497076,1.4178240740740742,2.0856176900584793,0.3426535087719298,9.82197246588694,19.31575901559454
38,007,01035616,0500000US38007,38007,Billings,Billings County,ND,North Dakota,06,2974571272,11986463,38007,1024,971,0,40,0,0,13,40,"Billings County, North Dakota",94.82421875,0.0,3.90625,0.0,0.0,1.26953125,3.90625
47,021,01639731,0500000US47021,47021,Cheatham,Cheatham County,TN,Tennessee,06,783466439,11821692,47021,41829,37747,891,108,300,85,2337,1993,"Cheatham County, Tennessee",90.24122020607712,2.130101126013053,0.2581940758803701,0.7172057663343614,0.20320830046140237,5.587032919744675,4.76463697434794
48,445,01384008,0500000US48445,48445,Terry,Terry County,TX,Texas,06,2302113089,5414060,48445,11629,5475,389,76,20,0,4427,6619,"Terry County, Texas",47.080574426003956,3.3450855619571764,0.6535385673746669,0.17198383351964913,0.0,38.06862154957434,56.91804970332789
54,071,01550042,0500000US54071,54071,Pendleton,Pendleton County,WV,West Virginia,06,1802760298,5428393,54071,6043,5707,117,9,13,0,197,134,"Pendleton County, West Virginia",94.43984775773623,1.936124441502565,0.14893264934635117,0.21512493794472945,0.0,3.2599702134701305,2.217441668045673
05,035,00069162,0500000US05035,05035,Crittenden,Crittenden County,AR,Arkansas,06,1587312629,81689126,05035,47266,18471,24045,56,358,0,4152,1555,"Crittenden County, Arkansas",39.0788304489485,50.871662505818136,0.11847839884906698,0.7574154783565353,0.0,8.784327000380824,3.289891253755342
06,071,00277300,0500000US06071,06071,San Bernardino,San Bernardino County,CA,California,06,51976311092,96418406,06071,2197104,723531,172075,31223,183934,7744,483692,1213014,"San Bernardino County, California",32.93112205885566,7.831900538162964,1.4210979543981532,8.371656507839411,0.3524639707542292,22.014979718757054,55.20967600987482
72,121,01804541,0500000US72121,72121,Sabana Grande,Sabana Grande Municipio,PR,Puerto Rico,13,94050243,25323,72121,22407,12840,278,17,9,0,2721,22286,"Sabana Grande Municipio, Puerto Rico",57.30352122104699,1.240683714910519,0.07586914803409649,0.04016601954746285,0.0,12.143526576516267,99.45999018163967
55,035,01581077,0500000US55035,55035,Eau Claire,Eau Claire County,WI,Wisconsin,06,1652211241,18848551,55035,107116,94156,1476,289,4427,138,5326,3384,"Eau Claire County, Wisconsin",87.90096717577207,1.3779454049815154,0.2698009634415027,4.132902647596998,0.12883229396168638,4.972179693043056,3.159191904103962
38,053,01035299,0500000US38053,38053,McKenzie,McKenzie County,ND,North Dakota,06,7148712746,260119355,38053,14321,11191,276,1180,162,0,1266,1729,"McKenzie County, North Dakota",78.14398435863417,1.9272397178967948,8.239648069268906,1.1312059213742056,0.0,8.840164792961385,12.073179247259269
29,003,00758456,0500000US29003,29003,Andrew,Andrew County,MO,Missouri,06,1120510438,9677371,29003,18065,16854,242,8,146,0,734,470,"Andrew County, Missouri",93.2964295599225,1.3396069748131745,0.04428452809299751,0.8081926376972045,0.0,4.063105452532521,2.6017160254636034
48,085,01383828,0500000US48085,48085,Collin,Collin County,TX,Texas,06,2178873926,115515941,48085,1163337,621943,127684,5198,218741,676,144914,187150,"Collin County, Texas",53.461980492325104,10.975667411936524,0.44681807593156586,18.80289202526869,0.05810869937086158,12.456751568977863,16.087341845054357
27,003,00659447,0500000US27003,27003,Anoka,Anoka County,MN,Minnesota,06,1092881709,62440665,27003,370349,279414,32717,2053,20758,95,25004,21612,"Anoka County, Minnesota",75.44613324188806,8.83409972755428,0.5543419855325652,5.6049834075426155,0.02565148009040122,6.751469559793601,5.835576712776327
21,149,00516927,0500000US21149,21149,McLean,McLean County,KY,Kentucky,06,654037067,9610577,21149,9114,8730,48,15,28,0,258,203,"McLean County, Kentucky",95.78670177748518,0.5266622778143515,0.16458196181698487,0.30721966205837176,0.0,2.8308097432521393,2.227342549923195
24,045,01668606,0500000US24045,24045,Wicomico,Wicomico County,MD,Maryland,06,969767197,66764613,24045,104914,62073,27997,120,2574,20,9176,7463,"Wicomico County, Maryland",59.165602302838515,26.68566635530053,0.11437939645805136,2.4534380540252014,0.019063232743008557,8.746211182492326,7.1134452980536444
41,001,01135845,0500000US41001,41001,Baker,Baker County,OR,Oregon,06,7945996815,51832631,41001,16840,14973,222,172,63,9,1248,896,"Baker County, Oregon",88.91330166270784,1.3182897862232779,1.0213776722090262,0.37410926365795727,0.05344418052256532,7.410926365795724,5.320665083135392
49,005,01448017,0500000US49005,49005,Cache,Cache County,UT,Utah,06,3016509352,21130753,49005,140046,117444,1318,323,2460,701,11765,16428,"Cache County, Utah",83.86101709438327,0.9411193465004356,0.23063850449138143,1.756565699841481,0.5005498193450723,8.400811162046756,11.730431429673107
30,013,01719622,0500000US30013,30013,Cascade,Cascade County,MT,Montana,06,6988317263,34317455,30013,84606,70806,1108,2852,924,5,7249,4470,"Cascade County, Montana",83.68910006382526,1.3095997919769282,3.3709193201427796,1.092121126161265,0.0059097463536865,8.567950263574687,5.283313240195731
41,025,01135852,0500000US41025,41025,Harney,Harney County,OR,Oregon,06,26248072909,241568254,41025,7499,6503,140,135,15,35,642,421,"Harney County, Oregon",86.71822909721297,1.866915588745166,1.800240032004267,0.20002667022269638,0.4667288971862915,8.561141485531405,5.614081877583678
42,053,01213669,0500000US42053,42053,Forest,Forest County,PA,Pennsylvania,06,1106595595,8369675,42053,6715,5290,961,24,31,0,245,344,"Forest County, Pennsylvania",78.7788533134773,14.311243484735666,0.3574087862993298,0.4616530156366344,0.0,3.648548026805659,5.122859270290395
30,053,01720038,0500000US30053,30053,Lincoln,Lincoln County,MT,Montana,06,9356484224,161555792,30053,21175,19142,12,240,61,28,1600,654,"Lincoln County, Montana",90.39905548996458,0.05667060212514758,1.1334120425029517,0.28807556080283353,0.1322314049586777,7.55608028335301,3.0885478158205433
21,227,00516960,0500000US21227,21227,Warren,Warren County,KY,Kentucky,06,1403057984,15127045,21227,140918,106634,12936,726,7201,880,8798,10010,"Warren County, Kentucky",75.67095757816602,9.179806696092763,0.5151932329439817,5.110064008856214,0.624476645992705,6.243347194822521,7.103421848167018
21,039,00516866,0500000US21039,21039,Carlisle,Carlisle County,KY,Kentucky,06,490706561,24648733,21039,4762,4332,71,6,13,9,293,153,"Carlisle County, Kentucky",90.97018059638808,1.490970180596388,0.125997480050399,0.2729945401091978,0.18899622007559846,6.152876942461151,3.2129357412851745
35,027,00929116,0500000US35027,35027,Lincoln,Lincoln County,NM,New Mexico,06,12512530053,554839,35027,20224,14070,205,755,106,0,3988,6664,"Lincoln County, New Mexico",69.57080696202532,1.0136471518987342,3.7331882911392404,0.5241297468354431,0.0,19.719145569620252,32.950949367088604
21,047,00516870,0500000US21047,21047,Christian,Christian County,KY,Kentucky,06,1858729568,16531941,21047,72069,48400,13549,146,896,317,6904,6267,"Christian County, Kentucky",67.15786260389349,18.80003885165605,0.20258363512744731,1.2432529936588548,0.4398562488726082,9.579708335067782,8.69583315988844
34,005,00882272,0500000US34005,34005,Burlington,Burlington County,NJ,New Jersey,06,2070137467,54133685,34005,467805,301052,76226,956,27207,89,44998,44974,"Burlington County, New Jersey",64.35416466262652,16.294396169344065,0.20435865371255116,5.815884823804791,0.01902502110922286,9.618965167110227,9.613834824339202
21,135,00516914,0500000US21135,21135,Lewis,Lewis County,KY,Kentucky,06,1250595455,31872268,21135,12965,12559,70,0,22,33,248,15,"Lewis County, Kentucky",96.8684920940995,0.5399151561897416,0.0,0.16968762051677594,0.25453143077516394,1.9128422676436558,0.11569610489780179
06,077,00277303,0500000US06077,06077,San Joaquin,San Joaquin County,CA,California,06,3605878834,89000661,06077,797334,254518,54932,11882,148289,4735,167450,339161,"San Joaquin County, California",31.921127156248197,6.8894591225258175,1.4902161453042264,18.598103178843495,0.5938540185167069,21.001236621039617,42.5368791497666
01,107,00161580,0500000US01107,01107,Pickens,Pickens County,AL,Alabama,06,2282835044,22621093,01107,18721,10468,7663,61,10,0,448,666,"Pickens County, Alabama",55.91581646279579,40.932642487046635,0.3258372950162919,0.0534159500026708,0.0,2.3930345601196517,3.557502270177875
47,157,01639790,0500000US47157,47157,Shelby,Shelby County,TN,Tennessee,06,1969826786,51308328,47157,919173,312512,482006,3475,27121,1248,52433,81334,"Shelby County, Tennessee",33.99925802868448,52.43909470796031,0.37805723188126716,2.950587103842258,0.13577422313318602,5.704366860210211,8.848606301534097
20,133,00485030,0500000US20133,20133,Neosho,Neosho County,KS,Kansas,06,1480129689,16350961,20133,15656,14450,245,29,84,0,759,944,"Neosho County, Kansas",92.29688298415942,1.5648952478283087,0.1852324987225345,0.5365355135411344,0.0,4.847981604496679,6.029637199795605
06,009,01675885,0500000US06009,06009,Calaveras,Calaveras County,CA,California,06,2641837360,43789489,06009,46248,36396,457,776,1031,49,5870,6702,"Calaveras County, California",78.69745718733783,0.988150838955198,1.677910396125238,2.229285590728248,0.10595052759038229,12.692440754194775,14.491437467566165
23,017,00581294,0500000US23017,23017,Oxford,Oxford County,ME,Maine,06,5379294383,255884970,23017,59255,55104,201,117,386,0,3043,1002,"Oxford County, Maine",92.99468399291199,0.3392118808539364,0.19745169184035102,0.6514218209433803,0.0,5.135431609146908,1.6909965403763396
23,031,00581301,0500000US23031,23031,York,York County,ME,Maine,06,2567186515,721352437,23031,216731,196352,2419,361,2318,56,12972,4704,"York County, Maine",90.59709963041743,1.1161301336680032,0.166565927347726,1.0695285861275037,0.02583848180463339,5.985299749459007,2.170432471589205
30,033,01716058,0500000US30033,30033,Garfield,Garfield County,MT,Montana,06,12112233250,446864356,30033,1094,1058,0,12,0,0,24,0,"Garfield County, Montana",96.70932358318099,0.0,1.0968921389396709,0.0,0.0,2.1937842778793417,0.0
40,101,01101838,0500000US40101,40101,Muskogee,Muskogee County,OK,Oklahoma,06,2099548024,76078046,40101,66444,36937,6422,11544,508,15,8918,4961,"Muskogee County, Oklahoma",55.591174522906506,9.665282042020348,17.37402925772079,0.7645536090542412,0.02257540184215279,13.421828908554573,7.4664379025946666
13,269,00344156,0500000US13269,13269,Taylor,Taylor County,GA,Georgia,06,975613090,7801539,13269,7786,4557,2944,31,23,0,219,77,"Taylor County, Georgia",58.52812740816851,37.81145646031338,0.3981505265861803,0.2954020035961983,0.0,2.812740816850758,0.9889545337785769
36,089,00977309,0500000US36089,36089,St. Lawrence,St. Lawrence County,NY,New York,06,6939601205,367206795,36089,107226,98372,2172,541,1185,8,4163,2727,"St. Lawrence County, New York",91.74267435137,2.0256281125846343,0.504541808889635,1.1051424094902356,0.007460877026094418,3.8824538824538823,2.5432264562699345
40,065,01101820,0500000US40065,40065,Jackson,Jackson County,OK,Oklahoma,06,2078860497,4114418,40065,24678,17698,1587,388,416,34,3061,6162,"Jackson County, Oklahoma",71.71569819272227,6.430829078531486,1.5722505875678743,1.6857119701758652,0.13777453602398898,12.403760434395007,24.969608558230004
08,093,00198162,0500000US08093,08093,Park,Park County,CO,Colorado,06,5681165603,43519329,08093,17907,15913,169,71,200,0,1197,1366,"Park County, Colorado",88.86468978611715,0.943765008097392,0.39649299156754336,1.1168816663874461,0.0,6.684536773328865,7.628301781426258
12,105,00295747,0500000US12105,12105,Polk,Polk County,FL,Florida,06,4657154151,549789492,12105,790694,438493,115178,3459,14302,330,111627,230841,"Polk County, Florida",55.45672535772373,14.566697104063012,0.43746379762588306,1.8087907584982306,0.04173548806491512,14.117597958249336,29.19473272846386
08,123,00198177,0500000US08123,08123,Weld,Weld County,CO,Colorado,06,10320980111,82342514,08123,350396,254790,5193,3797,5766,389,50232,108498,"Weld County, Colorado",72.71487117432848,1.4820374661811206,1.0836310916791287,1.645566730213815,0.1110172490553545,14.335780088813799,30.964394570714276
39,161,01074092,0500000US39161,39161,Van Wert,Van Wert County,OH,Ohio,06,1059692856,3287921,39161,28826,26802,138,84,100,0,1359,1219,"Van Wert County, Ohio",92.97856102130021,0.47873447582043993,0.291403593977659,0.34690904044959414,0.0,4.714493859709984,4.228821203080552
36,071,00974134,0500000US36071,36071,Orange,Orange County,NY,New York,06,2103272841,67953621,36071,406616,251943,47046,4226,11920,44,48473,97218,"Orange County, New York",61.96091644204852,11.57013004898971,1.039309815649163,2.9315127786412734,0.010821020323843626,11.921075412674366,23.90904440553249
28,063,00695755,0500000US28063,28063,Jefferson,Jefferson County,MS,Mississippi,06,1346620554,18988092,28063,7068,929,5857,5,35,0,237,143,"Jefferson County, Mississippi",13.14374646293152,82.86644029428409,0.07074136955291455,0.4951895868704018,0.0,3.353140916808149,2.023203169213356
36,115,00974155,0500000US36115,36115,Washington,Washington County,NY,New York,06,2152773115,38123568,36115,60522,54760,1441,37,437,1,2673,1791,"Washington County, New York",90.47949505964773,2.380952380952381,0.06113479395922144,0.722051485410264,0.0016522917286276066,4.416575790621592,2.959254485972043
10,003,00217270,0500000US10003,10003,New Castle,New Castle County,DE,Delaware,06,1104206939,175316802,10003,577961,313334,147685,1320,35810,212,49249,68181,"New Castle County, Delaware",54.21369261939819,25.552762210598985,0.22838911276020354,6.1959197938961275,0.036680675685729656,8.52116319267217,11.796816740229877
48,229,01383900,0500000US48229,48229,Hudspeth,Hudspeth County,TX,Texas,06,11837669202,2126078,48229,3403,1092,51,20,0,0,2080,2270,"Hudspeth County, Texas",32.08933294152219,1.4986776373787833,0.5877167205406993,0.0,0.0,61.12253893623274,66.70584778136937
01,021,00161536,0500000US01021,01021,Chilton,Chilton County,AL,Alabama,06,1794438907,20592053,01021,45992,37129,4354,135,200,176,2527,4707,"Chilton County, Alabama",80.72925726213255,9.466863802400418,0.2935293094451209,0.434858236214994,0.38267524786919466,5.494433814576448,10.234388589319881
08,045,00198138,0500000US08045,08045,Garfield,Garfield County,CO,Colorado,06,7633799008,21704895,08045,62479,42812,577,307,544,82,10511,20377,"Garfield County, Colorado",68.52222346708494,0.9235102994606188,0.49136509867315414,0.8706925526977063,0.1312440980169337,16.823252612877926,32.61415835720803
01,067,00161559,0500000US01067,01067,Henry,Henry County,AL,Alabama,06,1455293386,16620066,01067,17647,12490,4430,41,27,0,623,390,"Henry County, Alabama",70.77690258967529,25.10341701139004,0.23233410778035926,0.1530005100017,0.0,3.5303451011503375,2.2100073666912223
48,435,01384003,0500000US48435,48435,Sutton,Sutton County,TX,Texas,06,3765674775,1277066,48435,3277,1489,4,22,0,0,395,2077,"Sutton County, Texas",45.437900518767165,0.12206286237412267,0.6713457430576747,0.0,0.0,12.053707659444614,63.3811412877632
27,123,00659507,0500000US27123,27123,Ramsey,Ramsey County,MN,Minnesota,06,394323905,46008727,27123,542945,321165,66371,2995,81756,279,48381,45588,"Ramsey County, Minnesota",59.15240033520891,12.224258442383668,0.5516212507712568,15.057878790669404,0.05138642035565297,8.910847323393714,8.396430577682823
33,015,00873181,0500000US33015,33015,Rockingham,Rockingham County,NH,New Hampshire,06,1801055122,258626550,33015,319082,288970,2437,469,6262,114,17252,11727,"Rockingham County, New Hampshire",90.56292739797294,0.7637535179044885,0.1469841608113275,1.9625049360352511,0.03572749324625018,5.406760644599194,3.6752308184103146
49,039,01448033,0500000US49039,49039,Sanpete,Sanpete County,UT,Utah,06,4117605584,32165095,49039,29719,25505,267,239,250,139,1368,3185,"Sanpete County, Utah",85.82051885998855,0.898415155287863,0.8041993337595479,0.8412126922171002,0.46771425687270773,4.603115851811972,10.717049698845855
06,093,00277311,0500000US06093,06093,Siskiyou,Siskiyou County,CA,California,06,16261933230,179149815,06093,43466,33672,592,1417,800,182,5511,5860,"Siskiyou County, California",77.46744581972116,1.3619840795104219,3.260019325449777,1.840519026365435,0.4187180784981365,12.67887544287489,13.48180186812681
47,139,01639782,0500000US47139,47139,Polk,Polk County,TN,Tennessee,06,1125622665,19906879,47139,17898,16032,142,6,53,0,1505,388,"Polk County, Tennessee",89.57425410660409,0.7933847357246621,0.03352329869259135,0.2961224717845569,0.0,8.408760755391665,2.1678399821209076
47,029,01639734,0500000US47029,47029,Cocke,Cocke County,TN,Tennessee,06,1129584563,17932684,47029,36813,34152,817,186,181,0,1186,1144,"Cocke County, Tennessee",92.77157525874013,2.219324695080542,0.5052562953304539,0.4916741368538288,0.0,3.221687990655475,3.107597859451824
41,015,01155129,0500000US41015,41015,Curry,Curry County,OR,Oregon,06,4217491537,934612806,41015,23381,19620,5,298,217,31,2806,1809,"Curry County, Oregon",83.91428938026603,0.021384885163166674,1.2745391557247336,0.9281040160814337,0.13258628801163336,12.001197553569137,7.737051452033702
27,135,00659513,0500000US27135,27135,Roseau,Roseau County,MN,Minnesota,06,4329793477,16913514,27135,15302,13558,119,149,396,0,994,305,"Roseau County, Minnesota",88.60279701999738,0.777676120768527,0.9737289243236179,2.587897006927199,0.0,6.495882891125343,1.99320350281009
22,041,00558557,0500000US22041,22041,Franklin,Franklin Parish,LA,Louisiana,15,1616925546,28050179,22041,19408,12858,5432,9,32,0,1032,325,"Franklin Parish, Louisiana",66.25103050288541,27.988458367683428,0.046372629843363565,0.16488046166529266,0.0,5.317394888705689,1.6745671887881286
22,029,00558515,0500000US22029,22029,Concordia,Concordia Parish,LA,Louisiana,15,1805361926,130321298,22029,18174,10091,7104,60,38,0,521,516,"Concordia Parish, Louisiana",55.52437548145702,39.088808187520634,0.3301419610432486,0.2090899086607241,0.0,2.866732695058875,2.8392208649719377
48,473,01384022,0500000US48473,48473,Waller,Waller County,TX,Texas,06,1329431568,11827973,48473,61552,27463,14538,823,1239,35,8550,20629,"Waller County, Texas",44.61755913698987,23.619053808162207,1.3370808422147127,2.0129321549259163,0.05686249025214453,13.890694047309593,33.51475175461399
48,291,01383931,0500000US48291,48291,Liberty,Liberty County,TX,Texas,06,3000121461,46620495,48291,103380,58688,7853,1060,582,23,17348,40921,"Liberty County, Texas",56.769201005997296,7.596246856258464,1.0253433933062488,0.5629715612304121,0.02224801702456955,16.78080866705359,39.58309150706133
06,067,00277298,0500000US06067,06067,Sacramento,Sacramento County,CA,California,06,2500063008,75323438,06067,1594006,708644,149365,16002,284307,18171,238986,385590,"Sacramento County, California",44.45679627303787,9.370416422522876,1.0038858072052426,17.836005636114294,1.139958067911915,14.992791746078748,24.189996775419917
30,099,01720018,0500000US30099,30099,Teton,Teton County,MT,Montana,06,5883457566,52625570,30099,6353,5819,17,127,0,0,315,128,"Teton County, Montana",91.59452227294192,0.26759011490634343,1.9990555643003307,0.0,0.0,4.958287423264599,2.0147961592948214
13,129,00356672,0500000US13129,13129,Gordon,Gordon County,GA,Georgia,06,923182597,5729235,13129,59100,46004,2186,758,632,35,5964,9657,"Gordon County, Georgia",77.8409475465313,3.6988155668358718,1.2825719120135364,1.0693739424703892,0.05922165820642978,10.091370558375633,16.34010152284264
16,043,00395408,0500000US16043,16043,Fremont,Fremont County,ID,Idaho,06,4827633110,83440652,16043,13943,11905,45,128,15,11,1008,1732,"Fremont County, Idaho",85.38334648210572,0.3227425948504626,0.9180233809079825,0.10758086495015419,0.07889263429677976,7.229434124650362,12.422003872911139
54,037,01550025,0500000US54037,54037,Jefferson,Jefferson County,WV,West Virginia,06,542072979,6150171,54037,59260,47826,3375,154,827,7,5857,4630,"Jefferson County, West Virginia",80.70536618292272,5.695241309483631,0.25987175160310494,1.3955450556868039,0.01181235234559568,9.883563955450557,7.813027337158286
32,001,00858638,0500000US32001,32001,Churchill,Churchill County,NV,Nevada,06,12820847808,190742991,32001,25805,19150,654,925,608,15,3416,3928,"Churchill County, Nevada",74.21042433636892,2.5343925595814767,3.5845766324355743,2.3561325324549505,0.058128269715171474,13.23774462313505,15.221856229412905
32,015,00863368,0500000US32015,32015,Lander,Lander County,NV,Nevada,06,14294783160,662270,32015,5770,4480,71,186,36,0,796,971,"Lander County, Nevada",77.64298093587522,1.2305025996533796,3.2235701906412477,0.6239168110918544,0.0,13.795493934142113,16.828422876949737
13,295,00354216,0500000US13295,13295,Walker,Walker County,GA,Georgia,06,1155874768,1672676,13295,68762,61987,2110,233,299,12,3539,1967,"Walker County, Georgia",90.14717431139292,3.0685553067101017,0.3388499461912102,0.4348331927518106,0.017451499374654605,5.146738023908554,2.860591605828801
17,197,01785190,0500000US17197,17197,Will,Will County,IL,Illinois,06,2164908046,34569885,17197,701462,437226,83066,3817,44805,101,80817,138703,"Will County, Illinois",62.330675075770316,11.841838902178594,0.5441492197724181,6.387373799293476,0.014398499134664459,11.521222817486906,19.773416093815488
22,011,00558436,0500000US22011,22011,Beauregard,Beauregard Parish,LA,Louisiana,15,2997852791,21944259,22011,36676,29325,4064,60,270,16,2395,1438,"Beauregard Parish, Louisiana",79.95692005671283,11.080815792343767,0.163594721343658,0.7361762460464609,0.04362525902497546,6.5301559603010135,3.92082015486967
31,033,00835838,0500000US31033,31033,Cheyenne,Cheyenne County,NE,Nebraska,06,3097645434,292549,31033,9533,8674,79,35,127,33,480,827,"Cheyenne County, Nebraska",90.98919542641352,0.8287003042064409,0.36714570439525857,1.332214413091367,0.34616594985838667,5.035141088849261,8.67512850099654
56,025,01605077,0500000US56025,56025,Natrona,Natrona County,WY,Wyoming,06,13831927736,90969877,56025,79977,70747,426,419,455,18,6315,7577,"Natrona County, Wyoming",88.45918201482927,0.532653137777111,0.5239006214286608,0.5689135626492617,0.022506470610300464,7.896020105780412,9.473973767458144
41,013,01155128,0500000US41013,41013,Crook,Crook County,OR,Oregon,06,7715390857,21004473,41013,26277,23003,138,234,82,0,1828,2071,"Crook County, Oregon",87.54043460060129,0.5251741066331773,0.8905126155953876,0.3120599764052213,0.0,6.956654108155422,7.881417208966016
19,119,00465248,0500000US19119,19119,Lyon,Lyon County,IA,Iowa,06,1521901262,440273,19119,12162,11396,43,19,59,4,495,470,"Lyon County, Iowa",93.70169380036178,0.3535602696924848,0.15622430521295838,0.4851175793455024,0.0328893274132544,4.0700542673902325,3.864495971057392
16,069,00399394,0500000US16069,16069,Nez Perce,Nez Perce County,ID,Idaho,06,2197139835,21252880,16069,42697,37457,83,1889,368,109,2425,1885,"Nez Perce County, Idaho",87.72747499824344,0.19439304869194557,4.424198421434761,0.8618872520317588,0.2552872567159285,5.6795559406984095,4.414830081738764
51,700,01498555,0500000US51700,51700,Newport News,Newport News city,VA,Virginia,25,178698611,131131002,51700,184216,75455,75866,500,6120,182,20086,19873,"Newport News city, Virginia",40.96006861510401,41.18317627133365,0.27142050636209664,3.3221869978720635,0.09879706431580319,10.903504581578147,10.787879445867894
22,051,00558027,0500000US22051,22051,Jefferson,Jefferson Parish,LA,Louisiana,15,779233472,883630890,22051,430920,214484,109899,4868,18338,107,54130,81368,"Jefferson Parish, Louisiana",49.773507843683284,25.50334168755221,1.1296760419567438,4.255546273090133,0.0248305950060336,12.56149633342616,18.88239116309292
35,057,00929112,0500000US35057,35057,Torrance,Torrance County,NM,New Mexico,06,8664061384,2316559,35057,15490,9521,384,488,37,0,3145,6696,"Torrance County, New Mexico",61.46546158812137,2.4790187217559714,3.1504196255648806,0.23886378308586184,0.0,20.303421562298258,43.22788896061975
45,055,01248007,0500000US45055,45055,Kershaw,Kershaw County,SC,South Carolina,06,1881916516,35348695,45055,68314,45586,16215,334,474,6,3330,4057,"Kershaw County, South Carolina",66.730099247592,23.735983839330153,0.4889188160552742,0.6938548467371256,0.008782972743507918,4.874549872646895,5.938753403401939
54,053,01560254,0500000US54053,54053,Mason,Mason County,WV,West Virginia,06,1115683500,36124377,54053,25043,23915,253,5,93,0,712,154,"Mason County, West Virginia",95.49574731461885,1.0102623487601325,0.019965659066405784,0.3713612586351475,0.0,2.8431098510561834,0.6149422992452981
42,115,01213688,0500000US42115,42115,Susquehanna,Susquehanna County,PA,Pennsylvania,06,2132844293,22384975,42115,38219,36197,99,31,177,2,1504,924,"Susquehanna County, Pennsylvania",94.70943771422591,0.25903346503048225,0.08111148904994898,0.46312043747874093,0.005232999293545096,3.9352154687459118,2.417645673617834
47,057,01648575,0500000US47057,47057,Grainger,Grainger County,TN,Tennessee,06,726715758,56600343,47057,24266,23185,324,218,43,103,346,877,"Grainger County, Tennessee",95.54520728591444,1.3352015165251794,0.8983763290200281,0.17720267040303306,0.4244622105002885,1.425863347894173,3.6141102777548832
48,025,01383798,0500000US48025,48025,Bee,Bee County,TX,Texas,06,2279809490,246409,48025,31083,13725,2262,218,156,0,11901,19208,"Bee County, Texas",44.155969501013416,7.277289836888332,0.7013480037319435,0.5018820577164366,0.0,38.28781005694431,61.795836952675096
41,037,01135854,0500000US41037,41037,Lake,Lake County,OR,Oregon,06,21078901105,568489460,41037,8267,6633,40,175,12,0,1167,896,"Lake County, Oregon",80.23466795693722,0.483851457602516,2.1168501270110074,0.1451554372807548,0.0,14.116366275553405,10.838272650296359
72,057,01804509,0500000US72057,72057,Guayama,Guayama Municipio,PR,Puerto Rico,13,168445342,108210431,72057,35298,12352,2975,59,0,0,14058,35213,"Guayama Municipio, Puerto Rico",34.99348405008782,8.428239560315031,0.16714828035582752,0.0,0.0,39.826619071902094,99.75919315541957
13,153,01671693,0500000US13153,13153,Houston,Houston County,GA,Georgia,06,973955122,9990192,13153,169649,91060,55017,499,5105,226,14422,12872,"Houston County, Georgia",53.675530065016595,32.42989938048559,0.2941367175757004,3.0091541948375764,0.1332162288018202,8.50108164504359,7.5874305183054425
48,469,01384020,0500000US48469,48469,Victoria,Victoria County,TX,Texas,06,2284593984,17476842,48469,91413,51754,5430,223,1160,67,25857,43995,"Victoria County, Texas",56.61557984094166,5.940074168881888,0.24394779735923774,1.2689661207924474,0.07329373283887412,28.285911194250268,48.12772800367562
37,045,01008547,0500000US37045,37045,Cleveland,Cleveland County,NC,North Carolina,06,1202400601,10177696,37045,100991,72350,18099,353,1098,64,6783,4792,"Cleveland County, North Carolina",71.64004713291283,17.9213989365389,0.3495360972759949,1.0872255943598934,0.06337198364210672,6.716440078818904,4.744977275202741
34,011,00882275,0500000US34011,34011,Cumberland,Cumberland County,NJ,New Jersey,06,1251948172,503663199,34011,153305,71835,26429,2784,2290,25,28443,54804,"Cumberland County, New Jersey",46.85757150777861,17.23948990574345,1.8159877368644206,1.4937542806823,0.01630736114281987,18.553210919409022,35.74834480284401
34,039,00882235,0500000US34039,34039,Union,Union County,NJ,New Jersey,06,266163569,6841269,34039,579290,228008,115397,3233,32637,96,81706,203905,"Union County, New Jersey",39.35990609194013,19.920419824267636,0.5580969807868252,5.633965716653144,0.016572010564656736,14.104507241623365,35.199123064440954
12,015,00295742,0500000US12015,12015,Charlotte,Charlotte County,FL,Florida,06,1764086777,689242502,12015,201064,167048,10406,184,2737,106,16060,16501,"Charlotte County, Florida",83.08200374010265,5.175466518123582,0.09151315004177775,1.361258106871444,0.052719532089285,7.987506465602992,8.20683961325747
01,123,00161587,0500000US01123,01123,Tallapoosa,Tallapoosa County,AL,Alabama,06,1855798001,128790973,01123,40938,27854,9587,102,260,0,2617,1183,"Tallapoosa County, Alabama",68.03947432703113,23.418339928672626,0.24915726220137768,0.6351067467878254,0.0,6.3925936782451505,2.889735697884606
26,081,01622983,0500000US26081,26081,Kent,Kent County,MI,Michigan,06,2198720086,59599778,26081,663150,480632,64774,3249,21353,127,71215,77304,"Kent County, Michigan",72.4771167910729,9.767624217748624,0.4899344039809998,3.21993515795823,0.019151021639146497,10.738897685289905,11.657091155847093
26,083,01622984,0500000US26083,26083,Keweenaw,Keweenaw County,MI,Michigan,06,1398883242,14053673396,26083,2133,1981,0,3,0,0,106,42,"Keweenaw County, Michigan",92.87388654477262,0.0,0.14064697609001406,0.0,0.0,4.96952648851383,1.969057665260197
49,035,01448031,0500000US49035,49035,Salt Lake,Salt Lake County,UT,Utah,06,1949876462,136855044,49035,1196523,841252,21947,12690,51261,18688,138479,246878,"Salt Lake County, Utah",70.30805091084751,1.8342313520091131,1.0605730102973365,4.284163363345293,1.5618588192621454,11.573450740186358,20.632950641149396
21,181,00516937,0500000US21181,21181,Nicholas,Nicholas County,KY,Kentucky,06,505839859,3936676,21181,7708,7413,91,16,0,0,181,80,"Nicholas County, Kentucky",96.17280747275558,1.180591593149974,0.2075765438505449,0.0,0.0,2.348209652309289,1.0378827192527245
22,087,01629542,0500000US22087,22087,St. Bernard,St. Bernard Parish,LA,Louisiana,15,977763283,4604190778,22087,44419,25906,10591,362,864,45,5531,6167,"St. Bernard Parish, Louisiana",58.32188928161373,23.843400346698484,0.8149665683603863,1.945113577523132,0.1013079988293298,12.451878700556069,13.883698417343929
51,061,01480120,0500000US51061,51061,Fauquier,Fauquier County,VA,Virginia,06,1678296035,9665552,51061,74577,59529,4688,156,1308,25,7223,9257,"Fauquier County, Virginia",79.8221971921638,6.286120385641686,0.20917977392493664,1.753891950601392,0.03352239966745779,9.685291711921906,12.412674148866271
13,145,00326700,0500000US13145,13145,Harris,Harris County,GA,Georgia,06,1201270829,23680869,13145,36086,27410,5615,53,237,0,1859,1785,"Harris County, Georgia",75.95743501634983,15.560050989303331,0.14687136285540098,0.6567643961647176,0.0,5.1515823310979325,4.946516654658317
42,059,01214033,0500000US42059,42059,Greene,Greene County,PA,Pennsylvania,06,1491658043,5296803,42059,34835,31901,967,23,75,0,1717,556,"Greene County, Pennsylvania",91.57743648629251,2.7759437347495335,0.06602554901679346,0.2153007033156308,0.0,4.9289507679058415,1.5960958805798766
51,069,01480124,0500000US51069,51069,Frederick,Frederick County,VA,Virginia,06,1070013827,5860366,51069,95008,75587,4235,554,1910,42,6695,11843,"Frederick County, Virginia",79.55856348939037,4.457519366790165,0.5831087908386662,2.0103570225665206,0.044206803637588415,7.046775008420343,12.46526608285618
13,071,00343936,0500000US13071,13071,Colquitt,Colquitt County,GA,Georgia,06,1416807490,24881028,13071,46224,25636,10546,662,421,0,3208,9617,"Colquitt County, Georgia",55.46036690896504,22.814987885081344,1.4321564555209414,0.9107822776047075,0.0,6.940117687781239,20.8052094150225
12,029,00295725,0500000US12029,12029,Dixie,Dixie County,FL,Florida,06,1826030991,876346111,12029,17058,14422,1067,81,31,0,1335,786,"Dixie County, Florida",84.54684019228515,6.255129557978662,0.47485051002462186,0.18173291124399107,0.0,7.826239887442841,4.607808652831516
46,059,01265783,0500000US46059,46059,Hand,Hand County,SD,South Dakota,06,3720862490,9284294,46059,3140,2899,15,45,3,0,74,65,"Hand County, South Dakota",92.32484076433121,0.47770700636942676,1.4331210191082804,0.09554140127388536,0.0,2.3566878980891723,2.0700636942675157
42,045,01209177,0500000US42045,42045,Delaware,Delaware County,PA,Pennsylvania,06,476068778,17591835,42045,579222,366265,128315,417,36677,304,33027,29222,"Delaware County, Pennsylvania",63.23395865488535,22.152991426430628,0.07199312180821861,6.332114456978499,0.052484194315823636,5.701958834436537,5.045043178608547
27,069,00659480,0500000US27069,27069,Kittson,Kittson County,MN,Minnesota,06,2846395543,12419294,27069,4084,3807,9,11,15,0,223,105,"Kittson County, Minnesota",93.21743388834476,0.22037218413320275,0.2693437806072478,0.3672869735553379,0.0,5.460333006856024,2.571008814887365
42,035,01214721,0500000US42035,42035,Clinton,Clinton County,PA,Pennsylvania,06,2304129844,23182053,42035,37798,35538,391,19,224,0,1327,719,"Clinton County, Pennsylvania",94.02084766389756,1.034446266998254,0.05026720990528599,0.5926239483570559,0.0,3.510767765490238,1.9022170485210859
39,115,01074070,0500000US39115,39115,Morgan,Morgan County,OH,Ohio,06,1078538282,13868572,39115,13651,12349,399,15,18,0,698,157,"Morgan County, Ohio",90.46223719874001,2.92286279393451,0.10988205992235002,0.13185847190682,0.0,5.1131785217200205,1.1500988938539303
44,009,01219782,0500000US44009,44009,Washington,Washington County,RI,Rhode Island,06,852827596,604769731,44009,130344,116802,1738,490,2844,62,6721,4968,"Washington County, Rhode Island",89.61056895599337,1.333394709384398,0.3759283127723562,2.1819186153562877,0.04756643957527773,5.156355490087767,3.811452771128706
06,095,00277312,0500000US06095,06095,Solano,Solano County,CA,California,06,2128287124,218615209,06095,451918,176960,57384,4002,73617,4428,75481,133953,"Solano County, California",39.15754628051992,12.697878818723751,0.8855588845764055,16.289902150390116,0.9798237733394111,16.702366358498665,29.640996818006805
36,111,00974153,0500000US36111,36111,Ulster,Ulster County,NY,New York,06,2911757764,94596810,36111,182601,136255,11342,751,3913,40,21612,22264,"Ulster County, New York",74.61897799026292,6.2113570024260545,0.41127923724404575,2.142923642258257,0.02190568507291855,11.835641644897892,12.192704311586464
01,125,00161588,0500000US01125,01125,Tuscaloosa,Tuscaloosa County,AL,Alabama,06,3420980041,78703449,01125,237552,142821,73434,817,3964,17,12684,13198,"Tuscaloosa County, Alabama",60.12199434229137,30.912810668821983,0.34392469859230823,1.6686872768909546,0.007156327877685728,5.33946251768034,5.555836195864485
28,011,00695730,0500000US28011,28011,Bolivar,Bolivar County,MS,Mississippi,06,2270141682,81446732,28011,29534,9162,18674,12,282,0,798,787,"Bolivar County, Mississippi",31.021873095415454,63.22882101984154,0.040631136994650235,0.9548317193742806,0.0,2.7019706101442402,2.6647254012324777
53,041,01531927,0500000US53041,53041,Lewis,Lewis County,WA,Washington,06,6223175362,86929744,53041,85154,70016,713,1203,1011,199,9250,9810,"Lewis County, Washington",82.22279634544472,0.8373065269981446,1.4127345750052847,1.187260727622895,0.23369424806820582,10.862672334828662,11.520304389693967
72,115,01804538,0500000US72115,72115,Quebradillas,Quebradillas Municipio,PR,Puerto Rico,13,58747704,30224116,72115,23409,12565,713,121,0,0,3571,23230,"Quebradillas Municipio, Puerto Rico",53.675936605579054,3.045837071211927,0.5168952112435389,0.0,0.0,15.254816523559315,99.23533683625956
72,141,01804551,0500000US72141,72141,Utuado,Utuado Municipio,PR,Puerto Rico,13,294045395,3982227,72141,27621,15608,515,19,79,0,2156,27185,"Utuado Municipio, Puerto Rico",56.507729626009194,1.864523369899714,0.06878824083125158,0.28601426450888817,0.0,7.805655117483075,98.42149089460918
54,081,01550047,0500000US54081,54081,Raleigh,Raleigh County,WV,West Virginia,06,1567910105,10328835,54081,73195,63941,5015,12,632,25,3209,1298,"Raleigh County, West Virginia",87.3570599084637,6.851560898968509,0.016394562470114078,0.8634469567593416,0.03415533847940433,4.3841792472163394,1.773345173850673
05,125,00067102,0500000US05125,05125,Saline,Saline County,AR,Arkansas,06,1873898565,17955554,05125,127479,102429,12001,286,1326,0,7871,9282,"Saline County, Arkansas",80.34970465723767,9.414099577185262,0.2243506773664682,1.0401713223354436,0.0,6.174350285145004,7.2811992563481045
20,091,00485010,0500000US20091,20091,Johnson,Johnson County,KS,Kansas,06,1226679687,16319024,20091,620631,487296,30711,1940,32405,174,54315,57813,"Johnson County, Kansas",78.51621978276947,4.948350952498345,0.3125850948470186,5.22129896830806,0.02803598273370167,8.751577024028771,9.315196952778704
48,277,01383925,0500000US48277,48277,Lamar,Lamar County,TX,Texas,06,2349976646,66748711,48277,50669,38037,6146,368,470,250,4236,4871,"Lamar County, Texas",75.06956916457794,12.129704553079792,0.7262823422605538,0.9275888610392943,0.4933983303400501,8.36014130928181,9.613373068345537
13,231,00346482,0500000US13231,13231,Pike,Pike County,GA,Georgia,06,559660487,8595984,13231,19903,17437,1671,9,124,33,422,455,"Pike County, Georgia",87.6099080540622,8.395719238305784,0.045219313671305834,0.6230216550268803,0.16580415012812139,2.1202833743656733,2.286087524493795
12,086,00295755,0500000US12086,12086,Miami-Dade,Miami-Dade County,FL,Florida,06,4920781681,1267531174,12086,2738356,725047,403015,6935,43196,561,1317855,1898211,"Miami-Dade County, Florida",26.47745581655563,14.71740708658772,0.2532541422663817,1.5774428160545961,0.020486744601505427,48.12577327418349,69.31936534183284
29,139,00758524,0500000US29139,29139,Montgomery,Montgomery County,MO,Missouri,06,1385765319,14100641,29139,11426,10635,97,71,9,15,555,266,"Montgomery County, Missouri",93.07719236828287,0.8489410117276388,0.6213898127078592,0.07876772273761597,0.1312795378960266,4.857342902152984,2.3280238053562052
13,185,00326720,0500000US13185,13185,Lowndes,Lowndes County,GA,Georgia,06,1287842352,34541790,13185,119965,62936,44625,378,2285,97,7333,8552,"Lowndes County, Georgia",52.46196807402159,37.1983495186096,0.31509190180469304,1.9047222106447714,0.08085691660067519,6.112616179719085,7.1287458842162295
16,019,00395407,0500000US16019,16019,Bonneville,Bonneville County,ID,Idaho,06,4832847348,88880595,16019,129523,109136,566,1058,1181,184,10994,18769,"Bonneville County, Idaho",84.25993838932082,0.4369880252928051,0.8168433405649963,0.911807169383044,0.14205971140260804,8.48806775630583,14.490862626714945
06,115,00277322,0500000US06115,06115,Yuba,Yuba County,CA,California,06,1636887866,31084093,06115,84507,45485,3355,1509,6730,463,16617,26003,"Yuba County, California",53.823943578638456,3.9700853183759923,1.7856508928254462,7.9638373152519915,0.547883607275137,19.663459831729917,30.770232051782692
13,317,00351265,0500000US13317,13317,Wilkes,Wilkes County,GA,Georgia,06,1216001422,11896927,13317,9549,4938,3773,14,117,0,338,463,"Wilkes County, Georgia",51.712221174992145,39.51199078437533,0.1466122107026914,1.2252591894439209,0.0,3.539637658393549,4.848675253953293
17,071,00424237,0500000US17071,17071,Henderson,Henderson County,IL,Illinois,06,981068795,42565932,17071,6193,5824,19,41,11,0,215,76,"Henderson County, Illinois",94.0416599386404,0.3067979977393832,0.6620377845955111,0.17761989342806395,0.0,3.471661553366704,1.2271919909575328
16,015,00395157,0500000US16015,16015,Boise,Boise County,ID,Idaho,06,4919826442,19104286,16015,8273,7017,22,103,125,2,775,422,"Boise County, Idaho",84.81808292034329,0.2659252991659615,1.2450139006406382,1.5109391998065997,0.024175027196905598,9.367823038800918,5.100930738547081
34,007,00882273,0500000US34007,34007,Camden,Camden County,NJ,New Jersey,06,573324566,15689888,34007,527257,287612,101050,2484,31500,213,51940,101417,"Camden County, New Jersey",54.54873050523749,19.165226824869087,0.47111750057372404,5.974316130463891,0.04039775669170822,9.850983486231572,19.23483234930973
51,175,01480171,0500000US51175,51175,Southampton,Southampton County,VA,Virginia,06,1551909770,8090235,51175,17964,11038,5240,57,140,0,1370,453,"Southampton County, Virginia",61.44511244711646,29.169450011133378,0.3173012692050768,0.779336450679136,0.0,7.626363838788689,2.5217100868403475
29,017,00758463,0500000US29017,29017,Bollinger,Bollinger County,MO,Missouri,06,1600364576,8530122,29017,10559,10007,89,3,5,0,395,175,"Bollinger County, Missouri",94.77223221896013,0.8428828487546169,0.028411781418694954,0.04735296903115825,0.0,3.7408845534615023,1.6573539160905388
37,143,01025841,0500000US37143,37143,Perquimans,Perquimans County,NC,North Carolina,06,640173980,211755191,37143,13244,9332,2820,7,55,2,749,424,"Perquimans County, North Carolina",70.4620960434914,21.292660827544548,0.052854122621564484,0.41528239202657813,0.015101177891875567,5.6553911205073994,3.20144971307762
48,299,01383935,0500000US48299,48299,Llano,Llano County,TX,Texas,06,2419217897,82338677,48299,22424,19606,65,53,142,0,1884,2995,"Llano County, Texas",87.43310738494469,0.28986799857295753,0.23635390652871924,0.6332500891901534,0.0,8.401712450945416,13.356225472707814
54,007,01550010,0500000US54007,54007,Braxton,Braxton County,WV,West Virginia,06,1322796522,14344826,54007,12208,10610,70,0,11,0,1496,69,"Braxton County, West Virginia",86.91022280471822,0.573394495412844,0.0,0.09010484927916121,0.0,12.254259501965924,0.5652031454783748
72,107,01804534,0500000US72107,72107,Orocovis,Orocovis Municipio,PR,Puerto Rico,13,164788358,402899,72107,21309,4489,1442,0,0,0,11674,21164,"Orocovis Municipio, Puerto Rico",21.066216152799285,6.76709371627012,0.0,0.0,0.0,54.78436341451969,99.31953634614482
72,077,01804519,0500000US72077,72077,Juncos,Juncos Municipio,PR,Puerto Rico,13,68609110,323994,72077,36829,10066,5798,34,51,0,8784,36724,"Juncos Municipio, Puerto Rico",27.33172228406962,15.743028591599012,0.09231855331396453,0.13847782997094682,0.0,23.850769773819543,99.71489858535392
72,047,01804503,0500000US72047,72047,Corozal,Corozal Municipio,PR,Puerto Rico,13,110248542,16284,72047,34444,6704,2154,31,22,0,17645,34319,"Corozal Municipio, Puerto Rico",19.463476948089653,6.253629079084891,0.09000116130530716,0.06387179189408895,0.0,51.228080362327255,99.63709209151087
31,063,00835853,0500000US31063,31063,Frontier,Frontier County,NE,Nebraska,06,2524283363,14110080,31063,2569,2362,7,6,10,0,125,126,"Frontier County, Nebraska",91.94239003503309,0.2724795640326975,0.23355391202802647,0.3892565200467108,0.0,4.865706500583885,4.904632152588556
21,097,00516895,0500000US21097,21097,Harrison,Harrison County,KY,Kentucky,06,793722604,8855951,21097,19140,17927,334,11,16,0,741,446,"Harrison County, Kentucky",93.662486938349,1.7450365726227797,0.05747126436781609,0.08359456635318704,0.0,3.8714733542319744,2.330198537095089
18,089,00450495,0500000US18089,18089,Lake,Lake County,IN,Indiana,06,1292091640,330868827,18089,500379,274459,115462,2582,8064,79,59863,104584,"Lake County, Indiana",54.85022353056384,23.074909218812138,0.5160088652801177,1.6115784235549453,0.015788032671235207,11.963531643014596,20.9009570745375
42,073,01213676,0500000US42073,42073,Lawrence,Lawrence County,PA,Pennsylvania,06,925591727,11423645,42073,85024,76055,3223,11,252,0,4592,1872,"Lawrence County, Pennsylvania",89.45121377493413,3.790694392171622,0.012937523522770042,0.2963869025216409,0.0,5.400828001505458,2.201731275875047
42,079,01209183,0500000US42079,42079,Luzerne,Luzerne County,PA,Pennsylvania,06,2304768924,42104649,42079,327675,248337,16461,370,3957,322,31825,56836,"Luzerne County, Pennsylvania",75.78759441519799,5.023575188830396,0.11291676203555354,1.2075989929045547,0.09826810101472495,9.712367437247273,17.345235370412755
22,053,00558039,0500000US22053,22053,Jefferson Davis,Jefferson Davis Parish,LA,Louisiana,15,1687430141,18666917,22053,31924,24691,4629,89,61,0,2147,806,"Jefferson Davis Parish, Louisiana",77.34306477884977,14.500062648790879,0.2787871194085954,0.19107881217892494,0.0,6.725347700789374,2.5247462723969427
42,095,01209185,0500000US42095,42095,Northampton,Northampton County,PA,Pennsylvania,06,957745648,19058424,42095,318580,236417,20188,635,9781,155,31528,49253,"Northampton County, Pennsylvania",74.20961767844811,6.336869860003767,0.19932199133655595,3.070186452382447,0.04865339946010421,9.89641534308494,15.460166991022664
36,103,00974149,0500000US36103,36103,Suffolk,Suffolk County,NY,New York,06,2359277250,3787418039,36103,1530146,1007146,114943,6949,68632,190,181580,348579,"Suffolk County, New York",65.8202550606282,7.511897557487979,0.45413967033211206,4.485323622713127,0.012417115752353042,11.866841464801398,22.7807673254709
15,007,00365282,0500000US15007,15007,Kauai,Kauai County,HI,Hawaii,06,1605351812,1674384756,15007,73731,21863,639,146,22560,7288,20053,7804,"Kauai County, Hawaii",29.652385021225808,0.8666639541034301,0.19801711627402313,30.59771330919152,9.884580434281375,27.19751529207525,10.584421749332032
16,025,00399408,0500000US16025,16025,Camas,Camas County,ID,Idaho,06,2782253888,11548054,16025,1124,867,0,21,0,0,179,157,"Camas County, Idaho",77.13523131672598,0.0,1.8683274021352312,0.0,0.0,15.92526690391459,13.967971530249109
29,107,00758508,0500000US29107,29107,Lafayette,Lafayette County,MO,Missouri,06,1627237795,27073170,29107,33115,30066,514,80,123,0,1826,1155,"Lafayette County, Missouri",90.79269213347425,1.5521666918314962,0.24158236448739243,0.37143288539936586,0.0,5.514117469424732,3.487845387286728
37,177,01026332,0500000US37177,37177,Tyrrell,Tyrrell County,NC,North Carolina,06,1012106670,534571696,37177,3423,1962,1123,5,0,0,150,263,"Tyrrell County, North Carolina",57.31814198071867,32.80747881974876,0.1460706982179375,0.0,0.0,4.382120946538125,7.683318726263512
08,033,00198132,0500000US08033,08033,Dolores,Dolores County,CO,Colorado,06,2763958508,2716141,08033,2432,2029,0,62,0,0,211,241,"Dolores County, Colorado",83.42927631578947,0.0,2.549342105263158,0.0,0.0,8.675986842105262,9.90953947368421
08,051,00198141,0500000US08051,08051,Gunnison,Gunnison County,CO,Colorado,06,8389334152,53070998,08051,17241,15012,284,108,158,13,1288,1727,"Gunnison County, Colorado",87.07151557334262,1.6472362391972621,0.6264137811031842,0.9164201612435474,0.0754016588364944,7.470564352415752,10.01682037004814
31,139,00835891,0500000US31139,31139,Pierce,Pierce County,NE,Nebraska,06,1484707280,3481943,31139,7325,6897,29,32,15,0,311,198,"Pierce County, Nebraska",94.15699658703072,0.3959044368600682,0.43686006825938567,0.20477815699658702,0.0,4.2457337883959045,2.7030716723549486
04,025,00042809,0500000US04025,04025,Yavapai,Yavapai County,AZ,Arizona,06,21038299575,11356180,04025,245480,197911,1273,3727,2819,298,28173,37748,"Yavapai County, Arizona",80.62204660257454,0.5185758513931888,1.5182499592634837,1.148362392048232,0.1213948183151377,11.476698712726089,15.377220140133616
01,049,00161550,0500000US01049,01049,DeKalb,DeKalb County,AL,Alabama,06,2012620262,4107136,01049,72269,57561,975,1215,142,517,4717,12382,"DeKalb County, Alabama",79.6482585894367,1.3491261813502333,1.6812187798364444,0.1964881207710083,0.7153828059057133,6.52700327941441,17.133210643567782
46,111,01266977,0500000US46111,46111,Sanborn,Sanborn County,SD,South Dakota,06,1474329183,3132216,46111,2384,2214,0,56,0,0,91,123,"Sanborn County, South Dakota",92.86912751677853,0.0,2.348993288590604,0.0,0.0,3.8171140939597317,5.159395973154362
53,007,01531932,0500000US53007,53007,Chelan,Chelan County,WA,Washington,06,7565814948,189653434,53007,80172,53704,425,887,661,110,11514,23247,"Chelan County, Washington",66.98598014269321,0.5301102629346904,1.1063713017013421,0.8244773736466596,0.13720500923015516,14.36162251160006,28.9964077233947
51,087,01480133,0500000US51087,51087,Henrico,Henrico County,VA,Virginia,06,605279581,28879696,51087,335744,169578,98584,745,31613,169,23327,23193,"Henrico County, Virginia",50.50812523827678,29.362847884102173,0.22189525352649636,9.415804898970645,0.05033597026305757,6.947853126191383,6.907941765154403
48,245,01383908,0500000US48245,48245,Jefferson,Jefferson County,TX,Texas,06,2270732117,611205479,48245,253878,101964,83680,1566,9630,77,36198,61240,"Jefferson County, Texas",40.162597783187195,32.960713413529334,0.6168317065677215,3.7931604944107016,0.030329528356139564,14.258029447214804,24.12182229259723
27,083,00659487,0500000US27083,27083,Lyon,Lyon County,MN,Minnesota,06,1850315111,18794794,27083,25503,20844,672,171,1148,2,1508,2014,"Lyon County, Minnesota",81.73156099282437,2.634984119515351,0.6705093518409598,4.501431204172058,0.007842214641414736,5.913029839626711,7.897110143904638
47,125,01639777,0500000US47125,47125,Montgomery,Montgomery County,TN,Tennessee,06,1396441789,12068782,47125,234153,146834,45681,743,6107,655,28477,26629,"Montgomery County, Tennessee",62.70857089168194,19.509038961704526,0.317313893052833,2.6081237481475785,0.2797316284651488,12.16170623481228,11.372478678470914
56,003,01605067,0500000US56003,56003,Big Horn,Big Horn County,WY,Wyoming,06,8124681752,55228616,56003,11828,10444,79,89,66,63,681,1143,"Big Horn County, Wyoming",88.29895164017584,0.6679066621575922,0.7524518092661481,0.5579979709164694,0.5326344267839026,5.757524518092662,9.663510314507947
05,067,00066861,0500000US05067,05067,Jackson,Jackson County,AR,Arkansas,06,1641044497,20284490,05067,16712,12571,2541,78,59,0,1171,544,"Jackson County, Arkansas",75.22139779798947,15.204643370033507,0.46673049305887987,0.3530397319291527,0.0,7.006941120153183,3.2551460028721877
05,069,00066862,0500000US05069,05069,Jefferson,Jefferson County,AR,Arkansas,06,2259364695,113071689,05069,64802,24047,36593,238,500,145,2456,1735,"Jefferson County, Arkansas",37.108422579550016,56.468936143946166,0.3672726150427456,0.7715811240393815,0.22375852597142062,3.790006481281442,2.677386500416654
31,027,00835835,0500000US31027,31027,Cedar,Cedar County,NE,Nebraska,06,1917222677,14511196,31027,8315,7945,12,18,24,0,181,211,"Cedar County, Nebraska",95.55021046301863,0.14431749849669273,0.2164762477450391,0.28863499699338546,0.0,2.1767889356584487,2.5375826819001803
06,027,01804637,0500000US06027,06027,Inyo,Inyo County,CA,California,06,26410783053,77280938,06027,18739,11541,98,2113,279,19,3775,4529,"Inyo County, California",61.588131703932966,0.5229734777736272,11.275948556486473,1.488873472437163,0.1013928171193767,20.145151822402475,24.168845722824056
51,670,01498428,0500000US51670,51670,Hopewell,Hopewell city,VA,Virginia,25,26817673,1228128,51670,22959,9436,10004,6,247,15,2469,2052,"Hopewell city, Virginia",41.09935101703036,43.57332636438869,0.026133542401672545,1.0758308288688532,0.06533385600418136,10.753952698288254,8.93767150137201
22,101,01629492,0500000US22101,22101,St. Mary,St. Mary Parish,LA,Louisiana,15,1446578733,1453492316,22101,47828,27202,13832,731,466,7,4229,4705,"St. Mary Parish, Louisiana",56.87463410554487,28.9202977335452,1.5283934097181566,0.9743246633771013,0.014635778205235428,8.842100861420088,9.837333779376097
42,129,01209191,0500000US42129,42129,Westmoreland,Westmoreland County,PA,Pennsylvania,06,2661762744,21294228,42129,352500,323709,9148,295,3406,75,14267,5692,"Westmoreland County, Pennsylvania",91.83234042553191,2.595177304964539,0.08368794326241136,0.9662411347517731,0.02127659574468085,4.047375886524822,1.6147517730496455
54,087,01550050,0500000US54087,54087,Roane,Roane County,WV,West Virginia,06,1252422375,404682,54087,13786,13227,3,7,34,5,495,167,"Roane County, West Virginia",95.94516175830553,0.02176120702161613,0.050776149717104306,0.24662701291164948,0.03626867836936022,3.5905991585666617,1.2113738575366315
17,043,00422191,0500000US17043,17043,DuPage,DuPage County,IL,Illinois,06,849088844,22153880,17043,930024,602548,46090,4229,121134,273,100060,149533,"DuPage County, Illinois",64.78843556725418,4.955786087240759,0.45471944810026405,13.024825165802174,0.029354081185001674,10.758862136891091,16.07840227779068
21,089,00516891,0500000US21089,21089,Greenup,Greenup County,KY,Kentucky,06,892130684,25867697,21089,35501,33780,255,29,211,0,1178,420,"Greenup County, Kentucky",95.15224923241598,0.7182896256443481,0.08168783977916115,0.5943494549449311,0.0,3.3182163882707534,1.1830652657671616
24,037,01697853,0500000US24037,24037,St. Mary's,St. Mary's County,MD,Maryland,06,928676345,1050726154,24037,115126,82070,16847,130,3062,6,10645,7072,"St. Mary's County, Maryland",71.28711151260359,14.633531956291367,0.11291975748310547,2.6596945954866844,0.005211681114604868,9.246390910828136,6.142834807080937
21,095,00516894,0500000US21095,21095,Harlan,Harlan County,KY,Kentucky,06,1206493478,6014134,21095,25772,24269,328,56,58,10,984,135,"Harlan County, Kentucky",94.16808939934813,1.27269905323607,0.21729008225981686,0.22505044234052463,0.03880180040353872,3.8180971597082105,0.5238243054477728
30,071,01720023,0500000US30071,30071,Phillips,Phillips County,MT,Montana,06,13313630162,185493134,30071,4221,3425,34,316,34,13,369,46,"Phillips County, Montana",81.14190950011846,0.8054963278843875,7.486377635631366,0.8054963278843875,0.3079838900734423,8.742004264392325,1.089789149490642
42,111,01209188,0500000US42111,42111,Somerset,Somerset County,PA,Pennsylvania,06,2784357760,17118618,42111,72799,68331,1909,13,415,1,1726,1127,"Somerset County, Pennsylvania",93.86255305704748,2.622288767702853,0.01785738815093614,0.5700627755875767,0.001373645242379703,2.3709116883473675,1.5480981881619253
12,059,00295735,0500000US12059,12059,Holmes,Holmes County,FL,Florida,06,1240232910,26393540,12059,19513,16522,1124,72,121,17,1233,716,"Holmes County, Florida",84.67175729001178,5.760262389176447,0.3689847793778506,0.6200994208988879,0.08712140624199252,6.318864346845693,3.6693486393686263
23,003,00581287,0500000US23003,23003,Aroostook,Aroostook County,ME,Maine,06,17278035038,404869424,23003,67058,62391,508,847,239,62,2737,1148,"Aroostook County, Maine",93.04035312714367,0.7575531629335799,1.263085687017209,0.35640788571087717,0.0924572757911062,4.081541352262221,1.7119508485191923
38,093,01034224,0500000US38093,38093,Stutsman,Stutsman County,ND,North Dakota,06,5754703484,197271625,38093,21549,19542,558,363,122,0,823,696,"Stutsman County, North Dakota",90.68634275372406,2.589447306139496,1.6845329249617151,0.5661515615573809,0.0,3.8192027472272496,3.2298482528191563
30,037,01723078,0500000US30037,30037,Golden Valley,Golden Valley County,MT,Montana,06,3041740574,2621792,30037,899,813,7,7,0,1,68,39,"Golden Valley County, Montana",90.43381535038932,0.778642936596218,0.778642936596218,0.0,0.11123470522803114,7.563959955506118,4.338153503893214
39,061,01074043,0500000US39061,39061,Hamilton,Hamilton County,OH,Ohio,06,1050120461,18612559,39061,830774,525380,200129,1676,22631,572,64928,39995,"Hamilton County, Ohio",63.23982214176178,24.08946356048697,0.20173958260609987,2.7240862135791444,0.06885145659348993,7.8153625414372625,4.814185325973129
49,013,01448021,0500000US49013,49013,Duchesne,Duchesne County,UT,Utah,06,8379965573,38811228,49013,20185,17567,29,677,97,97,1297,1509,"Duchesne County, Utah",87.02997275204359,0.14367104285360416,3.3539757245479316,0.4805548674758484,0.4805548674758484,6.4255635372801585,7.4758484022789204
49,041,01448034,0500000US49041,49041,Sevier,Sevier County,UT,Utah,06,4948109945,20139931,49041,22085,20340,25,152,72,42,1032,1171,"Sevier County, Utah",92.09870953135612,0.11319900384876612,0.688249943400498,0.32601313108444646,0.1901743264659271,4.672854878877066,5.302241340276206
49,047,01448037,0500000US49047,49047,Uintah,Uintah County,UT,Utah,06,11610607590,55966014,49047,37056,30969,184,1489,316,57,3540,3249,"Uintah County, Utah",83.57351036269431,0.4965457685664939,4.018242659758204,0.8527633851468048,0.15382124352331605,9.553108808290157,8.767810880829016
19,061,00465219,0500000US19061,19061,Dubuque,Dubuque County,IA,Iowa,06,1575486019,21140740,19061,99030,88050,2932,39,1354,802,4977,3234,"Dubuque County, Iowa",88.91245077249317,2.9607189740482682,0.03938200545289307,1.367262445723518,0.8098555993133394,5.0257497727961224,3.2656770675552864
30,025,01688745,0500000US30025,30025,Fallon,Fallon County,MT,Montana,06,4197320396,5915331,30025,2760,2545,0,62,0,0,153,4,"Fallon County, Montana",92.21014492753623,0.0,2.246376811594203,0.0,0.0,5.543478260869565,0.14492753623188406
42,001,01213656,0500000US42001,42001,Adams,Adams County,PA,Pennsylvania,06,1343400757,7771555,42001,106115,94377,1952,347,1000,21,5042,8213,"Adams County, Pennsylvania",88.93841586957546,1.8395137350987139,0.32700372237666686,0.9423738397022099,0.019789850633746407,4.751448899778542,7.73971634547425
02,066,02804401,0500000US02066,02066,Copper River,Copper River Census Area,AK,Alaska,05,63952335592,1217429937,02066,2626,1405,5,820,20,18,336,151,"Copper River Census Area, Alaska",53.5034272658035,0.19040365575019041,31.226199543031225,0.7616146230007617,0.6854531607006854,12.795125666412796,5.75019040365575
47,133,01639780,0500000US47133,47133,Overton,Overton County,TN,Tennessee,06,1122727661,3486591,47133,23065,21856,318,28,56,8,618,512,"Overton County, Tennessee",94.75829178408844,1.3787123347062649,0.12139605462822459,0.24279210925644917,0.03468458703663559,2.6793843485800997,2.219813570344678
39,055,01074040,0500000US39055,39055,Geauga,Geauga County,OH,Ohio,06,1036793138,20701156,39055,95481,88963,922,42,478,4,4342,1868,"Geauga County, Ohio",93.17351096029577,0.9656371424681349,0.04398780909290854,0.5006231606288162,0.004189315151705575,4.547501597176402,1.9564101758465033
22,023,00558488,0500000US22023,22023,Cameron,Cameron Parish,LA,Louisiana,15,3327199807,1688890183,22023,5015,4304,166,79,0,0,465,26,"Cameron Parish, Louisiana",85.82253240279162,3.310069790628116,1.5752741774675973,0.0,0.0,9.272183449651047,0.518444666001994
48,349,01383960,0500000US48349,48349,Navarro,Navarro County,TX,Texas,06,2615116305,197615409,48349,54711,31901,5149,297,496,364,11259,17568,"Navarro County, Texas",58.30820127579462,9.411270128493356,0.5428524428359928,0.9065818573961361,0.6653141050245838,20.579042605691725,32.11054449745024
40,085,01101830,0500000US40085,40085,Love,Love County,OK,Oklahoma,06,1331031195,47500219,40085,10261,7233,213,438,79,5,1796,1867,"Love County, Oklahoma",70.49020563297924,2.075821070071143,4.2685898060617875,0.7699054673033817,0.04872819413312543,17.503167332618652,18.195107689309033
55,003,01581061,0500000US55003,55003,Ashland,Ashland County,WI,Wisconsin,06,2706458787,3230728319,55003,16080,13326,83,1532,119,1,974,476,"Ashland County, Wisconsin",82.8731343283582,0.5161691542288558,9.5273631840796,0.740049751243781,0.006218905472636815,6.057213930348259,2.960199004975124
26,033,01622959,0500000US26033,26033,Chippewa,Chippewa County,MI,Michigan,06,4036515582,2952489040,26033,36295,24576,2058,4892,262,11,4065,825,"Chippewa County, Michigan",67.71180603388896,5.670202507232401,13.478440556550488,0.7218625154980025,0.03030720484915278,11.199889791982367,2.2730403636864582
30,081,01719582,0500000US30081,30081,Ravalli,Ravalli County,MT,Montana,06,6192574711,24289479,30081,46727,42013,181,317,319,4,3340,1928,"Ravalli County, Montana",89.9116142701222,0.3873563464378197,0.6784086288441372,0.6826888094677596,0.008560361247244633,7.14790164144927,4.1260941211719135
30,029,01719611,0500000US30029,30029,Flathead,Flathead County,MT,Montana,06,13175846363,437160633,30029,110695,100831,236,976,931,4,6705,4076,"Flathead County, Montana",91.08902841140069,0.21319842811328427,0.8817019738922264,0.8410497312435069,0.003613532679886174,6.057184154659199,3.682189800804011
40,033,01101804,0500000US40033,40033,Cotton,Cotton County,OK,Oklahoma,06,1638523151,23986260,40033,5485,4272,92,334,5,0,650,424,"Cotton County, Oklahoma",77.88514129443938,1.6773017319963537,6.089334548769371,0.09115770282588878,0.0,11.850501367365544,7.730173199635369
40,067,01101821,0500000US40067,40067,Jefferson,Jefferson County,OK,Oklahoma,06,1965685985,39417590,40067,5380,4276,65,219,3,0,725,589,"Jefferson County, Oklahoma",79.47955390334572,1.20817843866171,4.070631970260223,0.055762081784386616,0.0,13.475836431226766,10.947955390334572
29,179,00758544,0500000US29179,29179,Reynolds,Reynolds County,MO,Missouri,06,2093946390,15373678,29179,6010,5503,89,14,14,0,339,104,"Reynolds County, Missouri",91.5640599001664,1.480865224625624,0.23294509151414308,0.23294509151414308,0.0,5.640599001663894,1.7304492512479204
12,077,00308549,0500000US12077,12077,Liberty,Liberty County,FL,Florida,06,2164099094,19582444,12077,7687,6025,908,37,18,4,472,489,"Liberty County, Florida",78.37908156628073,11.812150383764799,0.48133211916222196,0.2341615714843242,0.05203590477429426,6.1402367633667225,6.3613893586574735
04,015,00025445,0500000US04015,04015,Mohave,Mohave County,AZ,Arizona,06,34530024781,333398757,04015,220517,175733,2377,3771,2554,411,23928,37708,"Mohave County, Arizona",79.6913616637266,1.0779214300938251,1.7100722393284873,1.1581873506350986,0.18638018837549938,10.850864105715205,17.099815433730733
21,105,00516899,0500000US21105,21105,Hickman,Hickman County,KY,Kentucky,06,627634138,27735813,21105,4439,3838,362,2,12,0,200,116,"Hickman County, Kentucky",86.46091462041,8.154989862581663,0.04505519261094841,0.27033115566569044,0.0,4.505519261094841,2.613201171435008
23,029,00581300,0500000US23029,23029,Washington,Washington County,ME,Maine,06,6637438306,1799878157,23029,31331,27575,340,1463,107,21,1657,796,"Washington County, Maine",88.01187322460183,1.0851871947911014,4.66949666464524,0.3415147936548466,0.06702626791356803,5.288691711084868,2.5406147266285783
22,113,00559538,0500000US22113,22113,Vermilion,Vermilion Parish,LA,Louisiana,15,3035611921,932167176,22113,57123,44444,7352,65,1128,266,3369,2574,"Vermilion Parish, Louisiana",77.80403690282374,12.870472489189993,0.11378954186579836,1.9746862034557007,0.4656618174815748,5.8977994853211495,4.506065857885615
30,087,01716795,0500000US30087,30087,Rosebud,Rosebud County,MT,Montana,06,12971010183,44234227,30087,8165,4365,5,3016,186,1,462,299,"Rosebud County, Montana",53.45988977342315,0.0612369871402327,36.93815064298837,2.2780159216166567,0.01224739742804654,5.658297611757501,3.6619718309859155
27,007,00659449,0500000US27007,27007,Beltrami,Beltrami County,MN,Minnesota,06,6486994911,1425755980,27007,46512,32778,480,8972,287,28,3490,1187,"Beltrami County, Minnesota",70.47213622291022,1.0319917440660475,19.28964568283454,0.6170450636394909,0.06019951840385277,7.503439972480221,2.55202958376333
40,131,01101853,0500000US40131,40131,Rogers,Rogers County,OK,Oklahoma,06,1750176497,92946097,40131,98610,69557,938,12492,1835,71,12228,6085,"Rogers County, Oklahoma",70.53747084474192,0.9512219855998377,12.668086400973532,1.860866037927188,0.07200081127674679,12.400365074536051,6.170773755197242
41,063,01155135,0500000US41063,41063,Wallowa,Wallowa County,OR,Oregon,06,8147835328,14191752,41063,7553,6793,99,11,22,0,428,315,"Wallowa County, Oregon",89.9377730703032,1.3107374553157687,0.14563749503508538,0.29127499007017077,0.0,5.666622534092413,4.170528266913809
48,053,01383812,0500000US48053,48053,Burnet,Burnet County,TX,Texas,06,2576520277,69861743,48053,52652,41755,656,356,377,28,6584,12318,"Burnet County, Texas",79.30373015270075,1.2459165843652662,0.6761376585884677,0.7160221833928435,0.05317936640583453,12.504748157714808,23.39512269239535
13,289,00345456,0500000US13289,13289,Twiggs,Twiggs County,GA,Georgia,06,930478093,8740237,13289,7803,4293,3075,45,76,0,216,88,"Twiggs County, Georgia",55.017301038062286,39.407920030757396,0.5767012687427913,0.9739843649878251,0.0,2.768166089965398,1.1277713699859029
26,097,01622991,0500000US26097,26097,Mackinac,Mackinac County,MI,Michigan,06,2646654800,2793754477,26097,10957,7852,525,1502,67,7,917,247,"Mackinac County, Michigan",71.66195126403213,4.79145751574336,13.708131787898148,0.6114812448662955,0.06388610020991148,8.369079127498402,2.2542666788354477
47,089,01639759,0500000US47089,47089,Jefferson,Jefferson County,TN,Tennessee,06,712639829,101435633,47089,56864,51517,844,36,318,1,3006,2648,"Jefferson County, Tennessee",90.59686268992684,1.484243106359032,0.06330894766460327,0.5592290377039955,0.001758581879572313,5.286297129994373,4.656724817107484
40,151,01101863,0500000US40151,40151,Woods,Woods County,OK,Oklahoma,06,3331971779,9081295,40151,8596,7392,229,234,3,0,579,641,"Woods County, Oklahoma",85.99348534201955,2.664029781293625,2.7221963704048395,0.034899953466728716,0.0,6.735691019078641,7.456956724057701
12,127,00306921,0500000US12127,12127,Volusia,Volusia County,FL,Florida,06,2851876607,858119458,12127,579622,410175,61378,1529,11546,271,48117,94499,"Volusia County, Florida",70.76594746231164,10.58931510536177,0.26379260966629975,1.9919878817574213,0.04675460903830427,8.301444734671907,16.3035564557591
72,017,01804488,0500000US72017,72017,Barceloneta,Barceloneta Municipio,PR,Puerto Rico,13,48421896,31649450,72017,22494,1728,620,77,292,0,14731,22339,"Barceloneta Municipio, Puerto Rico",7.682048546279008,2.756290566373255,0.34231350582377523,1.298123944162888,0.0,65.48857473103938,99.31092735840669
48,095,01383833,0500000US48095,48095,Concho,Concho County,TX,Texas,06,2547914005,25740025,48095,3328,2248,158,0,56,0,797,1062,"Concho County, Texas",67.54807692307693,4.747596153846153,0.0,1.6826923076923077,0.0,23.948317307692307,31.911057692307693
47,149,01639787,0500000US47149,47149,Rutherford,Rutherford County,TN,Tennessee,06,1603892838,12406556,47149,360646,237834,53479,667,13222,1130,37911,43964,"Rutherford County, Tennessee",65.94666237806602,14.82866855586919,0.1849459026302801,3.666198987372659,0.313326641637506,10.511970186831409,12.190347321195855
40,103,01101839,0500000US40103,40103,Noble,Noble County,OK,Oklahoma,06,1895123224,28103707,40103,10897,8631,30,697,30,15,1234,511,"Noble County, Oklahoma",79.20528585849317,0.2753051298522529,6.3962558502340086,0.2753051298522529,0.13765256492612646,11.324217674589336,4.689364045150041
30,059,01719600,0500000US30059,30059,Meagher,Meagher County,MT,Montana,06,6194909925,7475979,30059,2007,1921,15,29,0,0,42,65,"Meagher County, Montana",95.71499750871948,0.7473841554559043,1.4449427005480817,0.0,0.0,2.092675635276532,3.2386646736422517
39,023,01074024,0500000US39023,39023,Clark,Clark County,OH,Ohio,06,1025322040,14608569,39023,135158,111360,10868,156,814,119,8988,5733,"Clark County, Ohio",82.39245919590405,8.040959469657734,0.11542047085633111,0.6022580979298303,0.08804510276861155,6.649994820876308,4.241702303970168
31,123,00835883,0500000US31123,31123,Morrill,Morrill County,NE,Nebraska,06,3687911916,15923124,31123,4534,3748,3,50,13,13,583,668,"Morrill County, Nebraska",82.66431407146008,0.06616674018526687,1.102779003087781,0.2867225408028231,0.2867225408028231,12.85840317600353,14.733127481252756
29,109,00758509,0500000US29109,29109,Lawrence,Lawrence County,MO,Missouri,06,1584393363,4247256,29109,38593,34058,107,225,187,16,2786,3263,"Lawrence County, Missouri",88.24916435623041,0.2772523514627005,0.5830072811131553,0.4845438291918224,0.04145829554582437,7.218925711916668,8.454901147876557
51,167,01497573,0500000US51167,51167,Russell,Russell County,VA,Virginia,06,1226421378,7558481,51167,25538,24711,287,35,23,59,349,180,"Russell County, Virginia",96.76168846424935,1.1238154906413973,0.1370506695904143,0.09006186858798654,0.2310282715952698,1.3665909624872739,0.7048320150364163
40,089,01101835,0500000US40089,40089,McCurtain,McCurtain County,OK,Oklahoma,06,4793496603,133942698,40089,30863,18542,2409,4444,321,506,3963,2148,"McCurtain County, Oklahoma",60.07841104234844,7.805462851958655,14.399118685805009,1.0400803551177786,1.6395036127401743,12.84061821598678,6.959790039853546
01,105,00161579,0500000US01105,01105,Perry,Perry County,AL,Alabama,06,1863936201,10902207,01105,8031,2236,5720,0,5,0,58,17,"Perry County, Alabama",27.842111816710247,71.22400697297971,0.0,0.06225874735400323,0.0,0.7222014693064376,0.21167974100361103
54,043,01550028,0500000US54043,54043,Lincoln,Lincoln County,WV,West Virginia,06,1132065764,4053564,54043,19902,19306,1,27,103,0,451,164,"Lincoln County, West Virginia",97.0053260978796,0.005024620641141594,0.13566475731082303,0.5175359260375841,0.0,2.2661039091548587,0.8240377851472214
17,125,00424261,0500000US17125,17125,Mason,Mason County,IL,Illinois,06,1396914848,62748513,17125,12745,12058,96,54,52,0,418,205,"Mason County, Illinois",94.60965084346803,0.7532365633581797,0.4236955668889761,0.40800313848568065,0.0,3.2797175362887407,1.6084739113377795
